title,date,category,link
Former Nurse Aide Indicted In Death Of Clarksville Patient Arrested In Georgia,2024-01-03,Former Nurse Aide Indicted In Death Of Clarksville Patient Arrested In Georgia,https://oig.hhs.gov/fraud/enforcement/former-nurse-aide-indicted-in-death-of-clarksville-patient-arrested-in-georgia/
Laredo Resident Admits To Impersonating Licensed Nurse,2024-01-03,Laredo Resident Admits To Impersonating Licensed Nurse,https://oig.hhs.gov/fraud/enforcement/laredo-resident-admits-to-impersonating-licensed-nurse/
"Recover-Care Plaza West Care Center Agreed to Pay $211,000 for Allegedly Violating the Civil Monetary Penalties Law by Employing an Excluded Individual",2024-01-04,"Recover-Care Plaza West Care Center Agreed to Pay $211,000 for Allegedly Violating the Civil Monetary Penalties Law by Employing an Excluded Individual",https://oig.hhs.gov/fraud/enforcement/recover-care-plaza-west-care-center-agreed-to-pay-211000-for-allegedly-violating-the-civil-monetary-penalties-law-by-employing-an-excluded-individual/
Patricia Perez Agreed to Be Excluded for 7 Years for Allegedly Paying Improper Remuneration,2024-01-04,Patricia Perez Agreed to Be Excluded for 7 Years for Allegedly Paying Improper Remuneration,https://oig.hhs.gov/fraud/enforcement/patricia-perez-agreed-to-be-excluded-for-7-years-for-allegedly-paying-improper-remuneration/
Memphis-Based Methodist Le Bonheur Healthcare And Methodist Healthcare-Memphis Hospitals Pay $7.25 Million To Settle Allegations That They Violated The False Claims Act,2024-01-04,Memphis-Based Methodist Le Bonheur Healthcare And Methodist Healthcare-Memphis Hospitals Pay $7.25 Million To Settle Allegations That They Violated The False Claims Act,https://oig.hhs.gov/fraud/enforcement/memphis-based-methodist-le-bonheur-healthcare-and-methodist-healthcare-memphis-hospitals-pay-725-million-to-settle-allegations-that-they-violated-the-false-claims-act/
"Maury County Caregiver Charged With Financial Exploitation, Theft",2024-01-04,"Maury County Caregiver Charged With Financial Exploitation, Theft",https://oig.hhs.gov/fraud/enforcement/maury-county-caregiver-charged-with-financial-exploitation-theft/
"Athletico Management, PT Network, and Dynamic Therapy Services Agreed to Pay $51,000 for Allegedly Violating the Civil Monetary Penalties Law by Employing an Excluded Individual",2024-01-04,"Athletico Management, PT Network, and Dynamic Therapy Services Agreed to Pay $51,000 for Allegedly Violating the Civil Monetary Penalties Law by Employing an Excluded Individual",https://oig.hhs.gov/fraud/enforcement/athletico-management-pt-network-and-dynamic-therapy-services-agreed-to-pay-51000-for-allegedly-violating-the-civil-monetary-penalties-law-by-employing-an-excluded-individual/
Florida Research Hospital Agrees To Pay More Than $19.5 Million To Resolve Liability Relating To Self-Disclosure Of Improper Billing For Clinical Trial Costs,2024-01-04,Florida Research Hospital Agrees To Pay More Than $19.5 Million To Resolve Liability Relating To Self-Disclosure Of Improper Billing For Clinical Trial Costs,https://oig.hhs.gov/fraud/enforcement/florida-research-hospital-agrees-to-pay-more-than-195-million-to-resolve-liability-relating-to-self-disclosure-of-improper-billing-for-clinical-trial-costs/
Two Florida Residents Sentenced for $93M Health Care Fraud and Money Laundering Scheme,2024-01-05,Two Florida Residents Sentenced for $93M Health Care Fraud and Money Laundering Scheme,https://oig.hhs.gov/fraud/enforcement/two-florida-residents-sentenced-for-93m-health-care-fraud-and-money-laundering-scheme/
Shelton Man Sentenced on Charge of Cruelty to Persons,2024-01-05,Shelton Man Sentenced on Charge of Cruelty to Persons,https://oig.hhs.gov/fraud/enforcement/shelton-man-sentenced-on-charge-of-cruelty-to-persons/
Home Healthcare Company Agrees to Pay Nearly $10 Million to Resolve False Claims Act Allegations Relating to Its Participation in the Energy Employees Occupational Illness Compensation Program,2024-01-05,Home Healthcare Company Agrees to Pay Nearly $10 Million to Resolve False Claims Act Allegations Relating to Its Participation in the Energy Employees Occupational Illness Compensation Program,https://oig.hhs.gov/fraud/enforcement/home-healthcare-company-agrees-to-pay-nearly-10-million-to-resolve-false-claims-act-allegations-relating-to-its-participation-in-the-energy-employees-occupational-illness-compensation-program/
Larue County Couple Sentenced to Over Two Years in Federal Prison for Conspiring to Sell Hydrocodone and Oxycodone Stolen from Pharmacy,2024-01-08,Larue County Couple Sentenced to Over Two Years in Federal Prison for Conspiring to Sell Hydrocodone and Oxycodone Stolen from Pharmacy,https://oig.hhs.gov/fraud/enforcement/larue-county-couple-sentenced-to-over-two-years-in-federal-prison-for-conspiring-to-sell-hydrocodone-and-oxycodone-stolen-from-pharmacy/
"Independence Home Healthcare and Jose Vincente Perez Agreed to Pay $377,000 and Be Excluded for 20 Years for Allegedly Violating the Civil Monetary Penalties Law by Employing an Excluded Individual and Paying Improper Remuneration",2024-01-08,"Independence Home Healthcare and Jose Vincente Perez Agreed to Pay $377,000 and Be Excluded for 20 Years for Allegedly Violating the Civil Monetary Penalties Law by Employing an Excluded Individual and Paying Improper Remuneration",https://oig.hhs.gov/fraud/enforcement/independence-home-healthcare-and-jose-vincente-perez-agreed-to-pay-377000-and-be-excluded-for-20-years-for-allegedly-violating-the-civil-monetary-penalties-law-by-employing-an-excluded-individual-and-paying-improper-remuneration/
Nine Indicted in Federal Health Care Fraud Probe,2024-01-09,Nine Indicted in Federal Health Care Fraud Probe,https://oig.hhs.gov/fraud/enforcement/nine-indicted-in-federal-health-care-fraud-probe/
"Attorney General Josh Stein Reaches $61,000 Medicaid Fraud Settlement with Burlington Provider",2024-01-10,"Attorney General Josh Stein Reaches $61,000 Medicaid Fraud Settlement with Burlington Provider",https://oig.hhs.gov/fraud/enforcement/attorney-general-josh-stein-reaches-61000-medicaid-fraud-settlement-with-burlington-provider/
"Good Samaritan EMS Agreed to Pay $33,000 for Allegedly Violating the Civil Monetary Penalties Law by Submitting Claims for Services Provided by an Unlicensed Individual",2024-01-10,"Good Samaritan EMS Agreed to Pay $33,000 for Allegedly Violating the Civil Monetary Penalties Law by Submitting Claims for Services Provided by an Unlicensed Individual",https://oig.hhs.gov/fraud/enforcement/good-samaritan-ems-agreed-to-pay-33000-for-allegedly-violating-the-civil-monetary-penalties-law-by-submitting-claims-for-services-provided-by-an-unlicensed-individual/
New Jersey Laboratory and Its Owner and CEO Agree to Pay Over $13 Million to Settle Allegations of Kickbacks and Unnecessary Testing,2024-01-10,New Jersey Laboratory and Its Owner and CEO Agree to Pay Over $13 Million to Settle Allegations of Kickbacks and Unnecessary Testing,https://oig.hhs.gov/fraud/enforcement/new-jersey-laboratory-and-its-owner-and-ceo-agree-to-pay-over-13-million-to-settle-allegations-of-kickbacks-and-unnecessary-testing/
Attorney General Alan Wilson announces two employees charged with stealing from assisted-living home residents in Chester,2024-01-11,Attorney General Alan Wilson announces two employees charged with stealing from assisted-living home residents in Chester,https://oig.hhs.gov/fraud/enforcement/attorney-general-alan-wilson-announces-two-employees-charged-with-stealing-from-assisted-living-home-residents-in-chester/
"St. Louis Area Doctors Accused of Illegally Administering Ketamine, Health Care Fraud",2024-01-11,"St. Louis Area Doctors Accused of Illegally Administering Ketamine, Health Care Fraud",https://oig.hhs.gov/fraud/enforcement/st-louis-area-doctors-accused-of-illegally-administering-ketamine-health-care-fraud/
Carla Jackson Agreed to Be Excluded for7 Years for Allegedly Receiving Improper Remuneration,2024-01-12,Carla Jackson Agreed to Be Excluded for7 Years for Allegedly Receiving Improper Remuneration,https://oig.hhs.gov/fraud/enforcement/carla-jackson-agreed-to-be-excluded-for7-years-for-allegedly-receiving-improper-remuneration/
"Dr. Evan Kardon Agreed to Pay $210,000 and Be Excluded for 10 Years for Allegedly Receiving Remuneration in Exchange for Ordering Durable Medical Equipment and Genetic Tests",2024-01-12,"Dr. Evan Kardon Agreed to Pay $210,000 and Be Excluded for 10 Years for Allegedly Receiving Remuneration in Exchange for Ordering Durable Medical Equipment and Genetic Tests",https://oig.hhs.gov/fraud/enforcement/dr-evan-kardon-agreed-to-pay-210000-and-be-excluded-for-10-years-for-allegedly-receiving-remuneration-in-exchange-for-ordering-durable-medical-equipment-and-genetic-tests/
Shreveport Woman Pleads Guilty to Defrauding Medicaid,2024-01-12,Shreveport Woman Pleads Guilty to Defrauding Medicaid,https://oig.hhs.gov/fraud/enforcement/shreveport-woman-pleads-guilty-to-defrauding-medicaid/
"Jackson Health System Agreed to Pay $233,000 for Allegedly Violating Patient Dumping Statute by Failing to Provide Appropriate Medical Screening Examinations and Stabilizing Treatment",2024-01-12,"Jackson Health System Agreed to Pay $233,000 for Allegedly Violating Patient Dumping Statute by Failing to Provide Appropriate Medical Screening Examinations and Stabilizing Treatment",https://oig.hhs.gov/fraud/enforcement/jackson-health-system-agreed-to-pay-233000-for-allegedly-violating-patient-dumping-statute-by-failing-to-provide-appropriate-medical-screening-examinations-and-stabilizing-treatment/
New Jersey Hospital and Investors to Pay the United States $30.6 Million for Alleged False Claims Related to Excessive Cost Outlier Payments,2024-01-16,New Jersey Hospital and Investors to Pay the United States $30.6 Million for Alleged False Claims Related to Excessive Cost Outlier Payments,https://oig.hhs.gov/fraud/enforcement/new-jersey-hospital-and-investors-to-pay-the-united-states-306-million-for-alleged-false-claims-related-to-excessive-cost-outlier-payments/
Richmond Clinic Owners Agree To Settle Allegations Regarding Acupuncture Devices,2024-01-16,Richmond Clinic Owners Agree To Settle Allegations Regarding Acupuncture Devices,https://oig.hhs.gov/fraud/enforcement/richmond-clinic-owners-agree-to-settle-allegations-regarding-acupuncture-devices/
"Southern Oregon Hospital System and Physician Agree to Pay $430,000 to Settle Health Care Fraud Allegations",2024-01-16,"Southern Oregon Hospital System and Physician Agree to Pay $430,000 to Settle Health Care Fraud Allegations",https://oig.hhs.gov/fraud/enforcement/southern-oregon-hospital-system-and-physician-agree-to-pay-430000-to-settle-health-care-fraud-allegations/
"Nebula Health and Deepak Rajpoot, MD Agreed to Pay $393,000 for Allegedly Violating the Civil Monetary Penalties Law by Submitting Claims Not Provided as Claimed",2024-01-17,"Nebula Health and Deepak Rajpoot, MD Agreed to Pay $393,000 for Allegedly Violating the Civil Monetary Penalties Law by Submitting Claims Not Provided as Claimed",https://oig.hhs.gov/fraud/enforcement/nebula-health-and-deepak-rajpoot-md-agreed-to-pay-393000-for-allegedly-violating-the-civil-monetary-penalties-law-by-submitting-claims-not-provided-as-claimed/
AmeriHealth Clinics Consent To A $2 Million Judgment To Resolve Healthcare Fraud Allegations,2024-01-17,AmeriHealth Clinics Consent To A $2 Million Judgment To Resolve Healthcare Fraud Allegations,https://oig.hhs.gov/fraud/enforcement/amerihealth-clinics-consent-to-a-2-million-judgment-to-resolve-healthcare-fraud-allegations/
Advocare Agreed to Pay $2.2 Million for Allegedly Violating the Civil Monetary Penalties Law by Paying Remuneration in the Form of Bonus Payments,2024-01-18,Advocare Agreed to Pay $2.2 Million for Allegedly Violating the Civil Monetary Penalties Law by Paying Remuneration in the Form of Bonus Payments,https://oig.hhs.gov/fraud/enforcement/advocare-agreed-to-pay-22-million-for-allegedly-violating-the-civil-monetary-penalties-law-by-paying-remuneration-in-the-form-of-bonus-payments/
"New York Man Sentenced to Federal Prison and Pays $850,000 in Civil Fines and Restitution for Durable Medical Equipment Scheme",2024-01-18,"New York Man Sentenced to Federal Prison and Pays $850,000 in Civil Fines and Restitution for Durable Medical Equipment Scheme",https://oig.hhs.gov/fraud/enforcement/new-york-man-sentenced-to-federal-prison-and-pays-850000-in-civil-fines-and-restitution-for-durable-medical-equipment-scheme/
Former Pharmacy President Sentenced To Three Years In Prison For $32 Million Health Care Kickback Scheme,2024-01-18,Former Pharmacy President Sentenced To Three Years In Prison For $32 Million Health Care Kickback Scheme,https://oig.hhs.gov/fraud/enforcement/former-pharmacy-president-sentenced-to-three-years-in-prison-for-32-million-health-care-kickback-scheme/
"TriStar Greenview Regional Hospital Agreed to Pay $90,000 for Allegedly Violating Patient Dumping Statute by Failing to Treat a Patient with an Emergency Medical Condition",2024-01-18,"TriStar Greenview Regional Hospital Agreed to Pay $90,000 for Allegedly Violating Patient Dumping Statute by Failing to Treat a Patient with an Emergency Medical Condition",https://oig.hhs.gov/fraud/enforcement/tristar-greenview-regional-hospital-agreed-to-pay-90000-for-allegedly-violating-patient-dumping-statute-by-failing-to-treat-a-patient-with-an-emergency-medical-condition/
Dr. Lloyd Costello Agreed to Be Excluded for 7 Years for Allegedly Prescribing Medically Unnecessary Drugs,2024-01-19,Dr. Lloyd Costello Agreed to Be Excluded for 7 Years for Allegedly Prescribing Medically Unnecessary Drugs,https://oig.hhs.gov/fraud/enforcement/dr-lloyd-costello-agreed-to-be-excluded-for-7-years-for-allegedly-prescribing-medically-unnecessary-drugs/
AG Campbell Announces Settlements With Three Temporary Nurse Staffing Agencies For Overcharging Long-Term Care Facilities,2024-01-19,AG Campbell Announces Settlements With Three Temporary Nurse Staffing Agencies For Overcharging Long-Term Care Facilities,https://oig.hhs.gov/fraud/enforcement/ag-campbell-announces-settlements-with-three-temporary-nurse-staffing-agencies-for-overcharging-long-term-care-facilities/
Former MercyOne Nurse Sentenced for Conspiracy to Acquire Controlled Substances and Possession of Child Pornography,2024-01-22,Former MercyOne Nurse Sentenced for Conspiracy to Acquire Controlled Substances and Possession of Child Pornography,https://oig.hhs.gov/fraud/enforcement/former-mercyone-nurse-sentenced-for-conspiracy-to-acquire-controlled-substances-and-possession-of-child-pornography/
Former CEO of Whittier Health Clinic Sentenced to More Than 10 Years in Prison for Running Multimillion-Dollar Scheme to Defraud Medi-Cal,2024-01-22,Former CEO of Whittier Health Clinic Sentenced to More Than 10 Years in Prison for Running Multimillion-Dollar Scheme to Defraud Medi-Cal,https://oig.hhs.gov/fraud/enforcement/more-than-10-years-in-prison-for-running-multimillion-dollar-scheme-to-defraud-medi-cal/
"Susquehanna Township Emergency Medical Services Agreed to Pay $122,000 for Allegedly Violating the Civil Monetary Penalties Law by Submitting Claims for Services that Relied on Falsified Documents",2024-01-23,"Susquehanna Township Emergency Medical Services Agreed to Pay $122,000 for Allegedly Violating the Civil Monetary Penalties Law by Submitting Claims for Services that Relied on Falsified Documents",https://oig.hhs.gov/fraud/enforcement/susquehanna-township-emergency-medical-services-agreed-to-pay-122000-for-allegedly-violating-the-civil-monetary-penalties-law-by-submitting-claims-for-services-that-relied-on-falsified-documents/
Current and Former Owners of Center City Philadelphia Pharmacy Agree to Pay Over $4.6 Million to Resolve Civil Investigations of Improper Medicare and Medicaid Billing,2024-01-23,Current and Former Owners of Center City Philadelphia Pharmacy Agree to Pay Over $4.6 Million to Resolve Civil Investigations of Improper Medicare and Medicaid Billing,https://oig.hhs.gov/fraud/enforcement/current-and-former-owners-of-center-city-philadelphia-pharmacy-agree-to-pay-over-46-million-to-resolve-civil-investigations-of-improper-medicare-and-medicaid-billing/
Columbia Physician Indicted for False Statements to Medicare,2024-01-24,Columbia Physician Indicted for False Statements to Medicare,https://oig.hhs.gov/fraud/enforcement/columbia-physician-indicted-for-false-statements-to-medicare/
New Hanover County Social Worker Pleads Guilty to Conspiring to Defraud Medicaid,2024-01-24,New Hanover County Social Worker Pleads Guilty to Conspiring to Defraud Medicaid,https://oig.hhs.gov/fraud/enforcement/new-hanover-county-social-worker-pleads-guilty-to-conspiring-to-defraud-medicaid/
Arapahoe Man Sentenced For Assault Resulting In Serious Bodily Injury And Theft From An Indian Organization,2024-01-24,Arapahoe Man Sentenced For Assault Resulting In Serious Bodily Injury And Theft From An Indian Organization,https://oig.hhs.gov/fraud/enforcement/arapahoe-man-sentenced-for-assault-resulting-in-serious-bodily-injury-and-theft-from-an-indian-organization/
Attorney General Griffin Announces Medicaid Fraud Conviction,2024-01-25,Attorney General Griffin Announces Medicaid Fraud Conviction,https://oig.hhs.gov/fraud/enforcement/attorney-general-griffin-announces-medicaid-fraud-conviction/
Former Federal Agent Sentenced To Prison For Witness Tampering And Obstructing Justice,2024-01-25,Former Federal Agent Sentenced To Prison For Witness Tampering And Obstructing Justice,https://oig.hhs.gov/fraud/enforcement/former-federal-agent-sentenced-to-prison-for-witness-tampering-and-obstructing-justice/
Assistant Convicted at Trial of Amniotic Fluid Scam,2024-01-25,Assistant Convicted at Trial of Amniotic Fluid Scam,https://oig.hhs.gov/fraud/enforcement/assistant-convicted-at-trial-of-amniotic-fluid-scam/
"New York Presbyterian Hospital Pays Over $800,000 to Settle Claims that Physician Practices Improperly Billed Government Health Care Programs",2024-01-25,"New York Presbyterian Hospital Pays Over $800,000 to Settle Claims that Physician Practices Improperly Billed Government Health Care Programs",https://oig.hhs.gov/fraud/enforcement/new-york-presbyterian-hospital-pays-over-800000-to-settle-claims-that-physician-practices-improperly-billed-government-health-care-programs/
Durable Medical Equipment Companies to Pay Millions in False Claims Settlement,2024-01-26,Durable Medical Equipment Companies to Pay Millions in False Claims Settlement,https://oig.hhs.gov/fraud/enforcement/durable-medical-equipment-companies-to-pay-millions-in-false-claims-settlement/
United States and State of Washington File False Claims Act Complaint Against MultiCare for Knowingly Endangering Patients and Fraudulently Billing for Spinal Surgery Procedures,2024-01-26,United States and State of Washington File False Claims Act Complaint Against MultiCare for Knowingly Endangering Patients and Fraudulently Billing for Spinal Surgery Procedures,https://oig.hhs.gov/fraud/enforcement/united-states-and-state-of-washington-file-false-claims-act-complaint-against-multicare-for-knowingly-endangering-patients-and-fraudulently-billing-for-spinal-surgery-procedures/
Memphis Woman Arrested Following TennCare Fraud Investigation,2024-01-26,Memphis Woman Arrested Following TennCare Fraud Investigation,https://oig.hhs.gov/fraud/enforcement/memphis-woman-arrested-following-tenncare-fraud-investigation/
Houston Dental Clinic Operator Convicted In $6M Pediatric Fraud Scheme,2024-01-26,Houston Dental Clinic Operator Convicted In $6M Pediatric Fraud Scheme,https://oig.hhs.gov/fraud/enforcement/houston-dental-clinic-operator-convicted-in-6m-pediatric-fraud-scheme/
Former Nurse Sentenced to Federal Prison for Stealing Fentanyl and Other Controlled Substances,2024-01-26,Former Nurse Sentenced to Federal Prison for Stealing Fentanyl and Other Controlled Substances,https://oig.hhs.gov/fraud/enforcement/former-nurse-sentenced-to-federal-prison-for-stealing-fentanyl-and-other-controlled-substances/
"Four Plead Guilty to Healthcare Offenses, Including Doctor and Lab Owners",2024-01-29,"Four Plead Guilty to Healthcare Offenses, Including Doctor and Lab Owners",https://oig.hhs.gov/fraud/enforcement/four-plead-guilty-to-healthcare-offenses-including-doctor-and-lab-owners/
"Doctor Agrees to Pay $95,000 to Settle Allegations of Health Care Fraud",2024-01-29,"Doctor Agrees to Pay $95,000 to Settle Allegations of Health Care Fraud",https://oig.hhs.gov/fraud/enforcement/doctor-agrees-to-pay-95000-to-settle-allegations-of-health-care-fraud/
Home Health Company Owner Sentenced for Nearly $2.8M Medicare Fraud,2024-01-30,Home Health Company Owner Sentenced for Nearly $2.8M Medicare Fraud,https://oig.hhs.gov/fraud/enforcement/home-health-company-owner-sentenced-for-nearly-28m-medicare-fraud/
Florida Man Arrested For Role In Multimillion-Dollar Medicare Scheme Based On Fraudulent Billing For Durable Medical Equipment,2024-01-30,Florida Man Arrested For Role In Multimillion-Dollar Medicare Scheme Based On Fraudulent Billing For Durable Medical Equipment,https://oig.hhs.gov/fraud/enforcement/florida-man-arrested-for-role-in-multimillion-dollar-medicare-scheme-based-on-fraudulent-billing-for-durable-medical-equipment/
Kentucky Lab Agrees to $4.9 Million Civil Judgment and Drug Treatment Center Enters Settlement to Pay $2.2 Million to Resolve False Claims Act Allegations,2024-01-30,Kentucky Lab Agrees to $4.9 Million Civil Judgment and Drug Treatment Center Enters Settlement to Pay $2.2 Million to Resolve False Claims Act Allegations,https://oig.hhs.gov/fraud/enforcement/kentucky-lab-agrees-to-49-million-civil-judgment-and-drug-treatment-center-enters-settlement-to-pay-22-million-to-resolve-false-claims-act-allegations/
Serial Health Care Fraudster Sentenced for $234M Medicare Fraud Scheme,2024-01-30,Serial Health Care Fraudster Sentenced for $234M Medicare Fraud Scheme,https://oig.hhs.gov/fraud/enforcement/serial-health-care-fraudster-sentenced-for-234m-medicare-fraud-scheme/
Former Employee of Eye For Change Youth and Family Services Sentenced to Prison for Fraudulent Medicaid Billing Practices,2024-01-31,Former Employee of Eye For Change Youth and Family Services Sentenced to Prison for Fraudulent Medicaid Billing Practices,https://oig.hhs.gov/fraud/enforcement/former-employee-of-eye-for-change-youth-and-family-services-sentenced-to-prison-for-fraudulent-medicaid-billing-practices/
Former Blackfeet Tribal Operations Manager Admits Stealing Tribal COVID-19 Relief Funding,2024-01-31,Former Blackfeet Tribal Operations Manager Admits Stealing Tribal COVID-19 Relief Funding,https://oig.hhs.gov/fraud/enforcement/former-blackfeet-tribal-operations-manager-admits-stealing-tribal-covid-19-relief-funding/
"UnityPoint Health Agreed to Pay $890,000 for Allegedly Violating the Civil Monetary Penalties Law by Submitting Claims for Services that Did Not Meet Coverage Criteria",2024-01-31,"UnityPoint Health Agreed to Pay $890,000 for Allegedly Violating the Civil Monetary Penalties Law by Submitting Claims for Services that Did Not Meet Coverage Criteria",https://oig.hhs.gov/fraud/enforcement/unitypoint-health-agreed-to-pay-890000-for-allegedly-violating-the-civil-monetary-penalties-law-by-submitting-claims-for-services-that-did-not-meet-coverage-criteria/
"Advocates Agreed to Pay $22,000 for Allegedly Violating the Civil Monetary Penalties Law by Employing an Excluded Individual",2024-01-31,"Advocates Agreed to Pay $22,000 for Allegedly Violating the Civil Monetary Penalties Law by Employing an Excluded Individual",https://oig.hhs.gov/fraud/enforcement/advocates-agreed-to-pay-22000-for-allegedly-violating-the-civil-monetary-penalties-law-by-employing-an-excluded-individual/
Glastonbury Psychologist Admits Defrauding Medicaid of More Than $1.6 Million,2024-01-31,Glastonbury Psychologist Admits Defrauding Medicaid of More Than $1.6 Million,https://oig.hhs.gov/fraud/enforcement/glastonbury-psychologist-admits-defrauding-medicaid-of-more-than-16-million/
"University of Texas Southwestern Medical Center Agreed to Pay $39,000 for Allegedly Violating the Civil Monetary Penalties Law by Submitting Claims for Services Not Provided as Claimed",2024-01-31,"University of Texas Southwestern Medical Center Agreed to Pay $39,000 for Allegedly Violating the Civil Monetary Penalties Law by Submitting Claims for Services Not Provided as Claimed",https://oig.hhs.gov/fraud/enforcement/university-of-texas-southwestern-medical-center-agreed-to-pay-39000-for-allegedly-violating-the-civil-monetary-penalties-law-by-submitting-claims-for-services-not-provided-as-claimed/
Baltimore County Serial Fraudster Sentenced to Five Years in Federal Prison and Ordered to Pay $4.2 Million in Restitution,2024-02-01,Baltimore County Serial Fraudster Sentenced to Five Years in Federal Prison and Ordered to Pay $4.2 Million in Restitution,https://oig.hhs.gov/fraud/enforcement/baltimore-county-serial-fraudster-sentenced-to-five-years-in-federal-prison-and-ordered-to-pay-42-million-in-restitution/
"Man Sentenced for $336M Health Care Fraud, Wire Fraud, and Identity Theft Scheme",2024-02-02,"Man Sentenced for $336M Health Care Fraud, Wire Fraud, and Identity Theft Scheme",https://oig.hhs.gov/fraud/enforcement/man-sentenced-for-336m-health-care-fraud-wire-fraud-and-identity-theft-scheme/
"St. Peters Physician Pleads Guilty to False Statements, Resulting in $1.4 Million Medicare and Medicaid Fraud",2024-02-02,"St. Peters Physician Pleads Guilty to False Statements, Resulting in $1.4 Million Medicare and Medicaid Fraud",https://oig.hhs.gov/fraud/enforcement/st-peters-physician-pleads-guilty-to-false-statements-resulting-in-14-million-medicare-and-medicaid-fraud/
Pomona Hospital Agrees to Pay More Than $2 Million after Self-Reporting Overbilling of Medi-Cal for Prescription Medications,2024-02-02,Pomona Hospital Agrees to Pay More Than $2 Million after Self-Reporting Overbilling of Medi-Cal for Prescription Medications,https://oig.hhs.gov/fraud/enforcement/pomona-hospital-agrees-to-pay-more-than-2-million-after-self-reporting-overbilling-of-medi-cal-for-prescription-medications/
LabTox Agreed to Be Excluded for 20 Years for Allegedly Submitting False Claims for Drug Testing,2024-02-02,LabTox Agreed to Be Excluded for 20 Years for Allegedly Submitting False Claims for Drug Testing,https://oig.hhs.gov/fraud/enforcement/labtox-agreed-to-be-excluded-for-20-years-for-allegedly-submitting-false-claims-for-drug-testing/
TennCare Fraud Investigation Leads to Indictment of Newport Man,2024-02-05,TennCare Fraud Investigation Leads to Indictment of Newport Man,https://oig.hhs.gov/fraud/enforcement/tenncare-fraud-investigation-leads-to-indictment-of-newport-man/
Attorney General Bonta Announces $2.1 Million Settlement Against Pomona Hospital for Medi-Cal Fraud,2024-02-05,Attorney General Bonta Announces $2.1 Million Settlement Against Pomona Hospital for Medi-Cal Fraud,https://oig.hhs.gov/fraud/enforcement/attorney-general-bonta-announces-21-million-settlement-against-pomona-hospital-for-medi-cal-fraud/
False Claims Act Complaint Filed Against Former President and Co-Owner of Mobile Cardiac PET Scan Provider,2024-02-05,False Claims Act Complaint Filed Against Former President and Co-Owner of Mobile Cardiac PET Scan Provider,https://oig.hhs.gov/fraud/enforcement/false-claims-act-complaint-filed-against-former-president-and-co-owner-of-mobile-cardiac-pet-scan-provider/
AG Campbell Reaches $1.6M Settlement with North Dartmouth Ambulance Companies to Resolve False Billing Allegations,2024-02-06,AG Campbell Reaches $1.6M Settlement with North Dartmouth Ambulance Companies to Resolve False Billing Allegations,https://oig.hhs.gov/fraud/enforcement/ag-campbell-reaches-16m-settlement-with-north-dartmouth-ambulance-companies-to-resolve-false-billing-allegations/
Attorney General Raoul Obtains Conviction Of Physician Who Defrauded State Out Of More Than $1 Million Of Medicaid Funding,2024-02-06,Attorney General Raoul Obtains Conviction Of Physician Who Defrauded State Out Of More Than $1 Million Of Medicaid Funding,https://oig.hhs.gov/fraud/enforcement/attorney-general-raoul-obtains-conviction-of-physician-who-defrauded-state-out-of-more-than-1-million-of-medicaid-funding/
"Tri-Med Family Care Agreed to Pay $500,000 and Enter into a Compliance Agreement for Allegedly Violating the Civil Monetary Penalties Law by Inappropriately Drawing Down Funds from HHS Grants",2024-02-07,"Tri-Med Family Care Agreed to Pay $500,000 and Enter into a Compliance Agreement for Allegedly Violating the Civil Monetary Penalties Law by Inappropriately Drawing Down Funds from HHS Grants",https://oig.hhs.gov/fraud/enforcement/tri-med-family-care-agreed-to-pay-500000-and-enter-into-a-compliance-agreement-for-allegedly-violating-the-civil-monetary-penalties-law-by-inappropriately-drawing-down-funds-from-hhs-grants/
Pharmacy Owner and Administrator Admit Roles in Multimillion-Dollar Health Care Fraud and Kickback Scheme,2024-02-07,Pharmacy Owner and Administrator Admit Roles in Multimillion-Dollar Health Care Fraud and Kickback Scheme,https://oig.hhs.gov/fraud/enforcement/pharmacy-owner-and-administrator-admit-roles-in-multimillion-dollar-health-care-fraud-and-kickback-scheme/
"Charlotte Gastroenterology & Hepatology Agreed to Pay $389,000 for Allegedly Violating the Civil Monetary Penalties Law by Submitting Claims for Incident-to Services Not Covered",2024-02-07,"Charlotte Gastroenterology & Hepatology Agreed to Pay $389,000 for Allegedly Violating the Civil Monetary Penalties Law by Submitting Claims for Incident-to Services Not Covered",https://oig.hhs.gov/fraud/enforcement/charlotte-gastroenterology-hepatology-agreed-to-pay-389000-for-allegedly-violating-the-civil-monetary-penalties-law-by-submitting-claims-for-incident-to-services-not-covered/
"SBS Therapy Centers, Cherry Hill CORF, and Washington Township CORF, Agreed to Pay $500,000 for Allegedly Violating the Civil Monetary Penalties Law by Submitting Claims for Therapy Services that Were Not Provided as Claimed",2024-02-07,"SBS Therapy Centers, Cherry Hill CORF, and Washington Township CORF, Agreed to Pay $500,000 for Allegedly Violating the Civil Monetary Penalties Law by Submitting Claims for Therapy Services that Were Not Provided as Claimed",https://oig.hhs.gov/fraud/enforcement/sbs-therapy-centers-cherry-hill-corf-and-washington-township-corf-agreed-to-pay-500000-for-allegedly-violating-the-civil-monetary-penalties-law-by-submitting-claims-for-therapy-services-that-were-not-provided-as-claimed/
Penn State Health Agrees To Pay More Than Eleven Million Dollars Following Its Voluntary Disclosure Of Improper Billings Related To Medicare Annual Wellness Visit Services,2024-02-07,Penn State Health Agrees To Pay More Than Eleven Million Dollars Following Its Voluntary Disclosure Of Improper Billings Related To Medicare Annual Wellness Visit Services,https://oig.hhs.gov/fraud/enforcement/penn-state-health-agrees-to-pay-more-than-eleven-million-dollars-following-its-voluntary-disclosure-of-improper-billings-related-to-medicare-annual-wellness-visit-services/
Florida Man Admits Role in Multimillion-Dollar Health Care Kickback Scheme,2024-02-08,Florida Man Admits Role in Multimillion-Dollar Health Care Kickback Scheme,https://oig.hhs.gov/fraud/enforcement/florida-man-admits-role-in-multimillion-dollar-health-care-kickback-scheme/
Former Maryland Dentist Sentenced After Pleading Guilty To Stealing More Than $8 Million Dollars From Medicaid,2024-02-09,Former Maryland Dentist Sentenced After Pleading Guilty To Stealing More Than $8 Million Dollars From Medicaid,https://oig.hhs.gov/fraud/enforcement/former-maryland-dentist-sentenced-after-pleading-guilty-to-stealing-more-than-8-million-dollars-from-medicaid/
"Visiting Nurse Health System Agreed to Pay $104,000 for Allegedly Violating the Civil Monetary Penalties Law by Submitting Claims for Services Provided by an Unlicensed Individual",2024-02-09,"Visiting Nurse Health System Agreed to Pay $104,000 for Allegedly Violating the Civil Monetary Penalties Law by Submitting Claims for Services Provided by an Unlicensed Individual",https://oig.hhs.gov/fraud/enforcement/visiting-nurse-health-system-agreed-to-pay-104000-for-allegedly-violating-the-civil-monetary-penalties-law-by-submitting-claims-for-services-provided-by-an-unlicensed-individual/
"Lexington Doctor Found Guilty Of Engaging In International Money Laundering Scheme, Importing Illegal Merchandise And Receipt And Delivery Of A Misbranded Drug",2024-02-09,"Lexington Doctor Found Guilty Of Engaging In International Money Laundering Scheme, Importing Illegal Merchandise And Receipt And Delivery Of A Misbranded Drug",https://oig.hhs.gov/fraud/enforcement/lexington-doctor-found-guilty-of-engaging-in-international-money-laundering-scheme-importing-illegal-merchandise-and-receipt-and-delivery-of-a-misbranded-drug/
Florida Felon Admits Role In Multi-Million Dollar Health Care Kickback Scheme After Pleading Guilty To COVID-19 Fraud And Unlawfully Possessing Firearms,2024-02-09,Florida Felon Admits Role In Multi-Million Dollar Health Care Kickback Scheme After Pleading Guilty To COVID-19 Fraud And Unlawfully Possessing Firearms,https://oig.hhs.gov/fraud/enforcement/florida-felon-admits-role-in-multi-million-dollar-health-care-kickback-scheme-after-pleading-guilty-to-covid-19-fraud-and-unlawfully-possessing-firearms/
Testing Laboratory Co-Owner Admits $3.8 Million In Fraudulent Billing,2024-02-09,Testing Laboratory Co-Owner Admits $3.8 Million In Fraudulent Billing,https://oig.hhs.gov/fraud/enforcement/testing-laboratory-co-owner-admits-38-million-in-fraudulent-billing/
Carla Sparkler Agreed to Be Excluded for 6 Years for Allegedly Paying Improper Remuneration,2024-02-09,Carla Sparkler Agreed to Be Excluded for 6 Years for Allegedly Paying Improper Remuneration,https://oig.hhs.gov/fraud/enforcement/carla-sparkler-agreed-to-be-excluded-for-6-years-for-allegedly-paying-improper-remuneration/
"Hill Hospital of Sumter County Agreed to Pay $20,000 for Allegedly Violating Patient Dumping Statute by Failing to Provide an Appropriate Medical Screening Examination, Stabilizing Treatment and Transfer",2024-02-12,"Hill Hospital of Sumter County Agreed to Pay $20,000 for Allegedly Violating Patient Dumping Statute by Failing to Provide an Appropriate Medical Screening Examination, Stabilizing Treatment and Transfer",https://oig.hhs.gov/fraud/enforcement/hill-hospital-of-sumter-county-agreed-to-pay-20000-for-allegedly-violating-patient-dumping-statute-by-failing-to-provide-an-appropriate-medical-screening-examination-stabilizing-treatment-and-transfer/
"Starr Regional Medical Center Agreed to Pay $100,000 f or Allegedly Violating Patient Dumping Statute by Failing to Perform an Adequate Medical Screening Examination and Stabilizing Treatment",2024-02-12,"Starr Regional Medical Center Agreed to Pay $100,000 f or Allegedly Violating Patient Dumping Statute by Failing to Perform an Adequate Medical Screening Examination and Stabilizing Treatment",https://oig.hhs.gov/fraud/enforcement/starr-regional-medical-center-agreed-to-pay-100000-f-or-allegedly-violating-patient-dumping-statute-by-failing-to-perform-an-adequate-medical-screening-examination-and-stabilizing-treatment/
"Holy Health Care Services, LLC Program Administrator Sentenced to Five Years in Federal Prison for a Health Care Fraud Scheme",2024-02-12,"Holy Health Care Services, LLC Program Administrator Sentenced to Five Years in Federal Prison for a Health Care Fraud Scheme",https://oig.hhs.gov/fraud/enforcement/holy-health-care-services-llc-program-administrator-sentenced-to-five-years-in-federal-prison-for-a-health-care-fraud-scheme/
AG Platkin Announces Over $6M Seized Under Judgment by Consent After Death of CEO in Medicaid Fraud Scheme,2024-02-12,AG Platkin Announces Over $6M Seized Under Judgment by Consent After Death of CEO in Medicaid Fraud Scheme,https://oig.hhs.gov/fraud/enforcement/ag-platkin-announces-over-6m-seized-under-judgment-by-consent-after-death-of-ceo-in-medicaid-fraud-scheme/
Houston Man Convicted In $6M Bribery Scheme,2024-02-14,Houston Man Convicted In $6M Bribery Scheme,https://oig.hhs.gov/fraud/enforcement/houston-man-convicted-in-6m-bribery-scheme/
Attorney General Ford Announces Sentencing Of Operator Of Behavioral Health Company,2024-02-14,Attorney General Ford Announces Sentencing Of Operator Of Behavioral Health Company,https://oig.hhs.gov/fraud/enforcement/attorney-general-ford-announces-sentencing-of-operator-of-behavioral-health-company/
Attorney General Ford Announces Sentencing Of Healthcare Company Owner And Operator,2024-02-14,Attorney General Ford Announces Sentencing Of Healthcare Company Owner And Operator,https://oig.hhs.gov/fraud/enforcement/attorney-general-ford-announces-sentencing-of-healthcare-company-owner-and-operator/
"PillPack Agreed to Pay $646,000 for Allegedly Violating the Civil Monetary Penalties Law by Paying Improper Remuneration and Submitting Claims for Prescriptions in Excess of Amounts Prescribed",2024-02-14,"PillPack Agreed to Pay $646,000 for Allegedly Violating the Civil Monetary Penalties Law by Paying Improper Remuneration and Submitting Claims for Prescriptions in Excess of Amounts Prescribed",https://oig.hhs.gov/fraud/enforcement/pillpack-agreed-to-pay-646000-for-allegedly-violating-the-civil-monetary-penalties-law-by-paying-improper-remuneration-and-submitting-claims-for-prescriptions-in-excess-of-amounts-prescribed/
"Physicians Medical Center Agreed to Pay $123,000 for Allegedly Violating the Civil Monetary Penalties Law by Submitting Claims for Services Based on Altered Documentation",2024-02-15,"Physicians Medical Center Agreed to Pay $123,000 for Allegedly Violating the Civil Monetary Penalties Law by Submitting Claims for Services Based on Altered Documentation",https://oig.hhs.gov/fraud/enforcement/physicians-medical-center-agreed-to-pay-123000-for-allegedly-violating-the-civil-monetary-penalties-law-by-submitting-claims-for-services-based-on-altered-documentation/
U.S. Attorney Announces $25.5 Million Settlement With Durable Medical Equipment Supplier Lincare Inc. For Fraudulent Billing Practices,2024-02-15,U.S. Attorney Announces $25.5 Million Settlement With Durable Medical Equipment Supplier Lincare Inc. For Fraudulent Billing Practices,https://oig.hhs.gov/fraud/enforcement/us-attorney-announces-255-million-settlement-with-durable-medical-equipment-supplier-lincare-inc-for-fraudulent-billing-practices/
"California Pharmaceutical Company to Pay $750,000 to Resolve False Claims Act Liability for Allegedly Paying Kickbacks to Induce Prescriptions of Opioid Products",2024-02-15,"California Pharmaceutical Company to Pay $750,000 to Resolve False Claims Act Liability for Allegedly Paying Kickbacks to Induce Prescriptions of Opioid Products",https://oig.hhs.gov/fraud/enforcement/california-pharmaceutical-company-to-pay-750000-to-resolve-false-claims-act-liability-for-allegedly-paying-kickbacks-to-induce-prescriptions-of-opioid-products/
Attorney General Alan Wilson announces arrest of Columbia man for Neglect of Vulnerable Adults,2024-02-16,Attorney General Alan Wilson announces arrest of Columbia man for Neglect of Vulnerable Adults,https://oig.hhs.gov/fraud/enforcement/attorney-general-alan-wilson-announces-arrest-of-columbia-man-for-neglect-of-vulnerable-adults/
Doctor Convicted of $2.8M Medicare Fraud Scheme,2024-02-16,Doctor Convicted of $2.8M Medicare Fraud Scheme,https://oig.hhs.gov/fraud/enforcement/doctor-convicted-of-28m-medicare-fraud-scheme/
Former Delaware Specialty Pharmacy Chief Marketing Officer Agrees to Six-Year Exclusion from Federal Healthcare Programs for Allegations of Kickback and False Claims Act Violations,2024-02-16,Former Delaware Specialty Pharmacy Chief Marketing Officer Agrees to Six-Year Exclusion from Federal Healthcare Programs for Allegations of Kickback and False Claims Act Violations,https://oig.hhs.gov/fraud/enforcement/former-delaware-specialty-pharmacy-chief-marketing-officer-agrees-to-six-year-exclusion-from-federal-healthcare-programs-for-allegations-of-kickback-and-false-claims-act-violations/
Lexington Lab Agrees to $10.4 Million in Civil Judgments to Resolve False Claims Act Allegations; Owner and Lab Officer Sentenced to Prison,2024-02-16,Lexington Lab Agrees to $10.4 Million in Civil Judgments to Resolve False Claims Act Allegations; Owner and Lab Officer Sentenced to Prison,https://oig.hhs.gov/fraud/enforcement/lexington-lab-agrees-to-104-million-in-civil-judgments-to-resolve-false-claims-act-allegations-owner-and-lab-officer-sentenced-to-prison/
Owner Of Telemedicine Companies Charged With $110 Million Medicare Fraud Scheme,2024-02-16,Owner Of Telemedicine Companies Charged With $110 Million Medicare Fraud Scheme,https://oig.hhs.gov/fraud/enforcement/owner-of-telemedicine-companies-charged-with-110-million-medicare-fraud-scheme/
Attorney General Coleman Announces Medicaid Fraud Indictment,2024-02-19,Attorney General Coleman Announces Medicaid Fraud Indictment,https://oig.hhs.gov/fraud/enforcement/attorney-general-coleman-announces-medicaid-fraud-indictment/
AG’s Office Announces Additional Indictments of Springfield Medicaid Consultant For Stealing From Elderly Nursing Home Victims,2024-02-20,AG’s Office Announces Additional Indictments of Springfield Medicaid Consultant For Stealing From Elderly Nursing Home Victims,https://oig.hhs.gov/fraud/enforcement/ags-office-announces-additional-indictments-of-springfield-medicaid-consultant-for-stealing-from-elderly-nursing-home-victims/
"DCH Health System Agreed to Pay $384,000 for Allegedly Violating the Civil Monetary Penalties Law by Submitting Claims for Services Not Properly Certified or Recertified",2024-02-20,"DCH Health System Agreed to Pay $384,000 for Allegedly Violating the Civil Monetary Penalties Law by Submitting Claims for Services Not Properly Certified or Recertified",https://oig.hhs.gov/fraud/enforcement/dch-health-system-agreed-to-pay-384000-for-allegedly-violating-the-civil-monetary-penalties-law-by-submitting-claims-for-services-not-properly-certified-or-recertified/
"Florida Man Indicted for Health Care Fraud, Wire Fraud, Illegal Kickbacks in $97 Million Scheme",2024-02-21,"Florida Man Indicted for Health Care Fraud, Wire Fraud, Illegal Kickbacks in $97 Million Scheme",https://oig.hhs.gov/fraud/enforcement/florida-man-indicted-for-health-care-fraud-wire-fraud-illegal-kickbacks-in-97-million-scheme/
Former Nurse Pleads Guilty to Adulteration of Fentanyl,2024-02-21,Former Nurse Pleads Guilty to Adulteration of Fentanyl,https://oig.hhs.gov/fraud/enforcement/former-nurse-pleads-guilty-to-adulteration-of-fentanyl/
Medical Doctor Charged for $20.7M Health Care Fraud and Illegal Kickback Schemes,2024-02-22,Medical Doctor Charged for $20.7M Health Care Fraud and Illegal Kickback Schemes,https://oig.hhs.gov/fraud/enforcement/medical-doctor-charged-for-207m-health-care-fraud-and-illegal-kickback-schemes/
False Claims Act Settlements and Judgments Exceed $2.68 Billion in Fiscal Year 2023,2024-02-22,False Claims Act Settlements and Judgments Exceed $2.68 Billion in Fiscal Year 2023,https://oig.hhs.gov/fraud/enforcement/false-claims-act-settlements-and-judgments-exceed-268-billion-in-fiscal-year-2023/
"Doctor to Pay Nearly $700,000 to Resolve False Claims Act Allegations",2024-02-22,"Doctor to Pay Nearly $700,000 to Resolve False Claims Act Allegations",https://oig.hhs.gov/fraud/enforcement/doctor-to-pay-nearly-700000-to-resolve-false-claims-act-allegations/
"Tuscany Village Nursing Center Agreed to Pay $130,000 for Allegedly Violating the Civil Monetary Penalties Law by Employing an Excluded Individual",2024-02-26,"Tuscany Village Nursing Center Agreed to Pay $130,000 for Allegedly Violating the Civil Monetary Penalties Law by Employing an Excluded Individual",https://oig.hhs.gov/fraud/enforcement/tuscany-village-nursing-center-agreed-to-pay-130000-for-allegedly-violating-the-civil-monetary-penalties-law-by-employing-an-excluded-individual/
Ascension Via Christi Hospitals Wichita Agreed to Pay $3 Million for Allegedly Violating the Civil Monetary Penalties Law by Paying Remuneration in the Form of Free Services,2024-02-26,Ascension Via Christi Hospitals Wichita Agreed to Pay $3 Million for Allegedly Violating the Civil Monetary Penalties Law by Paying Remuneration in the Form of Free Services,https://oig.hhs.gov/fraud/enforcement/ascension-via-christi-hospitals-wichita-agreed-to-pay-3-million-for-allegedly-violating-the-civil-monetary-penalties-law-by-paying-remuneration-in-the-form-of-free-services/
"Baptist Health System Agreed to Pay $184,000 for Allegedly Violating the Civil Monetary Penalties Law by Employing an Excluded Individual",2024-02-26,"Baptist Health System Agreed to Pay $184,000 for Allegedly Violating the Civil Monetary Penalties Law by Employing an Excluded Individual",https://oig.hhs.gov/fraud/enforcement/baptist-health-system-agreed-to-pay-184000-for-allegedly-violating-the-civil-monetary-penalties-law-by-employing-an-excluded-individual/
Lincoln Woman Charged for Theft by Unlawful Taking Relating to Medicaid Fraud,2024-02-27,Lincoln Woman Charged for Theft by Unlawful Taking Relating to Medicaid Fraud,https://oig.hhs.gov/fraud/enforcement/lincoln-woman-charged-for-theft-by-unlawful-taking-relating-to-medicaid-fraud/
"California Man Charged in $10 Million Health Care Fraud, Wire Fraud, and Kickback Conspiracy",2024-02-27,"California Man Charged in $10 Million Health Care Fraud, Wire Fraud, and Kickback Conspiracy",https://oig.hhs.gov/fraud/enforcement/california-man-charged-in-10-million-health-care-fraud-wire-fraud-and-kickback-conspiracy/
Pharmacy Owner and Operations Manager Convicted of $2.3M Ohio Medicaid Fraud,2024-02-28,Pharmacy Owner and Operations Manager Convicted of $2.3M Ohio Medicaid Fraud,https://oig.hhs.gov/fraud/enforcement/pharmacy-owner-and-operations-manager-convicted-of-23m-ohio-medicaid-fraud/
Rockford Skilled Therapy Provider To Pay $1.5 Million To Settle Federal Health Care Fraud Suit,2024-02-28,Rockford Skilled Therapy Provider To Pay $1.5 Million To Settle Federal Health Care Fraud Suit,https://oig.hhs.gov/fraud/enforcement/rockford-skilled-therapy-provider-to-pay-15-million-to-settle-federal-health-care-fraud-suit/
Georgia Laboratory Owner Pleads Guilty to Felony Charge and Pays $14.3 Million to Resolve Liability Relating to Kickbacks and Unnecessary Testing,2024-02-28,Georgia Laboratory Owner Pleads Guilty to Felony Charge and Pays $14.3 Million to Resolve Liability Relating to Kickbacks and Unnecessary Testing,https://oig.hhs.gov/fraud/enforcement/georgia-laboratory-owner-pleads-guilty-to-felony-charge-and-pays-143-million-to-resolve-liability-relating-to-kickbacks-and-unnecessary-testing/
Doctor Pleads Guilty to Conspiring to Accept Kickbacks in Connection with Fraudulent Telemarketing Scheme Victimizing Medicare and TRICARE Patients in Eastern Washington,2024-02-28,Doctor Pleads Guilty to Conspiring to Accept Kickbacks in Connection with Fraudulent Telemarketing Scheme Victimizing Medicare and TRICARE Patients in Eastern Washington,https://oig.hhs.gov/fraud/enforcement/doctor-pleads-guilty-to-conspiring-to-accept-kickbacks-in-connection-with-fraudulent-telemarketing-scheme-victimizing-medicare-and-tricare-patients-in-eastern-washington/
"United States Reaches Settlement Of Law Enforcement, Tax, And Healthcare Cost Claims In Endo International Bankruptcy Case",2024-02-29,"United States Reaches Settlement Of Law Enforcement, Tax, And Healthcare Cost Claims In Endo International Bankruptcy Case",https://oig.hhs.gov/fraud/enforcement/united-states-reaches-settlement-of-law-enforcement-tax-and-healthcare-cost-claims-in-endo-international-bankruptcy-case/
"Medical Doctor To Pay $60,000.00 To Resolve Civil Liability For Alleged Violations Of The False Claims Act",2024-02-29,"Medical Doctor To Pay $60,000.00 To Resolve Civil Liability For Alleged Violations Of The False Claims Act",https://oig.hhs.gov/fraud/enforcement/medical-doctor-to-pay-6000000-to-resolve-civil-liability-for-alleged-violations-of-the-false-claims-act/
Opioid Manufacturer Endo Health Solutions Inc. Agrees to Global Resolution of Criminal and Civil Investigations into Sales and Marketing of Branded Opioid Drug,2024-02-29,Opioid Manufacturer Endo Health Solutions Inc. Agrees to Global Resolution of Criminal and Civil Investigations into Sales and Marketing of Branded Opioid Drug,https://oig.hhs.gov/fraud/enforcement/opioid-manufacturer-endo-health-solutions-inc-agrees-to-global-resolution-of-criminal-and-civil-investigations-into-sales-and-marketing-of-branded-opioid-drug/
Two Convicted In Multimillion Dollar Adult Daycare Fraud Scheme,2024-03-01,Two Convicted In Multimillion Dollar Adult Daycare Fraud Scheme,https://oig.hhs.gov/fraud/enforcement/two-convicted-in-multimillion-dollar-adult-daycare-fraud-scheme/
Husband and Wife Sentenced for Defrauding TRICARE and Medicare out of $75 Million,2024-03-01,Husband and Wife Sentenced for Defrauding TRICARE and Medicare out of $75 Million,https://oig.hhs.gov/fraud/enforcement/husband-and-wife-sentenced-for-defrauding-tricare-and-medicare-out-of-75-million/
Nurse Practitioner Sentenced to 70 Months for Unlawful Drug Distribution,2024-03-01,Nurse Practitioner Sentenced to 70 Months for Unlawful Drug Distribution,https://oig.hhs.gov/fraud/enforcement/nurse-practitioner-sentenced-to-70-months-for-unlawful-drug-distribution/
Florida Man Admits over $3.6 Million Health Care Fraud Scheme,2024-03-01,Florida Man Admits over $3.6 Million Health Care Fraud Scheme,https://oig.hhs.gov/fraud/enforcement/florida-man-admits-over-36-million-health-care-fraud-scheme/
"UNC Health Chatham Hospital Agreed to Pay $49,000 for Allegedly Violating Patient Dumping Statute by Failing to Provide Appropriate Medical Screening Examination",2024-03-01,"UNC Health Chatham Hospital Agreed to Pay $49,000 for Allegedly Violating Patient Dumping Statute by Failing to Provide Appropriate Medical Screening Examination",https://oig.hhs.gov/fraud/enforcement/unc-health-chatham-hospital-agreed-to-pay-49000-for-allegedly-violating-patient-dumping-statute-by-failing-to-provide-appropriate-medical-screening-examination/
Attorney General Coleman Secures Guilty Verdict in Medicaid Fraud Case,2024-03-03,Attorney General Coleman Secures Guilty Verdict in Medicaid Fraud Case,https://oig.hhs.gov/fraud/enforcement/attorney-general-coleman-secures-guilty-verdict-in-medicaid-fraud-case/
Attorney General James Secures $8.6 Million And Significant Reforms To Long Island Nursing Home After Repeated Financial Fraud And Resident Mistreatment,2024-03-04,Attorney General James Secures $8.6 Million And Significant Reforms To Long Island Nursing Home After Repeated Financial Fraud And Resident Mistreatment,https://oig.hhs.gov/fraud/enforcement/attorney-general-james-secures-86-million-and-significant-reforms-to-long-island-nursing-home-after-repeated-financial-fraud-and-resident-mistreatment/
Attorney General Alan Wilson Announces Arrest Of Seneca Woman For Exploitation Of A Vulnerable Adult And Fraud,2024-03-05,Attorney General Alan Wilson Announces Arrest Of Seneca Woman For Exploitation Of A Vulnerable Adult And Fraud,https://oig.hhs.gov/fraud/enforcement/attorney-general-alan-wilson-announces-arrest-of-seneca-woman-for-exploitation-of-a-vulnerable-adult-and-fraud/
AG Campbell Announces Indictments Of Falmouth Dentist And Dental Practice For MassHealth Fraud,2024-03-05,AG Campbell Announces Indictments Of Falmouth Dentist And Dental Practice For MassHealth Fraud,https://oig.hhs.gov/fraud/enforcement/ag-campbell-announces-indictments-of-falmouth-dentist-and-dental-practice-for-masshealth-fraud/
"Doctor Sentenced To Prison For Unlawful Drug Distribution, False Statements To Medicare, And Paycheck Protection Program Fraud",2024-03-06,"Doctor Sentenced To Prison For Unlawful Drug Distribution, False Statements To Medicare, And Paycheck Protection Program Fraud",https://oig.hhs.gov/fraud/enforcement/doctor-sentenced-to-prison-for-unlawful-drug-distribution-false-statements-to-medicare-and-paycheck-protection-program-fraud/
Edwardsville Doctor Pleads Guilty to Health Care Fraud,2024-03-06,Edwardsville Doctor Pleads Guilty to Health Care Fraud,https://oig.hhs.gov/fraud/enforcement/edwardsville-doctor-pleads-guilty-to-health-care-fraud/
Former Navy Civilian Employee And Former Executive Indicted In Bribery Scheme Involving Over $100 Million In Government Contracts,2024-03-07,Former Navy Civilian Employee And Former Executive Indicted In Bribery Scheme Involving Over $100 Million In Government Contracts,https://oig.hhs.gov/fraud/enforcement/former-navy-civilian-employee-and-former-executive-indicted-in-bribery-scheme-involving-over-100-million-in-government-contracts/
Verdict: Jury Convicts Philadelphia Care Worker Of Medicaid Fraud For Claiming Hundreds Of Home-Care Hours When Patient Was Hospitalized,2024-03-08,Verdict: Jury Convicts Philadelphia Care Worker Of Medicaid Fraud For Claiming Hundreds Of Home-Care Hours When Patient Was Hospitalized,https://oig.hhs.gov/fraud/enforcement/verdict-jury-convicts-philadelphia-care-worker-of-medicaid-fraud-for-claiming-hundreds-of-home-care-hours-when-patient-was-hospitalized/
"FHI 360 Agreed to Pay $82,000 for Allegedly Violating the Civil Monetary Penalties Law by Misappropriating Grant Funds",2024-03-08,"FHI 360 Agreed to Pay $82,000 for Allegedly Violating the Civil Monetary Penalties Law by Misappropriating Grant Funds",https://oig.hhs.gov/fraud/enforcement/fhi-360-agreed-to-pay-82000-for-allegedly-violating-the-civil-monetary-penalties-law-by-misappropriating-grant-funds/
Owner Of Telemedicine Companies Pleads Guilty To Role In $136M Medicare Fraud Conspiracy,2024-03-08,Owner Of Telemedicine Companies Pleads Guilty To Role In $136M Medicare Fraud Conspiracy,https://oig.hhs.gov/fraud/enforcement/owner-of-telemedicine-companies-pleads-guilty-to-role-in-136m-medicare-fraud-conspiracy/
Father And Son Duo Sentenced To Prison In $21 Million Dollar Medicare Scheme,2024-03-11,Father And Son Duo Sentenced To Prison In $21 Million Dollar Medicare Scheme,https://oig.hhs.gov/fraud/enforcement/father-and-son-duo-sentenced-to-prison-in-21-million-dollar-medicare-scheme/
"Physician Pays $95,000 To Resolve Allegations Of Genetic Testing Fraud",2024-03-11,"Physician Pays $95,000 To Resolve Allegations Of Genetic Testing Fraud",https://oig.hhs.gov/fraud/enforcement/physician-pays-95000-to-resolve-allegations-of-genetic-testing-fraud/
Former Fresno Sleep Clinic Owner Sentenced To 19 Months In Prison For Submitting Nearly $1 Million In Fraudulent Claims For Sleep Studies To Medicare,2024-03-11,Former Fresno Sleep Clinic Owner Sentenced To 19 Months In Prison For Submitting Nearly $1 Million In Fraudulent Claims For Sleep Studies To Medicare,https://oig.hhs.gov/fraud/enforcement/former-fresno-sleep-clinic-owner-sentenced-to-19-months-in-prison-for-submitting-nearly-1-million-in-fraudulent-claims-for-sleep-studies-to-medicare/
"UF Health Shands Hospital Agreed to Pay $119,000 for Allegedly Violating Patient Dumping Statute by Failing to Provide an Appropriate Medical Screening Examination and Stabilizing Treatment",2024-03-11,"UF Health Shands Hospital Agreed to Pay $119,000 for Allegedly Violating Patient Dumping Statute by Failing to Provide an Appropriate Medical Screening Examination and Stabilizing Treatment",https://oig.hhs.gov/fraud/enforcement/uf-health-shands-hospital-agreed-to-pay-119000-for-allegedly-violating-patient-dumping-statute-by-failing-to-provide-an-appropriate-medical-screening-examination-and-stabilizing-treatment/
"North Carolina Home Health Care Agency And Owner Agree To Pay $600,000 To Resolve False Claims Act Allegations",2024-03-12,"North Carolina Home Health Care Agency And Owner Agree To Pay $600,000 To Resolve False Claims Act Allegations",https://oig.hhs.gov/fraud/enforcement/north-carolina-home-health-care-agency-and-owner-agree-to-pay-600000-to-resolve-false-claims-act-allegations/
New York-Presbyterian/Brooklyn Methodist Hospital Settles Health Care Fraud Claims for $17.3 Million,2024-03-12,New York-Presbyterian/Brooklyn Methodist Hospital Settles Health Care Fraud Claims for $17.3 Million,https://oig.hhs.gov/fraud/enforcement/new-york-presbyterianbrooklyn-methodist-hospital-settles-health-care-fraud-claims-for-173-million/
"Ross Nochimson, DO Agreed to Pay $305,000 for Allegedly Violating the Civil Monetary Penalties Law by Receiving Improper Remuneration in Exchange for Ordering Durable Medical Equipment, Genetic Testing, and Prescribing Medications",2024-03-13,"Ross Nochimson, DO Agreed to Pay $305,000 for Allegedly Violating the Civil Monetary Penalties Law by Receiving Improper Remuneration in Exchange for Ordering Durable Medical Equipment, Genetic Testing, and Prescribing Medications",https://oig.hhs.gov/fraud/enforcement/ross-nochimson-do-agreed-to-pay-305000-for-allegedly-violating-the-civil-monetary-penalties-law-by-receiving-improper-remuneration-in-exchange-for-ordering-durable-medical-equipment-genetic-testing-and-prescribing-medications/
Tulare County Man Pleads Guilty To Falsely Marketing Products As Effective In Treating Medical Conditions Including COVID-19,2024-03-13,Tulare County Man Pleads Guilty To Falsely Marketing Products As Effective In Treating Medical Conditions Including COVID-19,https://oig.hhs.gov/fraud/enforcement/tulare-county-man-pleads-guilty-to-falsely-marketing-products-as-effective-in-treating-medical-conditions-including-covid-19/
"AG Moody’s Medicaid Fraud Control Unit Secures Nearly $150,000 From Medical Equipment Supplier Lincare Inc.",2024-03-13,"AG Moody’s Medicaid Fraud Control Unit Secures Nearly $150,000 From Medical Equipment Supplier Lincare Inc.",https://oig.hhs.gov/fraud/enforcement/ag-moodys-medicaid-fraud-control-unit-secures-nearly-150000-from-medical-equipment-supplier-lincare-inc/
Justice Department Sues Six Health Plans And Their Alliance For Concealing Overpayments For Military Managed Care Program,2024-03-13,Justice Department Sues Six Health Plans And Their Alliance For Concealing Overpayments For Military Managed Care Program,https://oig.hhs.gov/fraud/enforcement/justice-department-sues-six-health-plans-and-their-alliance-for-concealing-overpayments-for-military-managed-care-program/
Attorney General Ford Announces Sentencing Of Unlicensed Group Homeowner After Death Of Vulnerable Person,2024-03-14,Attorney General Ford Announces Sentencing Of Unlicensed Group Homeowner After Death Of Vulnerable Person,https://oig.hhs.gov/fraud/enforcement/attorney-general-ford-announces-sentencing-of-unlicensed-group-homeowner-after-death-of-vulnerable-person/
Sandusky Doctor Sentenced To Prison For Illegally Dispensing Drugs To Patients,2024-03-14,Sandusky Doctor Sentenced To Prison For Illegally Dispensing Drugs To Patients,https://oig.hhs.gov/fraud/enforcement/sandusky-doctor-sentenced-to-prison-for-illegally-dispensing-drugs-to-patients/
St. Louis Man Admits Home Health Care Fraud,2024-03-14,St. Louis Man Admits Home Health Care Fraud,https://oig.hhs.gov/fraud/enforcement/st-louis-man-admits-home-health-care-fraud/
"St. Louis Area Pediatrician Indicted, Accused of Exchanging Prescriptions for Sex Acts",2024-03-14,"St. Louis Area Pediatrician Indicted, Accused of Exchanging Prescriptions for Sex Acts",https://oig.hhs.gov/fraud/enforcement/st-louis-area-pediatrician-indicted-accused-of-exchanging-prescriptions-for-sex-acts/
New Baltimore Pharmacist Sentenced To Over 8 Years In Prison For Filling Fake Prescriptions,2024-03-14,New Baltimore Pharmacist Sentenced To Over 8 Years In Prison For Filling Fake Prescriptions,https://oig.hhs.gov/fraud/enforcement/new-baltimore-pharmacist-sentenced-to-over-8-years-in-prison-for-filling-fake-prescriptions/
"Baptist Health Deaconess Madisonville Agreed to Pay $21,000 for Allegedly Violating the Civil Monetary Penalties Law by Employing an Excluded Individual",2024-03-14,"Baptist Health Deaconess Madisonville Agreed to Pay $21,000 for Allegedly Violating the Civil Monetary Penalties Law by Employing an Excluded Individual",https://oig.hhs.gov/fraud/enforcement/baptist-health-deaconess-madisonville-agreed-to-pay-21000-for-allegedly-violating-the-civil-monetary-penalties-law-by-employing-an-excluded-individual/
"Adams Medical Equipment Inc. Executives Plead Guilty in Scheme to Defraud Maryland and Washington, D.C., Medicaid Programs",2024-03-15,"Adams Medical Equipment Inc. Executives Plead Guilty in Scheme to Defraud Maryland and Washington, D.C., Medicaid Programs",https://oig.hhs.gov/fraud/enforcement/adams-medical-equipment-inc-executives-plead-guilty-in-scheme-to-defraud-maryland-and-washington-dc-medicaid-programs/
"Otto Kaiser Memorial Hospital Agreed to Pay $318,000 for Allegedly Violating the Civil Monetary Penalties Law by Employing an Excluded Individual",2024-03-15,"Otto Kaiser Memorial Hospital Agreed to Pay $318,000 for Allegedly Violating the Civil Monetary Penalties Law by Employing an Excluded Individual",https://oig.hhs.gov/fraud/enforcement/otto-kaiser-memorial-hospital-agreed-to-pay-318000-for-allegedly-violating-the-civil-monetary-penalties-law-by-employing-an-excluded-individual/
"Richland Physician, Health Care Staffing Company Agree To Pay $700,000 To Resolve False Claims Act Liability Arising From Telemedicine Scheme",2024-03-15,"Richland Physician, Health Care Staffing Company Agree To Pay $700,000 To Resolve False Claims Act Liability Arising From Telemedicine Scheme",https://oig.hhs.gov/fraud/enforcement/richland-physician-health-care-staffing-company-agree-to-pay-700000-to-resolve-false-claims-act-liability-arising-from-telemedicine-scheme/
“Rock Doc” Sentenced for Opioid Distribution Conspiracy,2024-03-18,“Rock Doc” Sentenced for Opioid Distribution Conspiracy,https://oig.hhs.gov/fraud/enforcement/rock-doc-sentenced-for-opioid-distribution-conspiracy/
Podiatrist Convicted Of $4M Foot Bath Fraud Scheme,2024-03-18,Podiatrist Convicted Of $4M Foot Bath Fraud Scheme,https://oig.hhs.gov/fraud/enforcement/podiatrist-convicted-of-4m-foot-bath-fraud-scheme/
East Bay Doctor Sentenced To Prison For Distributing Opioids Outside The Scope Of Medical Practice,2024-03-18,East Bay Doctor Sentenced To Prison For Distributing Opioids Outside The Scope Of Medical Practice,https://oig.hhs.gov/fraud/enforcement/east-bay-doctor-sentenced-to-prison-for-distributing-opioids-outside-the-scope-of-medical-practice/
Attorney General Alan Wilson announces Orangeburg woman and man charged with keeping vulnerable adults locked in dangerous unlicensed residential care home,2024-03-19,Attorney General Alan Wilson announces Orangeburg woman and man charged with keeping vulnerable adults locked in dangerous unlicensed residential care home,https://oig.hhs.gov/fraud/enforcement/attorney-general-alan-wilson-announces-orangeburg-woman-and-man-charged-with-keeping-vulnerable-adults-locked-in-dangerous-unlicensed-residential-care-home/
"Michael Grundy, MD and Michael J. Grundy, MD, PC Agreed to Pay $92,000 for Allegedly Violating the Civil Monetary Penalties Law by Submitting Claims for Services that Exceeded the Number of Sessions Allowed",2024-03-19,"Michael Grundy, MD and Michael J. Grundy, MD, PC Agreed to Pay $92,000 for Allegedly Violating the Civil Monetary Penalties Law by Submitting Claims for Services that Exceeded the Number of Sessions Allowed",https://oig.hhs.gov/fraud/enforcement/michael-grundy-md-and-michael-j-grundy-md-pc-agreed-to-pay-92000-for-allegedly-violating-the-civil-monetary-penalties-law-by-submitting-claims-for-services-that-exceeded-the-number-of-sessions-allowed/
Fort Lauderdale Man Pleads Guilty To $36.2 Million Medicare Fraud Scheme,2024-03-20,Fort Lauderdale Man Pleads Guilty To $36.2 Million Medicare Fraud Scheme,https://oig.hhs.gov/fraud/enforcement/fort-lauderdale-man-pleads-guilty-to-362-million-medicare-fraud-scheme/
Philadelphia Pharmacy Criminal Pleas and Civil Resolutions Result in Multiple Criminal Convictions and Over $4 Million Recovered,2024-03-20,Philadelphia Pharmacy Criminal Pleas and Civil Resolutions Result in Multiple Criminal Convictions and Over $4 Million Recovered,https://oig.hhs.gov/fraud/enforcement/philadelphia-pharmacy-criminal-pleas-and-civil-resolutions-result-in-multiple-criminal-convictions-and-over-4-million-recovered/
Mt. Pleasant Man Sentenced to Nine Years in Federal Prison for Role in One of the Largest Medicare Fraud Schemes in History,2024-03-20,Mt. Pleasant Man Sentenced to Nine Years in Federal Prison for Role in One of the Largest Medicare Fraud Schemes in History,https://oig.hhs.gov/fraud/enforcement/mt-pleasant-man-sentenced-to-nine-years-in-federal-prison-for-role-in-one-of-the-largest-medicare-fraud-schemes-in-history/
South Florida Resident Charged With Receiving Millions From Filing Fraudulent COVID-19 Testing Reimbursement Claims,2024-03-20,South Florida Resident Charged With Receiving Millions From Filing Fraudulent COVID-19 Testing Reimbursement Claims,https://oig.hhs.gov/fraud/enforcement/south-florida-resident-charged-with-receiving-millions-from-filing-fraudulent-covid-19-testing-reimbursement-claims/
"Doctor at L5 Pain Clinic Sentenced to 18 Months in Prison, Ordered to Pay Over $200,000",2024-03-21,"Doctor at L5 Pain Clinic Sentenced to 18 Months in Prison, Ordered to Pay Over $200,000",https://oig.hhs.gov/fraud/enforcement/doctor-at-l5-pain-clinic-sentenced-to-18-months-in-prison-ordered-to-pay-over-200000/
TennCare Fraud Investigation Leads to Arrest of Social Worker,2024-03-22,TennCare Fraud Investigation Leads to Arrest of Social Worker,https://oig.hhs.gov/fraud/enforcement/tenncare-fraud-investigation-leads-to-arrest-of-social-worker/
Spalding County Couple Indicted on Charges of Operating an Unlicensed Personal Care Home,2024-03-22,Spalding County Couple Indicted on Charges of Operating an Unlicensed Personal Care Home,https://oig.hhs.gov/fraud/enforcement/spalding-county-couple-indicted-on-charges-of-operating-an-unlicensed-personal-care-home/
Physician pays $1.8M to settle False Claims Act liability,2024-03-22,Physician pays $1.8M to settle False Claims Act liability,https://oig.hhs.gov/fraud/enforcement/physician-pays-18m-to-settle-false-claims-act-liability/
Former Georgia Insurance Commissioner John Oxendine Pleads Guilty in Health Care Fraud Scheme,2024-03-22,Former Georgia Insurance Commissioner John Oxendine Pleads Guilty in Health Care Fraud Scheme,https://oig.hhs.gov/fraud/enforcement/former-georgia-insurance-commissioner-john-oxendine-pleads-guilty-in-health-care-fraud-scheme/
"Inland Northwest Behavioral Health Agreed to Pay $94,000 for Allegedly Violating the Civil Monetary Penalties Law by Employing an Excluded Individual",2024-03-22,"Inland Northwest Behavioral Health Agreed to Pay $94,000 for Allegedly Violating the Civil Monetary Penalties Law by Employing an Excluded Individual",https://oig.hhs.gov/fraud/enforcement/inland-northwest-behavioral-health-agreed-to-pay-94000-for-allegedly-violating-the-civil-monetary-penalties-law-by-employing-an-excluded-individual/
"Gamma Healthcare, Jerry Murphy, and Jerrod Murphy Agreed to Be Excluded for 15 Years for Allegedly Submitting Claims for Unnecessary Tests",2024-03-25,"Gamma Healthcare, Jerry Murphy, and Jerrod Murphy Agreed to Be Excluded for 15 Years for Allegedly Submitting Claims for Unnecessary Tests",https://oig.hhs.gov/fraud/enforcement/gamma-healthcare-jerry-murphy-and-jerrod-murphy-agreed-to-be-excluded-for-15-years-for-allegedly-submitting-claims-for-unnecessary-tests/
Hollidaysburg Couple Pleads Guilty To Conspiracy To Defraud The United States And Husband Pleads Guilty To Health Care Fraud,2024-03-25,Hollidaysburg Couple Pleads Guilty To Conspiracy To Defraud The United States And Husband Pleads Guilty To Health Care Fraud,https://oig.hhs.gov/fraud/enforcement/hollidaysburg-couple-pleads-guilty-to-conspiracy-to-defraud-the-united-states-and-husband-pleads-guilty-to-health-care-fraud/
Michael Conroy Agreed to Be Excluded for 3 Years for Allegedly Submitting Claims for Unnecessary Genetic Tests and Genetic Tests Tainted by Kickbacks,2024-03-25,Michael Conroy Agreed to Be Excluded for 3 Years for Allegedly Submitting Claims for Unnecessary Genetic Tests and Genetic Tests Tainted by Kickbacks,https://oig.hhs.gov/fraud/enforcement/michael-conroy-agreed-to-be-excluded-for-3-years-for-allegedly-submitting-claims-for-unnecessary-genetic-tests-and-genetic-tests-tainted-by-kickbacks/
Laboratory Owner Pleads Guilty to $30M Medicare Fraud Scheme,2024-03-26,Laboratory Owner Pleads Guilty to $30M Medicare Fraud Scheme,https://oig.hhs.gov/fraud/enforcement/laboratory-owner-pleads-guilty-to-30m-medicare-fraud-scheme/
Gamma Healthcare and Three of Its Owners Agree to Pay $13.6 Million for Allegedly Billing Medicare for Lab Tests That Were Not Ordered or Medically Necessary,2024-03-27,Gamma Healthcare and Three of Its Owners Agree to Pay $13.6 Million for Allegedly Billing Medicare for Lab Tests That Were Not Ordered or Medically Necessary,https://oig.hhs.gov/fraud/enforcement/gamma-healthcare-and-three-of-its-owners-agree-to-pay-136-million-for-allegedly-billing-medicare-for-lab-tests-that-were-not-ordered-or-medically-necessary/
Man Sentenced for $87M Healthcare Fraud Kickback Conspiracy,2024-03-27,Man Sentenced for $87M Healthcare Fraud Kickback Conspiracy,https://oig.hhs.gov/fraud/enforcement/man-sentenced-for-87m-healthcare-fraud-kickback-conspiracy/
"Shelbyville Woman Arrested, Charged in TBI Medicaid Fraud Investigation",2024-03-28,"Shelbyville Woman Arrested, Charged in TBI Medicaid Fraud Investigation",https://oig.hhs.gov/fraud/enforcement/shelbyville-woman-arrested-charged-in-tbi-medicaid-fraud-investigation/
Attorney General Josh Stein Reaches $2.1 Million Medicaid Settlement with Mako Medical,2024-03-28,Attorney General Josh Stein Reaches $2.1 Million Medicaid Settlement with Mako Medical,https://oig.hhs.gov/fraud/enforcement/attorney-general-josh-stein-reaches-21-million-medicaid-settlement-with-mako-medical/
U.S. Attorney Announces $3.1 Million False Claims Act Settlement With Radiology Company And Its CEO For Fraudulent Billing Practices,2024-03-28,U.S. Attorney Announces $3.1 Million False Claims Act Settlement With Radiology Company And Its CEO For Fraudulent Billing Practices,https://oig.hhs.gov/fraud/enforcement/us-attorney-announces-31-million-false-claims-act-settlement-with-radiology-company-and-its-ceo-for-fraudulent-billing-practices/
Florida Man Admits Role in $4.6 Million Kickback Scheme Related to Genetic Testing,2024-03-28,Florida Man Admits Role in $4.6 Million Kickback Scheme Related to Genetic Testing,https://oig.hhs.gov/fraud/enforcement/florida-man-admits-role-in-46-million-kickback-scheme-related-to-genetic-testing/
Two Men Sentenced for Role in $9M Hospice Fraud Scheme,2024-03-29,Two Men Sentenced for Role in $9M Hospice Fraud Scheme,https://oig.hhs.gov/fraud/enforcement/two-men-sentenced-for-role-in-9m-hospice-fraud-scheme/
Fugitive Cuban national extradited from Spain and sentenced to 36 months’ imprisonment for health care fraud conspiracy,2024-03-29,Fugitive Cuban national extradited from Spain and sentenced to 36 months’ imprisonment for health care fraud conspiracy,https://oig.hhs.gov/fraud/enforcement/fugitive-cuban-national-extradited-from-spain-and-sentenced-to-36-months-imprisonment-for-health-care-fraud-conspiracy/
"Platte Valley Medical Center Agreed to Pay $20,000 for Allegedly Violating the Civil Monetary Penalties Law by Employing an Excluded Individual",2024-04-01,"Platte Valley Medical Center Agreed to Pay $20,000 for Allegedly Violating the Civil Monetary Penalties Law by Employing an Excluded Individual",https://oig.hhs.gov/fraud/enforcement/platte-valley-medical-center-agreed-to-pay-20000-for-allegedly-violating-the-civil-monetary-penalties-law-by-employing-an-excluded-individual/
"Shelby County Man Indicted for Offenses Relating to Child Pornography, Encouraging Illegal Entry into the United States, and Making False Statements to a Federal Agency",2024-04-01,"Shelby County Man Indicted for Offenses Relating to Child Pornography, Encouraging Illegal Entry into the United States, and Making False Statements to a Federal Agency",https://oig.hhs.gov/fraud/enforcement/shelby-county-man-indicted-for-offenses-relating-to-child-pornography-encouraging-illegal-entry-into-the-united-states-and-making-false-statements-to-a-federal-agency/
AG Campbell Announces Indictments In Worcester-Based Home Health Medicaid Fraud Scheme,2024-04-01,AG Campbell Announces Indictments In Worcester-Based Home Health Medicaid Fraud Scheme,https://oig.hhs.gov/fraud/enforcement/ag-campbell-announces-indictments-in-worcester-based-home-health-medicaid-fraud-scheme/
"Presence Chicago Hospitals Network Agreed to Pay $577,000 for Allegedly Violating the Civil Monetary Penalties Law by Paying Remuneration in the Form of Free or Below Fair Market Value Space, Services, and Staff",2024-04-01,"Presence Chicago Hospitals Network Agreed to Pay $577,000 for Allegedly Violating the Civil Monetary Penalties Law by Paying Remuneration in the Form of Free or Below Fair Market Value Space, Services, and Staff",https://oig.hhs.gov/fraud/enforcement/presence-chicago-hospitals-network-agreed-to-pay-577000-for-allegedly-violating-the-civil-monetary-penalties-law-by-paying-remuneration-in-the-form-of-free-or-below-fair-market-value-space-services-and-staff/
Marketers and Physicians in Five States Agree to Pay Over $1.5 Million to Settle Laboratory Kickback Allegations,2024-04-01,Marketers and Physicians in Five States Agree to Pay Over $1.5 Million to Settle Laboratory Kickback Allegations,https://oig.hhs.gov/fraud/enforcement/marketers-and-physicians-in-five-states-agree-to-pay-over-15-million-to-settle-laboratory-kickback-allegations/
"Oncology Practice, Physicians, and Reference Laboratory To Pay Over $4 Million to Settle False Claims Act Allegations",2024-04-02,"Oncology Practice, Physicians, and Reference Laboratory To Pay Over $4 Million to Settle False Claims Act Allegations",https://oig.hhs.gov/fraud/enforcement/oncology-practice-physicians-and-reference-laboratory-to-pay-over-4-million-to-settle-false-claims-act-allegations/
"Oklahoma Chiropractic Clinic, Owner, and Referring Physicians Pay $465,000 to Settle Federal False Claims Act and Kickback Allegations",2024-04-02,"Oklahoma Chiropractic Clinic, Owner, and Referring Physicians Pay $465,000 to Settle Federal False Claims Act and Kickback Allegations",https://oig.hhs.gov/fraud/enforcement/oklahoma-chiropractic-clinic-owner-and-referring-physicians-pay-465000-to-settle-federal-false-claims-act-and-kickback-allegations/
"OrthoCarolina Agreed to Pay $316,000 for Allegedly Violating the Civil Monetary Penalties Law by Submitting Claims for Services that Exceeded the Allowable Number of Services",2024-04-02,"OrthoCarolina Agreed to Pay $316,000 for Allegedly Violating the Civil Monetary Penalties Law by Submitting Claims for Services that Exceeded the Allowable Number of Services",https://oig.hhs.gov/fraud/enforcement/orthocarolina-agreed-to-pay-316000-for-allegedly-violating-the-civil-monetary-penalties-law-by-submitting-claims-for-services-that-exceeded-the-allowable-number-of-services/
Three defendants sentenced in fraudulent nursing diploma scheme,2024-04-03,Three defendants sentenced in fraudulent nursing diploma scheme,https://oig.hhs.gov/fraud/enforcement/three-defendants-sentenced-in-fraudulent-nursing-diploma-scheme/
"Pocatello Doctor Pays $96,000 to Settle Allegations That He Wrote Unlawful Prescriptions",2024-04-03,"Pocatello Doctor Pays $96,000 to Settle Allegations That He Wrote Unlawful Prescriptions",https://oig.hhs.gov/fraud/enforcement/pocatello-doctor-pays-96000-to-settle-allegations-that-he-wrote-unlawful-prescriptions/
Arizona Doctor Pleads Guilty to Health Care Fraud,2024-04-04,Arizona Doctor Pleads Guilty to Health Care Fraud,https://oig.hhs.gov/fraud/enforcement/arizona-doctor-pleads-guilty-to-health-care-fraud/
Attorney General Brown Announces Actions Taken in Multiple Cases of Vulnerable Adult Abuse in Three Maryland Counties,2024-04-04,Attorney General Brown Announces Actions Taken in Multiple Cases of Vulnerable Adult Abuse in Three Maryland Counties,https://oig.hhs.gov/fraud/enforcement/attorney-general-brown-announces-actions-taken-in-multiple-cases-of-vulnerable-adult-abuse-in-three-maryland-counties/
"Presence Central and Suburban Hospitals Network Agreed to Pay $174,000 for Allegedly Violating the Civil Monetary Penalties Law by Paying Remuneration in the Form of Free Use of Space",2024-04-04,"Presence Central and Suburban Hospitals Network Agreed to Pay $174,000 for Allegedly Violating the Civil Monetary Penalties Law by Paying Remuneration in the Form of Free Use of Space",https://oig.hhs.gov/fraud/enforcement/presence-central-and-suburban-hospitals-network-agreed-to-pay-174000-for-allegedly-violating-the-civil-monetary-penalties-law-by-paying-remuneration-in-the-form-of-free-use-of-space/
Seven Charged in Theft of California Benefits for Low-Income Families,2024-04-04,Seven Charged in Theft of California Benefits for Low-Income Families,https://oig.hhs.gov/fraud/enforcement/seven-charged-in-theft-of-california-benefits-for-low-income-families/
"Former Oglala Sioux Tribe President Convicted of Wire Fraud, Larceny, and Embezzlement",2024-04-04,"Former Oglala Sioux Tribe President Convicted of Wire Fraud, Larceny, and Embezzlement",https://oig.hhs.gov/fraud/enforcement/former-oglala-sioux-tribe-president-convicted-of-wire-fraud-larceny-and-embezzlement/
Owner of Telemedicine Companies Pleads Guilty to $110 Million Medicare Fraud Scheme,2024-04-04,Owner of Telemedicine Companies Pleads Guilty to $110 Million Medicare Fraud Scheme,https://oig.hhs.gov/fraud/enforcement/owner-of-telemedicine-companies-pleads-guilty-to-110-million-medicare-fraud-scheme/
United States Files Lawsuit Alleging Medicaid Fraud by Philadelphia Mental Health Clinic and Its Owner,2024-04-08,United States Files Lawsuit Alleging Medicaid Fraud by Philadelphia Mental Health Clinic and Its Owner,https://oig.hhs.gov/fraud/enforcement/united-states-files-lawsuit-alleging-medicaid-fraud-by-philadelphia-mental-health-clinic-and-its-owner/
"Holy Health Care Services, LLC Owner Sentenced to 3 Years In Federal Prison For Health Care Fraud Scheme",2024-04-09,"Holy Health Care Services, LLC Owner Sentenced to 3 Years In Federal Prison For Health Care Fraud Scheme",https://oig.hhs.gov/fraud/enforcement/holy-health-care-services-llc-owner-sentenced-to-3-years-in-federal-prison-for-health-care-fraud-scheme/
Woman Pleads Guilty to Theft and Misappropriation of COVID-19 Funds,2024-04-09,Woman Pleads Guilty to Theft and Misappropriation of COVID-19 Funds,https://oig.hhs.gov/fraud/enforcement/woman-pleads-guilty-to-theft-and-misappropriation-of-covid-19-funds/
COVID-19 Fraud Enforcement Task Force Releases 2024 Report,2024-04-09,COVID-19 Fraud Enforcement Task Force Releases 2024 Report,https://oig.hhs.gov/fraud/enforcement/covid-19-fraud-enforcement-task-force-releases-2024-report/
Attorney General Alan Wilson Announces Sumter Woman Charged With Stealing From Resident At Assisted Living Facility,2024-04-09,Attorney General Alan Wilson Announces Sumter Woman Charged With Stealing From Resident At Assisted Living Facility,https://oig.hhs.gov/fraud/enforcement/attorney-general-alan-wilson-announces-sumter-woman-charged-with-stealing-from-resident-at-assisted-living-facility/
False Claims Act Complaint Filed Against Regeneron Pharmaceuticals for Fraudulent Drug Pricing Reporting,2024-04-10,False Claims Act Complaint Filed Against Regeneron Pharmaceuticals for Fraudulent Drug Pricing Reporting,https://oig.hhs.gov/fraud/enforcement/false-claims-act-complaint-filed-against-regeneron-pharmaceuticals-for-fraudulent-drug-pricing-reporting/
Attorney General Ford Announces Sentencing Of Behavioral Health Provider And Its Owner For Medicaid Fraud,2024-04-11,Attorney General Ford Announces Sentencing Of Behavioral Health Provider And Its Owner For Medicaid Fraud,https://oig.hhs.gov/fraud/enforcement/attorney-general-ford-announces-sentencing-of-behavioral-health-provider-and-its-owner-for-medicaid-fraud-1/
"Attorney General Moody Announces Arrest Of Escambia Man For Exploiting More Than $17,000 From Florida Senior",2024-04-11,"Attorney General Moody Announces Arrest Of Escambia Man For Exploiting More Than $17,000 From Florida Senior",https://oig.hhs.gov/fraud/enforcement/attorney-general-moody-announces-arrest-of-escambia-man-for-exploiting-more-than-17000-from-florida-senior/
Father And Daughter Charged In Fraud Scheme That Allegedly Exploited A Vulnerable Adult,2024-04-11,Father And Daughter Charged In Fraud Scheme That Allegedly Exploited A Vulnerable Adult,https://oig.hhs.gov/fraud/enforcement/father-and-daughter-charged-in-fraud-scheme-that-allegedly-exploited-a-vulnerable-adult/
"Wray Community District Hospital and Clinic Agreed to Pay $54,000 for Allegedly Violating the Civil Monetary Penalties Law by Employing an Excluded Individual",2024-04-11,"Wray Community District Hospital and Clinic Agreed to Pay $54,000 for Allegedly Violating the Civil Monetary Penalties Law by Employing an Excluded Individual",https://oig.hhs.gov/fraud/enforcement/wray-community-district-hospital-and-clinic-agreed-to-pay-54000-for-allegedly-violating-the-civil-monetary-penalties-law-by-employing-an-excluded-individual/
Telemedicine Nurse Practitioner Sentenced For $7.8 Million Durable Medical Equipment Fraud Scheme,2024-04-11,Telemedicine Nurse Practitioner Sentenced For $7.8 Million Durable Medical Equipment Fraud Scheme,https://oig.hhs.gov/fraud/enforcement/telemedicine-nurse-practitioner-sentenced-for-78-million-durable-medical-equipment-fraud-scheme/
Two Doctors Sentenced for $4M Fraudulent Urine Drug Testing Scheme,2024-04-12,Two Doctors Sentenced for $4M Fraudulent Urine Drug Testing Scheme,https://oig.hhs.gov/fraud/enforcement/two-doctors-sentenced-for-4m-fraudulent-urine-drug-testing-scheme/
Physician Charged With 28 Additional Counts In Selling Opioid Prescriptions For Cash,2024-04-12,Physician Charged With 28 Additional Counts In Selling Opioid Prescriptions For Cash,https://oig.hhs.gov/fraud/enforcement/physician-charged-with-28-additional-counts-in-selling-opioid-prescriptions-for-cash/
"Tampa General Hospital Agreed to Pay $254,000 for Allegedly Violating the Civil Monetary Penalties Law by Submitting Claims for Services Provided by Unlicensed Individuals",2024-04-15,"Tampa General Hospital Agreed to Pay $254,000 for Allegedly Violating the Civil Monetary Penalties Law by Submitting Claims for Services Provided by Unlicensed Individuals",https://oig.hhs.gov/fraud/enforcement/tampa-general-hospital-agreed-to-pay-254000-for-allegedly-violating-the-civil-monetary-penalties-law-by-submitting-claims-for-services-provided-by-unlicensed-individuals/
Man Charged for Over $70M Medicare Fraud Scheme,2024-04-15,Man Charged for Over $70M Medicare Fraud Scheme,https://oig.hhs.gov/fraud/enforcement/man-charged-for-over-70m-medicare-fraud-scheme/
Doctor Sentenced For Unlawful Distribution Of Oxycodone,2024-04-16,Doctor Sentenced For Unlawful Distribution Of Oxycodone,https://oig.hhs.gov/fraud/enforcement/doctor-sentenced-for-unlawful-distribution-of-oxycodone/
Attorney General Ford Announces Sentencing Of Behavioral Health Company Employee,2024-04-17,Attorney General Ford Announces Sentencing Of Behavioral Health Company Employee,https://oig.hhs.gov/fraud/enforcement/attorney-general-ford-announces-sentencing-of-behavioral-health-company-employee/
Leader of Multimillion-Dollar Clinic Scam Resentenced for Health Care and Tax Fraud Conspiracy,2024-04-17,Leader of Multimillion-Dollar Clinic Scam Resentenced for Health Care and Tax Fraud Conspiracy,https://oig.hhs.gov/fraud/enforcement/leader-of-multimillion-dollar-clinic-scam-resentenced-for-health-care-and-tax-fraud-conspiracy/
Long Island Man Sentenced to 8 Years in Prison for Prescription Drug Diversion Scheme,2024-04-17,Long Island Man Sentenced to 8 Years in Prison for Prescription Drug Diversion Scheme,https://oig.hhs.gov/fraud/enforcement/long-island-man-sentenced-to-8-years-in-prison-for-prescription-drug-diversion-scheme/
"Pittsburgh Health Care Facility Owner Indicted on 33 Counts, Including Fraud, Money Laundering, and Making False Statements Related to Health Care Matters",2024-04-18,"Pittsburgh Health Care Facility Owner Indicted on 33 Counts, Including Fraud, Money Laundering, and Making False Statements Related to Health Care Matters",https://oig.hhs.gov/fraud/enforcement/pittsburgh-health-care-facility-owner-indicted-on-33-counts-including-fraud-money-laundering-and-making-false-statements-related-to-health-care-matters/
Pharmacy Owner Sentenced To Four Years In Prison For Health Care Fraud,2024-04-18,Pharmacy Owner Sentenced To Four Years In Prison For Health Care Fraud,https://oig.hhs.gov/fraud/enforcement/pharmacy-owner-sentenced-to-four-years-in-prison-for-health-care-fraud/
Attorney General Bailey’s Medicaid Fraud Control Unit Earns National Recognition For Effectiveness,2024-04-22,Attorney General Bailey’s Medicaid Fraud Control Unit Earns National Recognition For Effectiveness,https://oig.hhs.gov/fraud/enforcement/attorney-general-baileys-medicaid-fraud-control-unit-earns-national-recognition-for-effectiveness/
"PRC-Saltillo Agreed to Pay $222,000 for Allegedly Violating the Civil Monetary Penalties Law by Employing an Excluded Individual",2024-04-22,"PRC-Saltillo Agreed to Pay $222,000 for Allegedly Violating the Civil Monetary Penalties Law by Employing an Excluded Individual",https://oig.hhs.gov/fraud/enforcement/prc-saltillo-agreed-to-pay-222000-for-allegedly-violating-the-civil-monetary-penalties-law-by-employing-an-excluded-individual/
Clinic Owner Sent To Prison For Orchestrating $15M Medicare Fraud And Kickback Scheme,2024-04-22,Clinic Owner Sent To Prison For Orchestrating $15M Medicare Fraud And Kickback Scheme,https://oig.hhs.gov/fraud/enforcement/clinic-owner-sent-to-prison-for-orchestrating-15m-medicare-fraud-and-kickback-scheme/
Owner Of Burbank-Based Blood Testing Laboratory Indicted For Allegedly Evading The Payment Of Nearly $5.8 Million In Taxes,2024-04-23,Owner Of Burbank-Based Blood Testing Laboratory Indicted For Allegedly Evading The Payment Of Nearly $5.8 Million In Taxes,https://oig.hhs.gov/fraud/enforcement/owner-of-burbank-based-blood-testing-laboratory-indicted-for-allegedly-evading-the-payment-of-nearly-58-million-in-taxes/
"Precision Dose Agreed to Pay $75,000 for Allegedly Violating the Civil Monetary Penalties Law by Failing to Submit Timely Pricing Data",2024-04-23,"Precision Dose Agreed to Pay $75,000 for Allegedly Violating the Civil Monetary Penalties Law by Failing to Submit Timely Pricing Data",https://oig.hhs.gov/fraud/enforcement/precision-dose-agreed-to-pay-75000-for-allegedly-violating-the-civil-monetary-penalties-law-by-failing-to-submit-timely-pricing-data/
Attorney General Moody Announces Arrest Of Two Seminole County Residents For Medicaid Fraud,2024-04-23,Attorney General Moody Announces Arrest Of Two Seminole County Residents For Medicaid Fraud,https://oig.hhs.gov/fraud/enforcement/attorney-general-moody-announces-arrest-of-two-seminole-county-residents-for-medicaid-fraud/
Doctor Charged With Unlawfully Distributing Controlled Substances And Health Care Fraud,2024-04-23,Doctor Charged With Unlawfully Distributing Controlled Substances And Health Care Fraud,https://oig.hhs.gov/fraud/enforcement/doctor-charged-with-unlawfully-distributing-controlled-substances-and-health-care-fraud/
Carr: Hart County Man Pleads Guilty To Elder Exploitation,2024-04-23,Carr: Hart County Man Pleads Guilty To Elder Exploitation,https://oig.hhs.gov/fraud/enforcement/carr-hart-county-man-pleads-guilty-to-elder-exploitation/
Laboratory Owners Charged In $36M COVID-19 Testing Fraud Scheme,2024-04-24,Laboratory Owners Charged In $36M COVID-19 Testing Fraud Scheme,https://oig.hhs.gov/fraud/enforcement/laboratory-owners-charged-in-36m-covid-19-testing-fraud-scheme/
Doctor Indicted On Charges Of Unlawfully Distributing Controlled Substances And Health Care Fraud,2024-04-24,Doctor Indicted On Charges Of Unlawfully Distributing Controlled Substances And Health Care Fraud,https://oig.hhs.gov/fraud/enforcement/doctor-indicted-on-charges-of-unlawfully-distributing-controlled-substances-and-health-care-fraud/
"Laredo Medical Center Agreed to Pay $20,000 for Allegedly Violating the Civil Monetary Penalties Law by Submitting Claims for Services Provided by an Unlicensed Individual",2024-04-25,"Laredo Medical Center Agreed to Pay $20,000 for Allegedly Violating the Civil Monetary Penalties Law by Submitting Claims for Services Provided by an Unlicensed Individual",https://oig.hhs.gov/fraud/enforcement/laredo-medical-center-agreed-to-pay-20000-for-allegedly-violating-the-civil-monetary-penalties-law-by-submitting-claims-for-services-provided-by-an-unlicensed-individual/
"Iowa Nurse Practitioner Agrees To Pay Over $50,000 To Resolve Suit Alleging Fraudulent Durable Medical Equipment (DME) Prescriptions, Kickbacks",2024-04-25,"Iowa Nurse Practitioner Agrees To Pay Over $50,000 To Resolve Suit Alleging Fraudulent Durable Medical Equipment (DME) Prescriptions, Kickbacks",https://oig.hhs.gov/fraud/enforcement/iowa-nurse-practitioner-agrees-to-pay-over-50000-to-resolve-suit-alleging-fraudulent-durable-medical-equipment-dme-prescriptions-kickbacks/
California-Based Nursing Home Chain And Two Executives To Pay $7M To Settle Alleged False Claims For Nursing Home Residents Who Merely Had Been Near Other People With COVID-19,2024-04-26,California-Based Nursing Home Chain And Two Executives To Pay $7M To Settle Alleged False Claims For Nursing Home Residents Who Merely Had Been Near Other People With COVID-19,https://oig.hhs.gov/fraud/enforcement/california-based-nursing-home-chain-and-two-executives-to-pay-7m-to-settle-alleged-false-claims-for-nursing-home-residents-who-merely-had-been-near-other-people-with-covid-19/
San Gabriel Valley-Based Nursing Home Chain and Executives to Pay Over $7 Million to Settle COVID-Related False Claims Allegations,2024-04-26,San Gabriel Valley-Based Nursing Home Chain and Executives to Pay Over $7 Million to Settle COVID-Related False Claims Allegations,https://oig.hhs.gov/fraud/enforcement/san-gabriel-valley-based-nursing-home-chain-and-executives-to-pay-over-7-million-to-settle-covid-related-false-claims-allegations/
Doctor Convicted For $5.4M Medicare Fraud Scheme,2024-04-26,Doctor Convicted For $5.4M Medicare Fraud Scheme,https://oig.hhs.gov/fraud/enforcement/doctor-convicted-for-54m-medicare-fraud-scheme/
Leader Of $50 Million Health Care Fraud Pleads Guilty,2024-04-26,Leader Of $50 Million Health Care Fraud Pleads Guilty,https://oig.hhs.gov/fraud/enforcement/leader-of-50-million-health-care-fraud-pleads-guilty/
Troy Woman Pleads Guilty to Yearslong Fraud to Obtain Benefits,2024-04-26,Troy Woman Pleads Guilty to Yearslong Fraud to Obtain Benefits,https://oig.hhs.gov/fraud/enforcement/troy-woman-pleads-guilty-to-yearslong-fraud-to-obtain-benefits/
Attorney General Alan Wilson Announces Arrest Of Three People Accused Of Stealing From Sumter Assisted Living Resident,2024-04-29,Attorney General Alan Wilson Announces Arrest Of Three People Accused Of Stealing From Sumter Assisted Living Resident,https://oig.hhs.gov/fraud/enforcement/attorney-general-alan-wilson-announces-arrest-of-three-people-accused-of-stealing-from-sumter-assisted-living-resident/
Laboratory Marketer And North Carolina Physicians Agree To Pay Over $1.3M To Settle Kickback Allegations,2024-04-29,Laboratory Marketer And North Carolina Physicians Agree To Pay Over $1.3M To Settle Kickback Allegations,https://oig.hhs.gov/fraud/enforcement/laboratory-marketer-and-north-carolina-physicians-agree-to-pay-over-13m-to-settle-kickback-allegations/
Justice Department Recovers Fraudulent Transfer Of Proceeds Arising From Kickback Scheme,2024-04-29,Justice Department Recovers Fraudulent Transfer Of Proceeds Arising From Kickback Scheme,https://oig.hhs.gov/fraud/enforcement/justice-department-recovers-fraudulent-transfer-of-proceeds-arising-from-kickback-scheme/
"Attorney General Alan Wilson Announces Arrest Of Washington, DC Man Accused Of Fraud Against Vulnerable Adult In Upstate SC",2024-04-29,"Attorney General Alan Wilson Announces Arrest Of Washington, DC Man Accused Of Fraud Against Vulnerable Adult In Upstate SC",https://oig.hhs.gov/fraud/enforcement/attorney-general-alan-wilson-announces-arrest-of-washington-dc-man-accused-of-fraud-against-vulnerable-adult-in-upstate-sc/
"Gastroenterology Associates of Southwest Florida Agreed to Pay $69,000 for Allegedly Violating the Civil Monetary Penalties Law by Employing an Excluded Individual",2024-04-30,"Gastroenterology Associates of Southwest Florida Agreed to Pay $69,000 for Allegedly Violating the Civil Monetary Penalties Law by Employing an Excluded Individual",https://oig.hhs.gov/fraud/enforcement/gastroenterology-associates-of-southwest-florida-agreed-to-pay-69000-for-allegedly-violating-the-civil-monetary-penalties-law-by-employing-an-excluded-individual/
Las Vegas Woman Sentenced To Prison For $1 Million Medicaid Fraud Scheme,2024-05-01,Las Vegas Woman Sentenced To Prison For $1 Million Medicaid Fraud Scheme,https://oig.hhs.gov/fraud/enforcement/las-vegas-woman-sentenced-to-prison-for-1-million-medicaid-fraud-scheme/
Staffing Company To Pay $2.7M For Alleged Failure To Provide Adequate Cybersecurity For COVID-19 Contact Tracing Data,2024-05-01,Staffing Company To Pay $2.7M For Alleged Failure To Provide Adequate Cybersecurity For COVID-19 Contact Tracing Data,https://oig.hhs.gov/fraud/enforcement/staffing-company-to-pay-27m-for-alleged-failure-to-provide-adequate-cybersecurity-for-covid-19-contact-tracing-data/
"Former VA Psychologist Sentenced To Prison For Submitting False Medical Documents, Health Care Fraud",2024-05-01,"Former VA Psychologist Sentenced To Prison For Submitting False Medical Documents, Health Care Fraud",https://oig.hhs.gov/fraud/enforcement/former-va-psychologist-sentenced-to-prison-for-submitting-false-medical-documents-health-care-fraud/
Elara Caring Agrees To Pay $4.2 Million To Settle False Claims Act Allegations That It Billed Medicare For Ineligible Hospice Patients,2024-05-01,Elara Caring Agrees To Pay $4.2 Million To Settle False Claims Act Allegations That It Billed Medicare For Ineligible Hospice Patients,https://oig.hhs.gov/fraud/enforcement/elara-caring-agrees-to-pay-42-million-to-settle-false-claims-act-allegations-that-it-billed-medicare-for-ineligible-hospice-patients/
U.S. Attorney's Office Announces The Formation Of Multi-Agency Health Care Fraud Task Force,2024-05-01,U.S. Attorney's Office Announces The Formation Of Multi-Agency Health Care Fraud Task Force,https://oig.hhs.gov/fraud/enforcement/us-attorneys-office-announces-the-formation-of-multi-agency-health-care-fraud-task-force/
Pain Management Physician Sentenced For Unlawfully Distributing Opioids,2024-05-02,Pain Management Physician Sentenced For Unlawfully Distributing Opioids,https://oig.hhs.gov/fraud/enforcement/pain-management-physician-sentenced-for-unlawfully-distributing-opioids/
"Alnylam Pharmaceuticals Agreed to Pay $170,000 for Allegedly Violating the Civil Monetary Penalties Law by Failing to Submit Timely Pricing Data",2024-05-02,"Alnylam Pharmaceuticals Agreed to Pay $170,000 for Allegedly Violating the Civil Monetary Penalties Law by Failing to Submit Timely Pricing Data",https://oig.hhs.gov/fraud/enforcement/alnylam-pharmaceuticals-agreed-to-pay-170000-for-allegedly-violating-the-civil-monetary-penalties-law-by-failing-to-submit-timely-pricing-data/
Western Pennsylvania Nurse Sentenced To Consecutive Life Sentences After Pleading Guilty To Killing And Attempting To Kill Patients,2024-05-02,Western Pennsylvania Nurse Sentenced To Consecutive Life Sentences After Pleading Guilty To Killing And Attempting To Kill Patients,https://oig.hhs.gov/fraud/enforcement/western-pennsylvania-nurse-sentenced-to-consecutive-life-sentences-after-pleading-guilty-to-killing-and-attempting-to-kill-patients/
Opioid Manufacturer Endo Health Solutions Inc. Ordered to Pay $1.536B In Criminal Fines and Forfeiture for Distributing Misbranded Opioid Medication,2024-05-03,Opioid Manufacturer Endo Health Solutions Inc. Ordered to Pay $1.536B In Criminal Fines and Forfeiture for Distributing Misbranded Opioid Medication,https://oig.hhs.gov/fraud/enforcement/opioid-manufacturer-endo-health-solutions-inc-ordered-to-pay-1536b-in-criminal-fines-and-forfeiture-for-distributing-misbranded-opioid-medication/
Chicago Health Care Company and Its Owner To Pay $1 Million To Settle False Claims Act Lawsuit,2024-05-03,Chicago Health Care Company and Its Owner To Pay $1 Million To Settle False Claims Act Lawsuit,https://oig.hhs.gov/fraud/enforcement/chicago-health-care-company-and-its-owner-to-pay-1-million-to-settle-false-claims-act-lawsuit/
Florida Hospital System Agrees to Pay $1.5 Million to Resolve Liability Relating to Self-Disclosure of Improper Discounts,2024-05-06,Florida Hospital System Agrees to Pay $1.5 Million to Resolve Liability Relating to Self-Disclosure of Improper Discounts,https://oig.hhs.gov/fraud/enforcement/florida-hospital-system-agrees-to-pay-15-million-to-resolve-liability-relating-to-self-disclosure-of-improper-discounts/
Connecticut Dentists Pay $498K to Settle False Claims Allegations,2024-05-06,Connecticut Dentists Pay $498K to Settle False Claims Allegations,https://oig.hhs.gov/fraud/enforcement/connecticut-dentists-pay-498k-to-settle-false-claims-allegations/
Physician And Owner Of Bellflower Medical Clinic Pleads Guilty To Defrauding Medi-Cal Family Program Out Of More Than $2.5 Million,2024-05-07,Physician And Owner Of Bellflower Medical Clinic Pleads Guilty To Defrauding Medi-Cal Family Program Out Of More Than $2.5 Million,https://oig.hhs.gov/fraud/enforcement/physician-and-owner-of-bellflower-medical-clinic-pleads-guilty-to-defrauding-medi-cal-family-program-out-of-more-than-25-million/
"Daniel Hurt, Landmark Diagnostics, Fountain Healthcare Services, First Choice Laboratory, and Sonoran Desert Pathology Associates Agreed to Be Excluded for 70 Years for Allegedly Submitting False Claims and Paying Improper Remuneration",2024-05-07,"Daniel Hurt, Landmark Diagnostics, Fountain Healthcare Services, First Choice Laboratory, and Sonoran Desert Pathology Associates Agreed to Be Excluded for 70 Years for Allegedly Submitting False Claims and Paying Improper Remuneration",https://oig.hhs.gov/fraud/enforcement/daniel-hurt-landmark-diagnostics-fountain-healthcare-services-first-choice-laboratory-and-sonoran-desert-pathology-associates-agreed-to-be-excluded-for-70-years-for-allegedly-submitting-false-claims-and-paying-improper-remuneration/
Former Inland Empire Nonprofit CEO Arrested On Indictment Alleging She Embezzled Federal Grant Funds For Wedding And Crypto,2024-05-07,Former Inland Empire Nonprofit CEO Arrested On Indictment Alleging She Embezzled Federal Grant Funds For Wedding And Crypto,https://oig.hhs.gov/fraud/enforcement/former-inland-empire-nonprofit-ceo-arrested-on-indictment-alleging-she-embezzled-federal-grant-funds-for-wedding-and-crypto/
Florida Man Sentenced To 10 Years In Prison And Ordered To Pay More Than $97 Million In Restitution For Participation In Multiple Health Care Fraud And Kickback Schemes,2024-05-07,Florida Man Sentenced To 10 Years In Prison And Ordered To Pay More Than $97 Million In Restitution For Participation In Multiple Health Care Fraud And Kickback Schemes,https://oig.hhs.gov/fraud/enforcement/florida-man-sentenced-to-10-years-in-prison-and-ordered-to-pay-more-than-97-million-in-restitution-for-participation-in-multiple-health-care-fraud-and-kickback-schemes/
"Baptist Medical Center South Agreed to Pay $247,000 for Allegedly Violating the Civil Monetary Penalties Law by Submitting Claims for Occupational Therapy Services that Did Not Meet Medicare Requirements",2024-05-07,"Baptist Medical Center South Agreed to Pay $247,000 for Allegedly Violating the Civil Monetary Penalties Law by Submitting Claims for Occupational Therapy Services that Did Not Meet Medicare Requirements",https://oig.hhs.gov/fraud/enforcement/baptist-medical-center-south-agreed-to-pay-247000-for-allegedly-violating-the-civil-monetary-penalties-law-by-submitting-claims-for-occupational-therapy-services-that-did-not-meet-medicare-requirements/
Attorney General Ford Announces Conviction Of Health Care Company And Its Owner,2024-05-07,Attorney General Ford Announces Conviction Of Health Care Company And Its Owner,https://oig.hhs.gov/fraud/enforcement/attorney-general-ford-announces-conviction-of-health-care-company-and-its-owner/
"Four People Plead Guilty, Sentenced For Multi-Million-Dollar Medicaid Fraud Scheme That Involved Inflated Transportation Costs, Other Phantom Services",2024-05-07,"Four People Plead Guilty, Sentenced For Multi-Million-Dollar Medicaid Fraud Scheme That Involved Inflated Transportation Costs, Other Phantom Services",https://oig.hhs.gov/fraud/enforcement/four-people-plead-guilty-sentenced-for-multi-million-dollar-medicaid-fraud-scheme-that-involved-inflated-transportation-costs-other-phantom-services/
Former Memphis Caregiver Charged With Abuse Of Vulnerable Adult,2024-05-07,Former Memphis Caregiver Charged With Abuse Of Vulnerable Adult,https://oig.hhs.gov/fraud/enforcement/former-memphis-caregiver-charged-with-abuse-of-vulnerable-adult/
DOJ Resolves Allegations Tacoma Spine Surgeon Billed For Unnecessary Surgeries,2024-05-07,DOJ Resolves Allegations Tacoma Spine Surgeon Billed For Unnecessary Surgeries,https://oig.hhs.gov/fraud/enforcement/doj-resolves-allegations-tacoma-spine-surgeon-billed-for-unnecessary-surgeries/
"Ascension St. John Medical Center Agreed to Pay $556,000 for Allegedly Violating the Civil Monetary Penalties Law by Paying Remuneration in the Form of On-Call Services Above Fair Market Value",2024-05-08,"Ascension St. John Medical Center Agreed to Pay $556,000 for Allegedly Violating the Civil Monetary Penalties Law by Paying Remuneration in the Form of On-Call Services Above Fair Market Value",https://oig.hhs.gov/fraud/enforcement/ascension-st-john-medical-center-agreed-to-pay-556000-for-allegedly-violating-the-civil-monetary-penalties-law-by-paying-remuneration-in-the-form-of-on-call-services-above-fair-market-value/
Local Physician And Practice Agree To Pay Over $2 Million To Settle False Claims Act Allegations,2024-05-08,Local Physician And Practice Agree To Pay Over $2 Million To Settle False Claims Act Allegations,https://oig.hhs.gov/fraud/enforcement/local-physician-and-practice-agree-to-pay-over-2-million-to-settle-false-claims-act-allegations/
Three Tennessee Physicians Sentenced For Roles In Drug Trafficking And Fraud Schemes,2024-05-09,Three Tennessee Physicians Sentenced For Roles In Drug Trafficking And Fraud Schemes,https://oig.hhs.gov/fraud/enforcement/three-tennessee-physicians-sentenced-for-roles-in-drug-trafficking-and-fraud-schemes/
"Shelby Township Doctor Sentenced To 12 Years In Prison For Illegally Distributing More Than 270,000 Opioid Pills Worth More Than $6.3 Million",2024-05-09,"Shelby Township Doctor Sentenced To 12 Years In Prison For Illegally Distributing More Than 270,000 Opioid Pills Worth More Than $6.3 Million",https://oig.hhs.gov/fraud/enforcement/shelby-township-doctor-sentenced-to-12-years-in-prison-for-illegally-distributing-more-than-270000-opioid-pills-worth-more-than-63-million/
Prasanta Ghose and Modern Laboratory Agreed to Be Excluded for 10 Years for Allegedly Submitting False Claims for Venipuncture and Travel Allowance,2024-05-09,Prasanta Ghose and Modern Laboratory Agreed to Be Excluded for 10 Years for Allegedly Submitting False Claims for Venipuncture and Travel Allowance,https://oig.hhs.gov/fraud/enforcement/prasanta-ghose-and-modern-laboratory-agreed-to-be-excluded-for-10-years-for-allegedly-submitting-false-claims-for-venipuncture-and-travel-allowance/
"Fairmont Crossing Health and Rehabilitation Agreed to Pay $40,000 for Allegedly Violating the Civil Monetary Penalties Law by Submitting Claims for Services Provided by an Unlicensed Individual",2024-05-09,"Fairmont Crossing Health and Rehabilitation Agreed to Pay $40,000 for Allegedly Violating the Civil Monetary Penalties Law by Submitting Claims for Services Provided by an Unlicensed Individual",https://oig.hhs.gov/fraud/enforcement/fairmont-crossing-health-and-rehabilitation-agreed-to-pay-40000-for-allegedly-violating-the-civil-monetary-penalties-law-by-submitting-claims-for-services-provided-by-an-unlicensed-individual/
"Rushford Center Agreed to Pay $27,000 for Allegedly Violating the Civil Monetary Penalties Law by Employing an Excluded Individual",2024-05-09,"Rushford Center Agreed to Pay $27,000 for Allegedly Violating the Civil Monetary Penalties Law by Employing an Excluded Individual",https://oig.hhs.gov/fraud/enforcement/rushford-center-agreed-to-pay-27000-for-allegedly-violating-the-civil-monetary-penalties-law-by-employing-an-excluded-individual/
UPDATED//Lehigh Valley Psychiatrist Charged With Stealing From Medicare Through Improper Billing Scheme,2024-05-09,UPDATED//Lehigh Valley Psychiatrist Charged With Stealing From Medicare Through Improper Billing Scheme,https://oig.hhs.gov/fraud/enforcement/lehigh-valley-psychiatrist-charged-with-stealing-from-medicare-through-improper-billing-scheme/
Kroger Specialty Pharmacy Agreed to Pay $23.5 Million for Allegedly Violating the Civil Monetary Penalties Law by Submitting Claims Supported by False Prior Authorizations,2024-05-10,Kroger Specialty Pharmacy Agreed to Pay $23.5 Million for Allegedly Violating the Civil Monetary Penalties Law by Submitting Claims Supported by False Prior Authorizations,https://oig.hhs.gov/fraud/enforcement/kroger-specialty-pharmacy-agreed-to-pay-235-million-for-allegedly-violating-the-civil-monetary-penalties-law-by-submitting-claims-supported-by-false-prior-authorizations/
Doctor Convicted Of $6.3M Medicare Fraud Scheme,2024-05-10,Doctor Convicted Of $6.3M Medicare Fraud Scheme,https://oig.hhs.gov/fraud/enforcement/doctor-convicted-of-63m-medicare-fraud-scheme/
Dentist Sentenced For Unlawfully Distributing Opioids That Caused Patient’s Death,2024-05-10,Dentist Sentenced For Unlawfully Distributing Opioids That Caused Patient’s Death,https://oig.hhs.gov/fraud/enforcement/dentist-sentenced-for-unlawfully-distributing-opioids-that-caused-patients-death/
Connecticut Ophthalmologist Sentenced To Prison For Five-Year Health Care Fraud Scheme,2024-05-10,Connecticut Ophthalmologist Sentenced To Prison For Five-Year Health Care Fraud Scheme,https://oig.hhs.gov/fraud/enforcement/connecticut-ophthalmologist-sentenced-to-prison-for-five-year-health-care-fraud-scheme/
Glastonbury Psychologist Sentenced To Prison For Defrauding Medicaid Of More Than $1.6 Million,2024-05-10,Glastonbury Psychologist Sentenced To Prison For Defrauding Medicaid Of More Than $1.6 Million,https://oig.hhs.gov/fraud/enforcement/glastonbury-psychologist-sentenced-to-prison-for-defrauding-medicaid-of-more-than-16-million/
Memphis Woman Charged With Abuse Of Vulnerable Adult,2024-05-13,Memphis Woman Charged With Abuse Of Vulnerable Adult,https://oig.hhs.gov/fraud/enforcement/memphis-woman-charged-with-abuse-of-vulnerable-adult/
Ten Individuals Charged With Theft Of Federal Program Funds From Tuskegee University,2024-05-13,Ten Individuals Charged With Theft Of Federal Program Funds From Tuskegee University,https://oig.hhs.gov/fraud/enforcement/ten-individuals-charged-with-theft-of-federal-program-funds-from-tuskegee-university/
Three Admit Half-Million Dollar Health Care Fraud Conspiracy,2024-05-13,Three Admit Half-Million Dollar Health Care Fraud Conspiracy,https://oig.hhs.gov/fraud/enforcement/three-admit-half-million-dollar-health-care-fraud-conspiracy/
"Trilogy Pro Services Agreed to Pay $716,000 for Allegedly Violating the Civil Monetary Penalties Law by Submitting False Claims for Prescription Refills",2024-05-14,"Trilogy Pro Services Agreed to Pay $716,000 for Allegedly Violating the Civil Monetary Penalties Law by Submitting False Claims for Prescription Refills",https://oig.hhs.gov/fraud/enforcement/trilogy-pro-services-agreed-to-pay-716000-for-allegedly-violating-the-civil-monetary-penalties-law-by-submitting-false-claims-for-prescription-refills/
"Penfield Place Agreed to Pay $53,000 for Allegedly Violating the Civil Monetary Penalties Law by Employing an Excluded Individual",2024-05-14,"Penfield Place Agreed to Pay $53,000 for Allegedly Violating the Civil Monetary Penalties Law by Employing an Excluded Individual",https://oig.hhs.gov/fraud/enforcement/penfield-place-agreed-to-pay-53000-for-allegedly-violating-the-civil-monetary-penalties-law-by-employing-an-excluded-individual/
Missouri And New Orleans Men Charged With $174 Million Conspiracy To Commit Health Care Fraud,2024-05-14,Missouri And New Orleans Men Charged With $174 Million Conspiracy To Commit Health Care Fraud,https://oig.hhs.gov/fraud/enforcement/missouri-and-new-orleans-men-charged-with-174-million-conspiracy-to-commit-health-care-fraud/
"Pennsylvania Man Sentenced To Probation And $20,000 Fine For Attempting To Obstruct Investigation Into Purdue Pharma’s And Practice Fusion’s Violations Of Anti-Kickback Statute",2024-05-15,"Pennsylvania Man Sentenced To Probation And $20,000 Fine For Attempting To Obstruct Investigation Into Purdue Pharma’s And Practice Fusion’s Violations Of Anti-Kickback Statute",https://oig.hhs.gov/fraud/enforcement/pennsylvania-man-sentenced-to-probation-and-20000-fine-for-attempting-to-obstruct-investigation-into-purdue-pharmas-and-practice-fusions-violations-of-anti-kickback-statute/
U.S. Attorney Announces $2.5 Million False Claims Act Settlement With Diagnostic Testing Facility For Paying Kickbacks To Physicians For Patient Referrals,2024-05-15,U.S. Attorney Announces $2.5 Million False Claims Act Settlement With Diagnostic Testing Facility For Paying Kickbacks To Physicians For Patient Referrals,https://oig.hhs.gov/fraud/enforcement/us-attorney-announces-25-million-false-claims-act-settlement-with-diagnostic-testing-facility-for-paying-kickbacks-to-physicians-for-patient-referrals/
Owner Of Home Health Services Agency And Parent Of Disabled Child Arrested For Medicaid Provider Fraud,2024-05-15,Owner Of Home Health Services Agency And Parent Of Disabled Child Arrested For Medicaid Provider Fraud,https://oig.hhs.gov/fraud/enforcement/owner-of-home-health-services-agency-and-parent-of-disabled-child-arrested-for-medicaid-provider-fraud/
Cape Cod Hospital To Pay $24.3 Million To Resolve False Claims Act Allegations Concerning Its Failure To Comply With Medicare Rules For Cardiac Procedures,2024-05-16,Cape Cod Hospital To Pay $24.3 Million To Resolve False Claims Act Allegations Concerning Its Failure To Comply With Medicare Rules For Cardiac Procedures,https://oig.hhs.gov/fraud/enforcement/cape-cod-hospital-to-pay-243-million-to-resolve-false-claims-act-allegations-concerning-its-failure-to-comply-with-medicare-rules-for-cardiac-procedures/
"Hospice Owner Sentenced To 240 Months Imprisonment And Ordered To Repay $42,000,000 For Defrauding Medicare",2024-05-16,"Hospice Owner Sentenced To 240 Months Imprisonment And Ordered To Repay $42,000,000 For Defrauding Medicare",https://oig.hhs.gov/fraud/enforcement/hospice-owner-sentenced-to-240-months-imprisonment-and-ordered-to-repay-42000000-for-defrauding-medicare/
Dayton Woman Indicted For $1.5 Million Theft From Medicaid Program,2024-05-17,Dayton Woman Indicted For $1.5 Million Theft From Medicaid Program,https://oig.hhs.gov/fraud/enforcement/dayton-woman-indicted-for-15-million-theft-from-medicaid-program/
Montague Caregiver Charged With Medicaid Fraud,2024-05-17,Montague Caregiver Charged With Medicaid Fraud,https://oig.hhs.gov/fraud/enforcement/montague-caregiver-charged-with-medicaid-fraud/
Laredo Resident Sent To Prison For Impersonating Licensed Nurse,2024-05-17,Laredo Resident Sent To Prison For Impersonating Licensed Nurse,https://oig.hhs.gov/fraud/enforcement/laredo-resident-sent-to-prison-for-impersonating-licensed-nurse/
Cleveland Clinic to Pay Over $7 Million to Settle Allegations of Undisclosed Foreign Sources of Funding on NIH Grant Applications and Reports,2024-05-17,Cleveland Clinic to Pay Over $7 Million to Settle Allegations of Undisclosed Foreign Sources of Funding on NIH Grant Applications and Reports,https://oig.hhs.gov/fraud/enforcement/cleveland-clinic-to-pay-over-7-million-to-settle-allegations-of-undisclosed-foreign-sources-of-funding-on-nih-grant-applications-and-reports/
"Nurse Sentenced To Federal Prison For Stealing Pain Medication From Patients And Fined $20,000",2024-05-17,"Nurse Sentenced To Federal Prison For Stealing Pain Medication From Patients And Fined $20,000",https://oig.hhs.gov/fraud/enforcement/nurse-sentenced-to-federal-prison-for-stealing-pain-medication-from-patients-and-fined-20000/
"Charlotte Licensed Clinical Social Worker Convicted Of Medicaid Fraud, COVID-19 Relief Fraud, And Money Laundering",2024-05-17,"Charlotte Licensed Clinical Social Worker Convicted Of Medicaid Fraud, COVID-19 Relief Fraud, And Money Laundering",https://oig.hhs.gov/fraud/enforcement/charlotte-licensed-clinical-social-worker-convicted-of-medicaid-fraud-covid-19-relief-fraud-and-money-laundering/
"Avicenna Pharmacy Agreed to Pay $180,000 for Allegedly Violating the Civil Monetary Penalties Law by Paying Remuneration to Beneficiaries in the Form of Reduced Deductibles",2024-05-19,"Avicenna Pharmacy Agreed to Pay $180,000 for Allegedly Violating the Civil Monetary Penalties Law by Paying Remuneration to Beneficiaries in the Form of Reduced Deductibles",https://oig.hhs.gov/fraud/enforcement/avicenna-pharmacy-agreed-to-pay-180000-for-allegedly-violating-the-civil-monetary-penalties-law-by-paying-remuneration-to-beneficiaries-in-the-form-of-reduced-deductibles/
Government Contractor Settles Claims That It Billed for Personnel Who Lacked Required Security Clearances,2024-05-20,Government Contractor Settles Claims That It Billed for Personnel Who Lacked Required Security Clearances,https://oig.hhs.gov/fraud/enforcement/government-contractor-settles-claims-that-it-billed-for-personnel-who-lacked-required-security-clearances/
Orthopedic Surgeon Sentenced To More Than One Year In Prison For Health Care Fraud,2024-05-21,Orthopedic Surgeon Sentenced To More Than One Year In Prison For Health Care Fraud,https://oig.hhs.gov/fraud/enforcement/orthopedic-surgeon-sentenced-to-more-than-one-year-in-prison-for-health-care-fraud/
Magellan Diagnostics Agrees To Plead Guilty And Pay $42 Million To Resolve Criminal Charges,2024-05-21,Magellan Diagnostics Agrees To Plead Guilty And Pay $42 Million To Resolve Criminal Charges,https://oig.hhs.gov/fraud/enforcement/magellan-diagnostics-agrees-to-plead-guilty-and-pay-42-million-to-resolve-criminal-charges/
"St. Agnes Hospital Agreed to Pay $69,000 for Allegedly Violating the Civil Monetary Penalties Law by Paying Remuneration in the Form of Free Office Space and Clinical Services and Submitted False Claims for Patients in Clinical Research Programs",2024-05-21,"St. Agnes Hospital Agreed to Pay $69,000 for Allegedly Violating the Civil Monetary Penalties Law by Paying Remuneration in the Form of Free Office Space and Clinical Services and Submitted False Claims for Patients in Clinical Research Programs",https://oig.hhs.gov/fraud/enforcement/st-agnes-hospital-agreed-to-pay-69000-for-allegedly-violating-the-civil-monetary-penalties-law-by-paying-remuneration-in-the-form-of-free-office-space-and-clinical-services-and-submitted-false-claims-for-patients-in-clinical-research-programs/
"Boston-Based Dental Practice And Manager Indicted for Medicaid Fraud, Unlicensed Practice Of Dentistry, And Assault And Battery",2024-05-21,"Boston-Based Dental Practice And Manager Indicted for Medicaid Fraud, Unlicensed Practice Of Dentistry, And Assault And Battery",https://oig.hhs.gov/fraud/enforcement/boston-based-dental-practice-and-manager-indicted-for-medicaid-fraud-unlicensed-practice-of-dentistry-and-assault-and-battery/
Man Sentenced For Laundering Over $4.5M Obtained From Business Email Compromise And Romance Fraud Schemes,2024-05-21,Man Sentenced For Laundering Over $4.5M Obtained From Business Email Compromise And Romance Fraud Schemes,https://oig.hhs.gov/fraud/enforcement/man-sentenced-for-laundering-over-45m-obtained-from-business-email-compromise-and-romance-fraud-schemes/
"Mississippi Man Admits $51 Million Health Care Fraud Scheme Involving Durable Medical Equipment, Genetic Cancer Screening Tests, And Compounded Medications",2024-05-22,"Mississippi Man Admits $51 Million Health Care Fraud Scheme Involving Durable Medical Equipment, Genetic Cancer Screening Tests, And Compounded Medications",https://oig.hhs.gov/fraud/enforcement/mississippi-man-admits-51-million-health-care-fraud-scheme-involving-durable-medical-equipment-genetic-cancer-screening-tests-and-compounded-medications/
Former Wallingford Doctor Who Sold Opioid Prescriptions For Cash Sentenced To Federal Prison,2024-05-22,Former Wallingford Doctor Who Sold Opioid Prescriptions For Cash Sentenced To Federal Prison,https://oig.hhs.gov/fraud/enforcement/former-wallingford-doctor-who-sold-opioid-prescriptions-for-cash-sentenced-to-federal-prison/
"Two Indicted, Charged In TBI Medicaid Fraud Theft Case",2024-05-23,"Two Indicted, Charged In TBI Medicaid Fraud Theft Case",https://oig.hhs.gov/fraud/enforcement/two-indicted-charged-in-tbi-medicaid-fraud-theft-case/
Attorney General Alan Wilson Announces Arrest Of Myrtle Beach Father And Son For Stealing From Assisted Living Center Resident,2024-05-23,Attorney General Alan Wilson Announces Arrest Of Myrtle Beach Father And Son For Stealing From Assisted Living Center Resident,https://oig.hhs.gov/fraud/enforcement/attorney-general-alan-wilson-announces-arrest-of-myrtle-beach-father-and-son-for-stealing-from-assisted-living-center-resident/
Attorney General James Secures Over $10 Million From Health Care Companies For Failing To Provide Care To New Yorkers,2024-05-23,Attorney General James Secures Over $10 Million From Health Care Companies For Failing To Provide Care To New Yorkers,https://oig.hhs.gov/fraud/enforcement/attorney-general-james-secures-over-10-million-from-health-care-companies-for-failing-to-provide-care-to-new-yorkers/
Doctor Convicted Of Nearly $2M Medicare And Medicaid Fraud Scheme,2024-05-23,Doctor Convicted Of Nearly $2M Medicare And Medicaid Fraud Scheme,https://oig.hhs.gov/fraud/enforcement/doctor-convicted-of-nearly-2m-medicare-and-medicaid-fraud-scheme/
U.S. Attorney Announces $10.1 Million Settlement With Managed Long-Term Care Plan For Improper Receipt Of Medicaid Payments,2024-05-23,U.S. Attorney Announces $10.1 Million Settlement With Managed Long-Term Care Plan For Improper Receipt Of Medicaid Payments,https://oig.hhs.gov/fraud/enforcement/us-attorney-announces-101-million-settlement-with-managed-long-term-care-plan-for-improper-receipt-of-medicaid-payments/
Fugitive Who Fled To The Dominican Republic Sentenced For Laundering Millions Of Health Care Fraud Proceeds,2024-05-23,Fugitive Who Fled To The Dominican Republic Sentenced For Laundering Millions Of Health Care Fraud Proceeds,https://oig.hhs.gov/fraud/enforcement/fugitive-who-fled-to-the-dominican-republic-sentenced-for-laundering-millions-of-health-care-fraud-proceeds/
Florida Businessman Daniel Hurt To Pay Over $27 Million For Medicare Fraud In Connection With Cancer Genomic Tests,2024-05-24,Florida Businessman Daniel Hurt To Pay Over $27 Million For Medicare Fraud In Connection With Cancer Genomic Tests,https://oig.hhs.gov/fraud/enforcement/florida-businessman-daniel-hurt-to-pay-over-27-million-for-medicare-fraud-in-connection-with-cancer-genomic-tests/
Doctor Convicted Of $70M Medicare Fraud Scheme,2024-05-24,Doctor Convicted Of $70M Medicare Fraud Scheme,https://oig.hhs.gov/fraud/enforcement/doctor-convicted-of-70m-medicare-fraud-scheme/
Wisconsin Attorney Sentenced To Five And A Half Years In Federal Prison For $2.3 Million Fraud And Tax Evasion Schemes,2024-05-28,Wisconsin Attorney Sentenced To Five And A Half Years In Federal Prison For $2.3 Million Fraud And Tax Evasion Schemes,https://oig.hhs.gov/fraud/enforcement/wisconsin-attorney-sentenced-to-five-and-a-half-years-in-federal-prison-for-23-million-fraud-and-tax-evasion-schemes/
"Penn Highlands Healthcare To Pay $735,000 To Settle False Claims Act Allegations",2024-05-28,"Penn Highlands Healthcare To Pay $735,000 To Settle False Claims Act Allegations",https://oig.hhs.gov/fraud/enforcement/penn-highlands-healthcare-to-pay-735000-to-settle-false-claims-act-allegations/
"Rehabilitation Hospital of the Pacific Agreed to Pay $208,000 for Allegedly Violating the Civil Monetary Penalties Law by Employing an Excluded Individual",2024-05-28,"Rehabilitation Hospital of the Pacific Agreed to Pay $208,000 for Allegedly Violating the Civil Monetary Penalties Law by Employing an Excluded Individual",https://oig.hhs.gov/fraud/enforcement/rehabilitation-hospital-of-the-pacific-agreed-to-pay-208000-for-allegedly-violating-the-civil-monetary-penalties-law-by-employing-an-excluded-individual/
Medical Device Manufacturer Innovasis Inc. and Two Top Executives Agree to Pay $12M to Settle Allegations of Improper Payments to Physicians,2024-05-29,Medical Device Manufacturer Innovasis Inc. and Two Top Executives Agree to Pay $12M to Settle Allegations of Improper Payments to Physicians,https://oig.hhs.gov/fraud/enforcement/medical-device-manufacturer-innovasis-inc-and-two-top-executives-agree-to-pay-12m-to-settle-allegations-of-improper-payments-to-physicians/
Attorney General Ken Paxton Secures 84-Month Prison Sentence for Clinic Owner in $15 Million Medicare Fraud Scheme,2024-05-30,Attorney General Ken Paxton Secures 84-Month Prison Sentence for Clinic Owner in $15 Million Medicare Fraud Scheme,https://oig.hhs.gov/fraud/enforcement/attorney-general-ken-paxton-secures-84-month-prison-sentence-for-clinic-owner-in-15-million-medicare-fraud-scheme/
Florida Felon Sentenced to Prison for Role in Multi-Million Dollar Health Care Kickback Scheme After Pleading Guilty to COVID-19 Fraud and Unlawfully Possessing Firearm,2024-05-30,Florida Felon Sentenced to Prison for Role in Multi-Million Dollar Health Care Kickback Scheme After Pleading Guilty to COVID-19 Fraud and Unlawfully Possessing Firearm,https://oig.hhs.gov/fraud/enforcement/florida-felon-sentenced-to-prison-for-role-in-multi-million-dollar-health-care-kickback-scheme-after-pleading-guilty-to-covid-19-fraud-and-unlawfully-possessing-firearm/
"Dermatology and Laser Center of Charleston Agreed to Pay $426,000 for Allegedly Violating the Civil Monetary Penalties Law by Submitting Claims for Incident-to Services Not Provided as Claimed",2024-05-31,"Dermatology and Laser Center of Charleston Agreed to Pay $426,000 for Allegedly Violating the Civil Monetary Penalties Law by Submitting Claims for Incident-to Services Not Provided as Claimed",https://oig.hhs.gov/fraud/enforcement/dermatology-and-laser-center-of-charleston-agreed-to-pay-426000-for-allegedly-violating-the-civil-monetary-penalties-law-by-submitting-claims-for-incident-to-services-not-provided-as-claimed/
Pharmacy Owner Sentenced For Paying Illegal Kickbacks And Engaging In A Money Laundering Conspiracy,2024-05-31,Pharmacy Owner Sentenced For Paying Illegal Kickbacks And Engaging In A Money Laundering Conspiracy,https://oig.hhs.gov/fraud/enforcement/pharmacy-owner-sentenced-for-paying-illegal-kickbacks-and-engaging-in-a-money-laundering-conspiracy/
"Massachusetts Surgeon To Pay $200,000 To Resolve Allegations Of Soliciting And Receiving Illegal Kickbacks",2024-05-31,"Massachusetts Surgeon To Pay $200,000 To Resolve Allegations Of Soliciting And Receiving Illegal Kickbacks",https://oig.hhs.gov/fraud/enforcement/massachusetts-surgeon-to-pay-200000-to-resolve-allegations-of-soliciting-and-receiving-illegal-kickbacks/
"Aleca Home Health Agreed to Pay $94,000 for Allegedly Violating the Civil Monetary Penalties Law by Submitting Claims for Services Provided by Unlicensed Individuals",2024-06-03,"Aleca Home Health Agreed to Pay $94,000 for Allegedly Violating the Civil Monetary Penalties Law by Submitting Claims for Services Provided by Unlicensed Individuals",https://oig.hhs.gov/fraud/enforcement/aleca-home-health-agreed-to-pay-94000-for-allegedly-violating-the-civil-monetary-penalties-law-by-submitting-claims-for-services-provided-by-unlicensed-individuals/
"Lorien Health Services Agreed to Pay $55,000 for Allegedly Violating the Civil Monetary Penalties Law by Retaining Overpayments",2024-06-04,"Lorien Health Services Agreed to Pay $55,000 for Allegedly Violating the Civil Monetary Penalties Law by Retaining Overpayments",https://oig.hhs.gov/fraud/enforcement/lorien-health-services-agreed-to-pay-55000-for-allegedly-violating-the-civil-monetary-penalties-law-by-retaining-overpayments/
"Dr. Gabriel Gonzalez Carabello Agreed to Pay $351,000 for Allegedly Violating the Civil Monetary Penalties Law by Receiving Remuneration in the Form of a Space Lease Arrangement, Salaries, and Supplies",2024-06-04,"Dr. Gabriel Gonzalez Carabello Agreed to Pay $351,000 for Allegedly Violating the Civil Monetary Penalties Law by Receiving Remuneration in the Form of a Space Lease Arrangement, Salaries, and Supplies",https://oig.hhs.gov/fraud/enforcement/dr-gabriel-gonzalez-carabello-agreed-to-pay-351000-for-allegedly-violating-the-civil-monetary-penalties-law-by-receiving-remuneration-in-the-form-of-a-space-lease-arrangement-salaries-and-supplies/
"The Estates of St. Louis Agreed to Pay $300,000 for Allegedly Violating the Civil Monetary Penalties Law by Employing an Excluded Individual",2024-06-05,"The Estates of St. Louis Agreed to Pay $300,000 for Allegedly Violating the Civil Monetary Penalties Law by Employing an Excluded Individual",https://oig.hhs.gov/fraud/enforcement/the-estates-of-st-louis-agreed-to-pay-300000-for-allegedly-violating-the-civil-monetary-penalties-law-by-employing-an-excluded-individual/
Macon Resident Pleads Guilty To Obstructing Justice In Civil Investigation,2024-06-05,Macon Resident Pleads Guilty To Obstructing Justice In Civil Investigation,https://oig.hhs.gov/fraud/enforcement/macon-resident-pleads-guilty-to-obstructing-justice-in-civil-investigation/
Chronic Disease Management Provider To Pay $14.9M To Resolve Alleged False Claims,2024-06-05,Chronic Disease Management Provider To Pay $14.9M To Resolve Alleged False Claims,https://oig.hhs.gov/fraud/enforcement/chronic-disease-management-provider-to-pay-149m-to-resolve-alleged-false-claims/
"Chronic Disease Health Care Provider To Pay Florida Medicaid Nearly $600,000 For False Claims Act Violations",2024-06-05,"Chronic Disease Health Care Provider To Pay Florida Medicaid Nearly $600,000 For False Claims Act Violations",https://oig.hhs.gov/fraud/enforcement/chronic-disease-health-care-provider-to-pay-florida-medicaid-nearly-600000-for-false-claims-act-violations/
Pharmacy Owner And Physician Charged With Illegally Diverting Oxycodone For Cash,2024-06-05,Pharmacy Owner And Physician Charged With Illegally Diverting Oxycodone For Cash,https://oig.hhs.gov/fraud/enforcement/pharmacy-owner-and-physician-charged-with-illegally-diverting-oxycodone-for-cash/
"South Coast Retina Center Agreed to Pay $609,000 for Allegedly Violating the Civil Monetary Penalties Law by Paying Remuneration in the Form of Above Fair Market Value Space, Equipment and Staff Lease Payments",2024-06-06,"South Coast Retina Center Agreed to Pay $609,000 for Allegedly Violating the Civil Monetary Penalties Law by Paying Remuneration in the Form of Above Fair Market Value Space, Equipment and Staff Lease Payments",https://oig.hhs.gov/fraud/enforcement/south-coast-retina-center-agreed-to-pay-609000-for-allegedly-violating-the-civil-monetary-penalties-law-by-paying-remuneration-in-the-form-of-above-fair-market-value-space-equipment-and-staff-lease-payments/
"MedPro EMS Agreed to Pay $266,000 for Allegedly Violating the Civil Monetary Penalties Law by Submitting Claims for Services Provided by an Unlicensed Individual",2024-06-06,"MedPro EMS Agreed to Pay $266,000 for Allegedly Violating the Civil Monetary Penalties Law by Submitting Claims for Services Provided by an Unlicensed Individual",https://oig.hhs.gov/fraud/enforcement/medpro-ems-agreed-to-pay-266000-for-allegedly-violating-the-civil-monetary-penalties-law-by-submitting-claims-for-services-provided-by-an-unlicensed-individual/
"Bridgeport Hospital and Northeast Medical Group Agreed to Pay $10.7 Million for Allegedly Paying Remuneration in the Form of Medical Director Services, Management Services, Physician Assistant Services, and Free Staff",2024-06-06,"Bridgeport Hospital and Northeast Medical Group Agreed to Pay $10.7 Million for Allegedly Paying Remuneration in the Form of Medical Director Services, Management Services, Physician Assistant Services, and Free Staff",https://oig.hhs.gov/fraud/enforcement/bridgeport-hospital-and-northeast-medical-group-agreed-to-pay-107-million-for-allegedly-paying-remuneration-in-the-form-of-medical-director-services-management-services-physician-assistant-services-and-free-staff/
Queens And Brooklyn-Based Eye Doctor Settles Health Care Fraud Claims For More Than $2.4 Million,2024-06-06,Queens And Brooklyn-Based Eye Doctor Settles Health Care Fraud Claims For More Than $2.4 Million,https://oig.hhs.gov/fraud/enforcement/queens-and-brooklyn-based-eye-doctor-settles-health-care-fraud-claims-for-more-than-24-million/
Former Fresno Sleep Clinic Owner Sentenced To 46 Months In Prison For Submitting Over $1.5 Million In Fraudulent Claims For Sleep Studies To Medicare And Medi-Cal,2024-06-06,Former Fresno Sleep Clinic Owner Sentenced To 46 Months In Prison For Submitting Over $1.5 Million In Fraudulent Claims For Sleep Studies To Medicare And Medi-Cal,https://oig.hhs.gov/fraud/enforcement/former-fresno-sleep-clinic-owner-sentenced-to-46-months-in-prison-for-submitting-over-15-million-in-fraudulent-claims-for-sleep-studies-to-medicare-and-medi-cal/
Five Individuals Arrested For Defrauding Medicare Of Over $15M Through Sham Hospices And Money Laundering,2024-06-07,Five Individuals Arrested For Defrauding Medicare Of Over $15M Through Sham Hospices And Money Laundering,https://oig.hhs.gov/fraud/enforcement/five-individuals-arrested-for-defrauding-medicare-of-over-15m-through-sham-hospices-and-money-laundering/
Wellesley Psychiatrist Sentenced To Over Eight Years In Prison For $19 Million Insurance Fraud Scheme; Billed Insurance Companies For Thousands Of Services He Never Provided,2024-06-07,Wellesley Psychiatrist Sentenced To Over Eight Years In Prison For $19 Million Insurance Fraud Scheme; Billed Insurance Companies For Thousands Of Services He Never Provided,https://oig.hhs.gov/fraud/enforcement/wellesley-psychiatrist-sentenced-to-over-eight-years-in-prison-for-19-million-insurance-fraud-scheme-billed-insurance-companies-for-thousands-of-services-he-never-provided/
CityMD Agrees To Pay Over $12M For Alleged False Claims To The COVID-19 Uninsured Program,2024-06-07,CityMD Agrees To Pay Over $12M For Alleged False Claims To The COVID-19 Uninsured Program,https://oig.hhs.gov/fraud/enforcement/citymd-agrees-to-pay-over-12m-for-alleged-false-claims-to-the-covid-19-uninsured-program/
AG Campbell Announces $4 Million Settlement With Nursing Home Chain For Significant Staffing And Care Failures Resulting In Resident Neglect,2024-06-10,AG Campbell Announces $4 Million Settlement With Nursing Home Chain For Significant Staffing And Care Failures Resulting In Resident Neglect,https://oig.hhs.gov/fraud/enforcement/ag-campbell-announces-4-million-settlement-with-nursing-home-chain-for-significant-staffing-and-care-failures-resulting-in-resident-neglect/
Pharmacist Convicted Of Unlawfully Dispensing Controlled Substances At Retrial,2024-06-10,Pharmacist Convicted Of Unlawfully Dispensing Controlled Substances At Retrial,https://oig.hhs.gov/fraud/enforcement/pharmacist-convicted-of-unlawfully-dispensing-controlled-substances-at-retrial/
Two Individuals Plead Guilty To Health Care Fraud Conspiracy,2024-06-10,Two Individuals Plead Guilty To Health Care Fraud Conspiracy,https://oig.hhs.gov/fraud/enforcement/two-individuals-plead-guilty-to-health-care-fraud-conspiracy/
Eight Defendants Charged With Multi-Million Dollar Health Care Fraud Scheme,2024-06-11,Eight Defendants Charged With Multi-Million Dollar Health Care Fraud Scheme,https://oig.hhs.gov/fraud/enforcement/eight-defendants-charged-with-multi-million-dollar-health-care-fraud-scheme/
United States Reaches $1.2 Million Civil Settlement With Festus Pain Management Doctor Over Allegations Of False Claims To Federal Health Care Programs,2024-06-11,United States Reaches $1.2 Million Civil Settlement With Festus Pain Management Doctor Over Allegations Of False Claims To Federal Health Care Programs,https://oig.hhs.gov/fraud/enforcement/united-states-reaches-12-million-civil-settlement-with-festus-pain-management-doctor-over-allegations-of-false-claims-to-federal-health-care-programs/
Pharmacy Owner Sentenced For $1M Health Care Fraud Scheme,2024-06-12,Pharmacy Owner Sentenced For $1M Health Care Fraud Scheme,https://oig.hhs.gov/fraud/enforcement/pharmacy-owner-sentenced-for-1m-health-care-fraud-scheme/
"Behavioral Health Companies, CEO, Pay Nearly $4.6 Million To Settle Allegations Related To Telehealth Services For Nursing Home Residents",2024-06-13,"Behavioral Health Companies, CEO, Pay Nearly $4.6 Million To Settle Allegations Related To Telehealth Services For Nursing Home Residents",https://oig.hhs.gov/fraud/enforcement/behavioral-health-companies-ceo-pay-nearly-46-million-to-settle-allegations-related-to-telehealth-services-for-nursing-home-residents/
Former Nurse Sentenced For Adulteration Of Fentanyl,2024-06-13,Former Nurse Sentenced For Adulteration Of Fentanyl,https://oig.hhs.gov/fraud/enforcement/former-nurse-sentenced-for-adulteration-of-fentanyl/
Money Launderer Sentenced To 30 Months In Prison For Laundering Millions Of Dollars Of Health Care Fraud Proceeds,2024-06-13,Money Launderer Sentenced To 30 Months In Prison For Laundering Millions Of Dollars Of Health Care Fraud Proceeds,https://oig.hhs.gov/fraud/enforcement/money-launderer-sentenced-to-30-months-in-prison-for-laundering-millions-of-dollars-of-health-care-fraud-proceeds/
U.S. Attorney Files Civil Fraud Suit Against LabQ And Its CEO For Fraudulently Billing COVID-19 Testing,2024-06-13,U.S. Attorney Files Civil Fraud Suit Against LabQ And Its CEO For Fraudulently Billing COVID-19 Testing,https://oig.hhs.gov/fraud/enforcement/us-attorney-files-civil-fraud-suit-against-labq-and-its-ceo-for-fraudulently-billing-covid-19-testing/
Founder/CEO And Clinical President Of Digital Health Company Arrested For $100M Adderall Distribution And Health Care Fraud Scheme,2024-06-13,Founder/CEO And Clinical President Of Digital Health Company Arrested For $100M Adderall Distribution And Health Care Fraud Scheme,https://oig.hhs.gov/fraud/enforcement/founderceo-and-clinical-president-of-digital-health-company-arrested-for-100m-adderall-distribution-and-health-care-fraud-scheme/
"Citizen Advocates Agreed to Pay $58,000 for Allegedly Violating the Civil Monetary Penalties Law by Submitting Claims for Incident-to Services Without Proper Supervision",2024-06-13,"Citizen Advocates Agreed to Pay $58,000 for Allegedly Violating the Civil Monetary Penalties Law by Submitting Claims for Incident-to Services Without Proper Supervision",https://oig.hhs.gov/fraud/enforcement/citizen-advocates-agreed-to-pay-58000-for-allegedly-violating-the-civil-monetary-penalties-law-by-submitting-claims-for-incident-to-services-without-proper-supervision/
"NHS Management Agreed to Pay $265,000 for Allegedly Violating the Civil Monetary Penalties Law by Employing Excluded Individuals",2024-06-13,"NHS Management Agreed to Pay $265,000 for Allegedly Violating the Civil Monetary Penalties Law by Employing Excluded Individuals",https://oig.hhs.gov/fraud/enforcement/nhs-management-agreed-to-pay-265000-for-allegedly-violating-the-civil-monetary-penalties-law-by-employing-excluded-individuals/
DOJ And Evergreen Treatment Services Settle Allegations Regarding Double Billing Of Government Health Programs,2024-06-13,DOJ And Evergreen Treatment Services Settle Allegations Regarding Double Billing Of Government Health Programs,https://oig.hhs.gov/fraud/enforcement/doj-and-evergreen-treatment-services-settle-allegations-regarding-double-billing-of-government-health-programs/
"Acadian Ambulance Service of Texas Agreed to Pay $196,000 for Allegedly Violating the Civil Monetary Penalties Law by Employing an Excluded Individual",2024-06-14,"Acadian Ambulance Service of Texas Agreed to Pay $196,000 for Allegedly Violating the Civil Monetary Penalties Law by Employing an Excluded Individual",https://oig.hhs.gov/fraud/enforcement/acadian-ambulance-service-of-texas-agreed-to-pay-196000-for-allegedly-violating-the-civil-monetary-penalties-law-by-employing-an-excluded-individual/
"U.S. Attorney Announces Two Additional Civil Settlements As Part Of National Effort To Combat Electronic Stimulation Fraudulent Billing Scheme And Recover Millions, And Enforcement Action Of One Of The Settlements",2024-06-14,"U.S. Attorney Announces Two Additional Civil Settlements As Part Of National Effort To Combat Electronic Stimulation Fraudulent Billing Scheme And Recover Millions, And Enforcement Action Of One Of The Settlements",https://oig.hhs.gov/fraud/enforcement/us-attorney-announces-two-additional-civil-settlements-as-part-of-national-effort-to-combat-electronic-stimulation-fraudulent-billing-scheme-and-recover-millions-and-enforcement-action-of-one-of-the-settlements/
Attorney General Paxton’s Medicaid Fraud Control Unit Takes Down $70 Million Health Care Fraud Scheme,2024-06-17,Attorney General Paxton’s Medicaid Fraud Control Unit Takes Down $70 Million Health Care Fraud Scheme,https://oig.hhs.gov/fraud/enforcement/attorney-general-paxtons-medicaid-fraud-control-unit-takes-down-70-million-health-care-fraud-scheme/
Worcester-Based Dentist And Practice Indicted In $2 Million Medicaid Fraud And Larceny Scheme,2024-06-17,Worcester-Based Dentist And Practice Indicted In $2 Million Medicaid Fraud And Larceny Scheme,https://oig.hhs.gov/fraud/enforcement/worcester-based-dentist-and-practice-indicted-in-2-million-medicaid-fraud-and-larceny-scheme/
New Hanover County Social Worker Sentenced To Prison For Conspiring To Defraud Medicaid,2024-06-17,New Hanover County Social Worker Sentenced To Prison For Conspiring To Defraud Medicaid,https://oig.hhs.gov/fraud/enforcement/new-hanover-county-social-worker-sentenced-to-prison-for-conspiring-to-defraud-medicaid/
Woman Pleads Guilty To COVID-19 Vaccine Card Fraud Scheme,2024-06-17,Woman Pleads Guilty To COVID-19 Vaccine Card Fraud Scheme,https://oig.hhs.gov/fraud/enforcement/woman-pleads-guilty-to-covid-19-vaccine-card-fraud-scheme/
New Indictment Alleges Aaron Rossi Committed Fraud In COVID-19 Testing,2024-06-18,New Indictment Alleges Aaron Rossi Committed Fraud In COVID-19 Testing,https://oig.hhs.gov/fraud/enforcement/new-indictment-alleges-aaron-rossi-committed-fraud-in-covid-19-testing/
Chicago Health Care Company And Its Former Owners To Pay Nearly $2 Million To Settle False Claims Act Lawsuit,2024-06-18,Chicago Health Care Company And Its Former Owners To Pay Nearly $2 Million To Settle False Claims Act Lawsuit,https://oig.hhs.gov/fraud/enforcement/chicago-health-care-company-and-its-former-owners-to-pay-nearly-2-million-to-settle-false-claims-act-lawsuit/
Northern Michigan Physician Assistant Charged With COVID-19 Pandemic Assistance Fraud,2024-06-18,Northern Michigan Physician Assistant Charged With COVID-19 Pandemic Assistance Fraud,https://oig.hhs.gov/fraud/enforcement/northern-michigan-physician-assistant-charged-with-covid-19-pandemic-assistance-fraud/
Attorney General Ellison Charges Five With Stealing More Than $10M In Two Medicaid Fraud Prosecutions,2024-06-19,Attorney General Ellison Charges Five With Stealing More Than $10M In Two Medicaid Fraud Prosecutions,https://oig.hhs.gov/fraud/enforcement/attorney-general-ellison-charges-five-with-stealing-more-than-10m-in-two-medicaid-fraud-prosecutions/
Co-owners of Rhode Island Health Care Centers Charged With Health Care Fraud,2024-06-19,Co-owners of Rhode Island Health Care Centers Charged With Health Care Fraud,https://oig.hhs.gov/fraud/enforcement/co-owners-of-rhode-island-health-care-centers-charged-with-health-care-fraud/
"Altarum Institute Agreed to Pay $262,000 for Allegedly Violating the Civil Monetary Penalties Law by Reporting Inaccurate Time and Effort Spent and Falsifying Data",2024-06-20,"Altarum Institute Agreed to Pay $262,000 for Allegedly Violating the Civil Monetary Penalties Law by Reporting Inaccurate Time and Effort Spent and Falsifying Data",https://oig.hhs.gov/fraud/enforcement/altarum-institute-agreed-to-pay-262000-for-allegedly-violating-the-civil-monetary-penalties-law-by-reporting-inaccurate-time-and-effort-spent-and-falsifying-data/
Hospice Care Company Owner Sentenced On Health Care Fraud Charges,2024-06-20,Hospice Care Company Owner Sentenced On Health Care Fraud Charges,https://oig.hhs.gov/fraud/enforcement/hospice-care-company-owner-sentenced-on-health-care-fraud-charges/
Tapestry Hospice Settles Healthcare Kickback Claims For $1.4 Million,2024-06-20,Tapestry Hospice Settles Healthcare Kickback Claims For $1.4 Million,https://oig.hhs.gov/fraud/enforcement/tapestry-hospice-settles-healthcare-kickback-claims-for-14-million/
Averhealth To Pay Over $1.3 Million To Resolve False Claims Act Allegations Related To Drug Tests Used In Michigan’s Children’s Protective Services & Foster Care Programs,2024-06-20,Averhealth To Pay Over $1.3 Million To Resolve False Claims Act Allegations Related To Drug Tests Used In Michigan’s Children’s Protective Services & Foster Care Programs,https://oig.hhs.gov/fraud/enforcement/averhealth-to-pay-over-13-million-to-resolve-false-claims-act-allegations-related-to-drug-tests-used-in-michigans-childrens-protective-services-foster-care-programs/
Attorney General Jackley Announces Rapid City Woman Sentenced For Grand Theft By Embezzlement,2024-06-21,Attorney General Jackley Announces Rapid City Woman Sentenced For Grand Theft By Embezzlement,https://oig.hhs.gov/fraud/enforcement/attorney-general-jackley-announces-rapid-city-woman-sentenced-for-grand-theft-by-embezzlement/
Waterbury Man Sentenced For Medicaid Fraud,2024-06-21,Waterbury Man Sentenced For Medicaid Fraud,https://oig.hhs.gov/fraud/enforcement/waterbury-man-sentenced-for-medicaid-fraud/
Doctor Convicted Of Unlawful Distribution Of Controlled Substances,2024-06-21,Doctor Convicted Of Unlawful Distribution Of Controlled Substances,https://oig.hhs.gov/fraud/enforcement/doctor-convicted-of-unlawful-distribution-of-controlled-substances/
"Provider Agrees To Pay Over $629,000 To Settle Allegations Of False Claims Act Violations",2024-06-21,"Provider Agrees To Pay Over $629,000 To Settle Allegations Of False Claims Act Violations",https://oig.hhs.gov/fraud/enforcement/provider-agrees-to-pay-over-629000-to-settle-allegations-of-false-claims-act-violations/
Pharmacy Owners Sentenced For $18M COVID-19 Health Care Fraud And Money Laundering Scheme,2024-06-24,Pharmacy Owners Sentenced For $18M COVID-19 Health Care Fraud And Money Laundering Scheme,https://oig.hhs.gov/fraud/enforcement/pharmacy-owners-sentenced-for-18m-covid-19-health-care-fraud-and-money-laundering-scheme/
Texas Medical Center Institutions Agree To Pay $15M Record Settlement Involving Concurrent Billing Claims For Critical Surgeries,2024-06-24,Texas Medical Center Institutions Agree To Pay $15M Record Settlement Involving Concurrent Billing Claims For Critical Surgeries,https://oig.hhs.gov/fraud/enforcement/texas-medical-center-institutions-agree-to-pay-15m-record-settlement-involving-concurrent-billing-claims-for-critical-surgeries/
Attorney General Alan Wilson Announces Arrest Of Mount Pleasant Nurse Charged With Stealing Drugs,2024-06-24,Attorney General Alan Wilson Announces Arrest Of Mount Pleasant Nurse Charged With Stealing Drugs,https://oig.hhs.gov/fraud/enforcement/attorney-general-alan-wilson-announces-arrest-of-mount-pleasant-nurse-charged-with-stealing-drugs/
Attorney General Alan Wilson Announces Arrest Of Barnwell Woman For Stealing From Assisted Living Resident,2024-06-24,Attorney General Alan Wilson Announces Arrest Of Barnwell Woman For Stealing From Assisted Living Resident,https://oig.hhs.gov/fraud/enforcement/attorney-general-alan-wilson-announces-arrest-of-barnwell-woman-for-stealing-from-assisted-living-resident/
Worcester Individual Indicted For Stealing From Rest Home And Residents,2024-06-24,Worcester Individual Indicted For Stealing From Rest Home And Residents,https://oig.hhs.gov/fraud/enforcement/worcester-individual-indicted-for-stealing-from-rest-home-and-residents/
Milford Woman Pleads Guilty To Theft Of Medicaid Funds,2024-06-25,Milford Woman Pleads Guilty To Theft Of Medicaid Funds,https://oig.hhs.gov/fraud/enforcement/milford-woman-pleads-guilty-to-theft-of-medicaid-funds/
Ingham County Nurse Charged With Falsifying Medical Records Connected To Resident Fall,2024-06-25,Ingham County Nurse Charged With Falsifying Medical Records Connected To Resident Fall,https://oig.hhs.gov/fraud/enforcement/ingham-county-nurse-charged-with-falsifying-medical-records-connected-to-resident-fall/
"Palo Alto Medical Foundation and Palo Alto Foundation Medical Group Agreed to Pay $291,000 for Allegedly Violating the Civil Monetary Penalties Law by Submitting Claims for Services Not Provided as Claimed",2024-06-25,"Palo Alto Medical Foundation and Palo Alto Foundation Medical Group Agreed to Pay $291,000 for Allegedly Violating the Civil Monetary Penalties Law by Submitting Claims for Services Not Provided as Claimed",https://oig.hhs.gov/fraud/enforcement/palo-alto-medical-foundation-and-palo-alto-foundation-medical-group-agreed-to-pay-291000-for-allegedly-violating-the-civil-monetary-penalties-law-by-submitting-claims-for-services-not-provided-as-claimed/
Houston Dental Clinic Operator Heads To Prison For Role In $6M Pediatric Fraud Scheme,2024-06-25,Houston Dental Clinic Operator Heads To Prison For Role In $6M Pediatric Fraud Scheme,https://oig.hhs.gov/fraud/enforcement/houston-dental-clinic-operator-heads-to-prison-for-role-in-6m-pediatric-fraud-scheme/
"Former Panama City Doctor Agrees To $550,000 Consent Judgment To Resolve FCA and CSA Lawsuit",2024-06-25,"Former Panama City Doctor Agrees To $550,000 Consent Judgment To Resolve FCA and CSA Lawsuit",https://oig.hhs.gov/fraud/enforcement/former-panama-city-doctor-agrees-to-550000-consent-judgment-to-resolve-fca-and-csa-lawsuit/
U.S. Attorney Announces Settlement Of Civil Fraud Lawsuit Against VNS Health And Related Entities For Billing For Services They Failed To Provide Or Document,2024-06-26,U.S. Attorney Announces Settlement Of Civil Fraud Lawsuit Against VNS Health And Related Entities For Billing For Services They Failed To Provide Or Document,https://oig.hhs.gov/fraud/enforcement/us-attorney-announces-settlement-of-civil-fraud-lawsuit-against-vns-health-and-related-entities-for-billing-for-services-they-failed-to-provide-or-document/
Montclair Pharmacist Charged With Submitting Over $300 Million In Fraudulent Claims To Medi-Cal In Medication Reimbursement Scam,2024-06-27,Montclair Pharmacist Charged With Submitting Over $300 Million In Fraudulent Claims To Medi-Cal In Medication Reimbursement Scam,https://oig.hhs.gov/fraud/enforcement/montclair-pharmacist-charged-with-submitting-over-300-million-in-fraudulent-claims-to-medi-cal-in-medication-reimbursement-scam/
Bloomfield Man Pleads Guilty To Health Care Fraud Charge,2024-06-27,Bloomfield Man Pleads Guilty To Health Care Fraud Charge,https://oig.hhs.gov/fraud/enforcement/bloomfield-man-pleads-guilty-to-health-care-fraud-charge/
Magellan Diagnostics Pleads Guilty To Criminal FDCA Charges,2024-06-27,Magellan Diagnostics Pleads Guilty To Criminal FDCA Charges,https://oig.hhs.gov/fraud/enforcement/magellan-diagnostics-pleads-guilty-to-criminal-fdca-charges/
Eastern District of Michigan Charges Six Individuals As Part Of National Health Care Fraud Takedown,2024-06-27,Eastern District of Michigan Charges Six Individuals As Part Of National Health Care Fraud Takedown,https://oig.hhs.gov/fraud/enforcement/national-health-care-fraud-enforcement-action-results-in-193-defendants-charged-and-over-275-billion-in-false-claims-six-defendants-charged-in-the-eastern-district-of-michigan/
U.S. Attorney Breon Peace Announces 11 Arrests in National Health Care Fraud Enforcement Action,2024-06-27,U.S. Attorney Breon Peace Announces 11 Arrests in National Health Care Fraud Enforcement Action,https://oig.hhs.gov/fraud/enforcement/us-attorney-breon-peace-announces-11-arrests-in-national-health-care-fraud-enforcement-action/
Middle District Of Tennessee Charges Four Individuals Responsible For $15 Million In False Medicare Billing As Part Of National Health Care Fraud Takedown,2024-06-27,Middle District Of Tennessee Charges Four Individuals Responsible For $15 Million In False Medicare Billing As Part Of National Health Care Fraud Takedown,https://oig.hhs.gov/fraud/enforcement/middle-district-of-tennessee-charges-four-individuals-responsible-for-15-million-in-false-medicare-billing-as-part-of-national-health-care-fraud-takedown/
Madison Man Charged With Conspiracy To Defraud The United States As Part Of Department Of Justice’s 2024 National Health Care Fraud Enforcement Action,2024-06-27,Madison Man Charged With Conspiracy To Defraud The United States As Part Of Department Of Justice’s 2024 National Health Care Fraud Enforcement Action,https://oig.hhs.gov/fraud/enforcement/madison-man-charged-with-conspiracy-to-defraud-the-united-states-as-part-of-department-of-justices-2024-national-health-care-fraud-enforcement-action/
Kalamazoo Doctor Charged for Role in Telehealth Fraud Scheme,2024-06-27,Kalamazoo Doctor Charged for Role in Telehealth Fraud Scheme,https://oig.hhs.gov/fraud/enforcement/kalamazoo-doctor-charged-for-role-in-telehealth-fraud-scheme/
U.S. Attorney Bennett Announces Participation in Coordinated National Health Care Fraud Enforcement Action,2024-06-27,U.S. Attorney Bennett Announces Participation in Coordinated National Health Care Fraud Enforcement Action,https://oig.hhs.gov/fraud/enforcement/us-attorney-bennett-announces-participation-in-coordinated-national-health-care-fraud-enforcement-action/
National Health Care Fraud Enforcement Action Results in 193 Defendants Charged and Over $2.75 Billion in False Claims - Virginia,2024-06-27,National Health Care Fraud Enforcement Action Results in 193 Defendants Charged and Over $2.75 Billion in False Claims - Virginia,https://oig.hhs.gov/fraud/enforcement/national-health-care-fraud-enforcement-action-results-in-193-defendants-charged-and-over-275-billion-in-false-claims-virginia/
National Health Care Fraud Enforcement Action Results in 193 Defendants Charged and Over $2.75 Billion in False Claims,2024-06-27,National Health Care Fraud Enforcement Action Results in 193 Defendants Charged and Over $2.75 Billion in False Claims,https://oig.hhs.gov/fraud/enforcement/national-health-care-fraud-enforcement-action-results-in-193-defendants-charged-and-over-275-billion-in-false-claims/
Podiatrist Sentenced for $4M Foot Bath Fraud Scheme,2024-06-27,Podiatrist Sentenced for $4M Foot Bath Fraud Scheme,https://oig.hhs.gov/fraud/enforcement/podiatrist-sentenced-for-4m-foot-bath-fraud-scheme/
Attorney General Mayes Highlights Participation In National Health Care Fraud Enforcement Action,2024-06-27,Attorney General Mayes Highlights Participation In National Health Care Fraud Enforcement Action,https://oig.hhs.gov/fraud/enforcement/attorney-general-mayes-highlights-participation-in-national-health-care-fraud-enforcement-action/
Attorney General James Announces Indictments of Rensselaer and Orange County Medical Transport Companies for Stealing over $4.4 Million From Medicaid,2024-06-27,Attorney General James Announces Indictments of Rensselaer and Orange County Medical Transport Companies for Stealing over $4.4 Million From Medicaid,https://oig.hhs.gov/fraud/enforcement/attorney-general-james-announces-indictments-of-rensselaer-and-orange-county-medical-transport-companies-for-stealing-over-44-million-from-medicaid/
Eight Charged Locally As Part Of National Health Care Fraud Enforcement Action,2024-06-27,Eight Charged Locally As Part Of National Health Care Fraud Enforcement Action,https://oig.hhs.gov/fraud/enforcement/eight-charged-locally-as-part-of-national-health-care-fraud-enforcement-action/
Seven Charged In Arizona As Part Of The Department Of Justice’s 2024 National Health Care Fraud Enforcement Action,2024-06-28,Seven Charged In Arizona As Part Of The Department Of Justice’s 2024 National Health Care Fraud Enforcement Action,https://oig.hhs.gov/fraud/enforcement/seven-charged-in-arizona-as-part-of-the-department-of-justices-2024-national-health-care-fraud-enforcement-action/
Tareen Dermatology Agrees To Pay More Than $1.6 Million To Resolve Alleged False Claims Act Violations,2024-06-28,Tareen Dermatology Agrees To Pay More Than $1.6 Million To Resolve Alleged False Claims Act Violations,https://oig.hhs.gov/fraud/enforcement/tareen-dermatology-agrees-to-pay-more-than-16-million-to-resolve-alleged-false-claims-act-violations/
Researcher At University Of Montana Admits Falsifying Records In Federal Investigation,2024-06-28,Researcher At University Of Montana Admits Falsifying Records In Federal Investigation,https://oig.hhs.gov/fraud/enforcement/researcher-at-university-of-montana-admits-falsifying-records-in-federal-investigation/
Emergency Room Doctor Pleads Guilty To HIPAA Violation,2024-06-28,Emergency Room Doctor Pleads Guilty To HIPAA Violation,https://oig.hhs.gov/fraud/enforcement/emergency-room-doctor-pleads-guilty-to-hipaa-violation/
U.S. Attorney’s Office Announces Two Indictments of Health Care Fraud Related Charges,2024-06-28,U.S. Attorney’s Office Announces Two Indictments of Health Care Fraud Related Charges,https://oig.hhs.gov/fraud/enforcement/us-attorneys-office-announces-two-indictments-of-health-care-fraud-related-charges/
West Monroe Man Charged In Federal Court In Connection With The Department Of Justice’s 2024 National Health Care Fraud Enforcement Action,2024-06-28,West Monroe Man Charged In Federal Court In Connection With The Department Of Justice’s 2024 National Health Care Fraud Enforcement Action,https://oig.hhs.gov/fraud/enforcement/west-monroe-man-charged-in-federal-court-in-connection-with-the-department-of-justices-2024-national-health-care-fraud-enforcement-action/
Georgia Chiropractor Admits $14.9 Million Health Care Fraud And Kickback Scheme Related To Durable Medical Equipment And Cancer Genetic Testing,2024-06-28,Georgia Chiropractor Admits $14.9 Million Health Care Fraud And Kickback Scheme Related To Durable Medical Equipment And Cancer Genetic Testing,https://oig.hhs.gov/fraud/enforcement/georgia-chiropractor-admits-149-million-health-care-fraud-and-kickback-scheme-related-to-durable-medical-equipment-and-cancer-genetic-testing/
Three Baton Rouge Individuals Charged In Federal Court In Connection With The Department Of Justice’s 2024 National Health Care Fraud Enforcement Action,2024-06-28,Three Baton Rouge Individuals Charged In Federal Court In Connection With The Department Of Justice’s 2024 National Health Care Fraud Enforcement Action,https://oig.hhs.gov/fraud/enforcement/three-baton-rouge-individuals-charged-in-federal-court-in-connection-with-the-department-of-justices-2024-national-health-care-fraud-enforcement-action/
Attorney General Alan Wilson announces arrest of Easley woman accused of stealing from assisted living facility resident,2024-07-01,Attorney General Alan Wilson announces arrest of Easley woman accused of stealing from assisted living facility resident,https://oig.hhs.gov/fraud/enforcement/attorney-general-alan-wilson-announces-arrest-of-easley-woman-accused-of-stealing-from-assisted-living-facility-resident/
Home Health Providers To Pay $4.5M To Resolve Alleged False Claims Act Liability For Providing Kickbacks To Assisted Living Facilities And Doctors,2024-07-01,Home Health Providers To Pay $4.5M To Resolve Alleged False Claims Act Liability For Providing Kickbacks To Assisted Living Facilities And Doctors,https://oig.hhs.gov/fraud/enforcement/home-health-providers-to-pay-45m-to-resolve-alleged-false-claims-act-liability-for-providing-kickbacks-to-assisted-living-facilities-and-doctors/
Former Senior Policy Advisor To Austin City Official Sentenced For Federal Conspiracy,2024-07-01,Former Senior Policy Advisor To Austin City Official Sentenced For Federal Conspiracy,https://oig.hhs.gov/fraud/enforcement/former-senior-policy-advisor-to-austin-city-official-sentenced-for-federal-conspiracy/
Suburban Chicago Physician Pleads Guilty To Federal Health Care Fraud Charges,2024-07-01,Suburban Chicago Physician Pleads Guilty To Federal Health Care Fraud Charges,https://oig.hhs.gov/fraud/enforcement/suburban-chicago-physician-pleads-guilty-to-federal-health-care-fraud-charges/
National Health Care Fraud Enforcement Action Results in 193 Defendants Charged and Over $2.75 Billion in False Claims - California,2024-07-01,National Health Care Fraud Enforcement Action Results in 193 Defendants Charged and Over $2.75 Billion in False Claims - California,https://oig.hhs.gov/fraud/enforcement/national-health-care-fraud-enforcement-action-results-in-193-defendants-charged-and-over-275-billion-in-false-claims-california/
Nine Individuals Charged In Middle District Of Florida In Connection With Health Care Fraud Schemes,2024-07-01,Nine Individuals Charged In Middle District Of Florida In Connection With Health Care Fraud Schemes,https://oig.hhs.gov/fraud/enforcement/nine-individuals-charged-in-middle-district-of-florida-in-connection-with-health-care-fraud-schemes/
Sioux Falls Man And Woman Sentenced For Embezzlement And Theft From Indian Tribal Organization,2024-07-02,Sioux Falls Man And Woman Sentenced For Embezzlement And Theft From Indian Tribal Organization,https://oig.hhs.gov/fraud/enforcement/sioux-falls-man-and-woman-sentenced-for-embezzlement-and-theft-from-indian-tribal-organization/
Illegal Alien and Two Others Sentenced to Federal Prison in Organ Transplant Scheme,2024-07-03,Illegal Alien and Two Others Sentenced to Federal Prison in Organ Transplant Scheme,https://oig.hhs.gov/fraud/enforcement/illegal-alien-and-two-others-sentenced-to-federal-prison-in-organ-transplant-scheme/
Attorney General James Announces Indictment of Orange County Transportation Company for Stealing Over $2.3 Million from Medicaid,2024-07-03,Attorney General James Announces Indictment of Orange County Transportation Company for Stealing Over $2.3 Million from Medicaid,https://oig.hhs.gov/fraud/enforcement/attorney-general-james-announces-indictment-of-orange-county-transportation-company-for-stealing-over-23-million-from-medicaid/
Attorney General James Announces Arrest of Tompkins County Transportation Company Owner for Stealing Over $1 Million from Medicaid,2024-07-03,Attorney General James Announces Arrest of Tompkins County Transportation Company Owner for Stealing Over $1 Million from Medicaid,https://oig.hhs.gov/fraud/enforcement/attorney-general-james-announces-arrest-of-tompkins-county-transportation-company-owner-for-stealing-over-1-million-from-medicaid/
"Jefferson County Doctor, Staffers Accused of Conspiracy, Health Care Fraud",2024-07-08,"Jefferson County Doctor, Staffers Accused of Conspiracy, Health Care Fraud",https://oig.hhs.gov/fraud/enforcement/jefferson-county-doctor-staffers-accused-of-conspiracy-health-care-fraud/
Former Southeastern Connecticut Counselor Sentenced for Health Care Fraud and Kickback Offenses,2024-07-09,Former Southeastern Connecticut Counselor Sentenced for Health Care Fraud and Kickback Offenses,https://oig.hhs.gov/fraud/enforcement/former-southeastern-connecticut-counselor-sentenced-for-health-care-fraud-and-kickback-offenses/
Investigation Into TennCare Fraud Results In Arrests In Memphis,2024-07-09,Investigation Into TennCare Fraud Results In Arrests In Memphis,https://oig.hhs.gov/fraud/enforcement/investigation-into-tenncare-fraud-results-in-arrests-in-memphis/
Kevin Michael Brown Agreed to Be Excluded for Five Years for Allegedly Submitting False Claims for Neuro-Stimulators,2024-07-10,Kevin Michael Brown Agreed to Be Excluded for Five Years for Allegedly Submitting False Claims for Neuro-Stimulators,https://oig.hhs.gov/fraud/enforcement/kevin-michael-brown-agreed-to-be-excluded-for-five-years-for-allegedly-submitting-false-claims-for-neuro-stimulators/
AG Nessel Charges Detroit Woman With Medicaid Fraud,2024-07-10,AG Nessel Charges Detroit Woman With Medicaid Fraud,https://oig.hhs.gov/fraud/enforcement/ag-nessel-charges-detroit-woman-with-medicaid-fraud/
"OnePeak Southern Oregon Agreed to Pay $29,000 for Allegedly Violating the Civil Monetary Penalties Law by Employing an Excluded Individual",2024-07-10,"OnePeak Southern Oregon Agreed to Pay $29,000 for Allegedly Violating the Civil Monetary Penalties Law by Employing an Excluded Individual",https://oig.hhs.gov/fraud/enforcement/onepeak-southern-oregon-agreed-to-pay-29000-for-allegedly-violating-the-civil-monetary-penalties-law-by-employing-an-excluded-individual/
The Grand Health Care System And 12 Affiliated Skilled Nursing Facilities To Pay $21.3M For Allegedly Providing And Billing For Fraudulent Rehabilitation Therapy Services,2024-07-10,The Grand Health Care System And 12 Affiliated Skilled Nursing Facilities To Pay $21.3M For Allegedly Providing And Billing For Fraudulent Rehabilitation Therapy Services,https://oig.hhs.gov/fraud/enforcement/the-grand-health-care-system-and-12-affiliated-skilled-nursing-facilities-to-pay-213m-for-allegedly-providing-and-billing-for-fraudulent-rehabilitation-therapy-services/
Rite Aid Corporation And Elixir Insurance Company Agree To Pay $101M To Resolve Allegations Of Falsely Reporting Rebates,2024-07-10,Rite Aid Corporation And Elixir Insurance Company Agree To Pay $101M To Resolve Allegations Of Falsely Reporting Rebates,https://oig.hhs.gov/fraud/enforcement/rite-aid-corporation-and-elixir-insurance-company-agree-to-pay-101m-to-resolve-allegations-of-falsely-reporting-rebates/
Rite Aid Corporation And Affiliates Agree To Settle False Claims Act And Controlled Substance Act Allegations Related To Opioid Dispensing,2024-07-10,Rite Aid Corporation And Affiliates Agree To Settle False Claims Act And Controlled Substance Act Allegations Related To Opioid Dispensing,https://oig.hhs.gov/fraud/enforcement/rite-aid-corporation-and-affiliates-agree-to-settle-false-claims-act-and-controlled-substance-act-allegations-related-to-opioid-dispensing/
Pharmacy Owner And Associate Sentenced For Health Care Fraud And Black Market Prescription Drug Diversion Scheme,2024-07-10,Pharmacy Owner And Associate Sentenced For Health Care Fraud And Black Market Prescription Drug Diversion Scheme,https://oig.hhs.gov/fraud/enforcement/pharmacy-owner-and-associate-sentenced-for-health-care-fraud-and-black-market-prescription-drug-diversion-scheme/
Trussville Man Sentenced In Multi-Million-Dollar Health Care Fraud Case,2024-07-10,Trussville Man Sentenced In Multi-Million-Dollar Health Care Fraud Case,https://oig.hhs.gov/fraud/enforcement/trussville-man-sentenced-in-multi-million-dollar-health-care-fraud-case/
Pacific Toxicology Laboratories Agrees To Pay $1 Million To Resolve Allegations Of Fraudulent Billing,2024-07-10,Pacific Toxicology Laboratories Agrees To Pay $1 Million To Resolve Allegations Of Fraudulent Billing,https://oig.hhs.gov/fraud/enforcement/pacific-toxicology-laboratories-agrees-to-pay-1-million-to-resolve-allegations-of-fraudulent-billing/
AG Moody’s Medicaid Fraud Control Unit Secures Half A Million Dollars For Florida Medicaid Program,2024-07-11,AG Moody’s Medicaid Fraud Control Unit Secures Half A Million Dollars For Florida Medicaid Program,https://oig.hhs.gov/fraud/enforcement/ag-moodys-medicaid-fraud-control-unit-secures-half-a-million-dollars-for-florida-medicaid-program/
Three Clermont Labs Agree To Pay $2.45 Million To Settle False Claims Act Liability For Manipulating Diagnosis Codes,2024-07-11,Three Clermont Labs Agree To Pay $2.45 Million To Settle False Claims Act Liability For Manipulating Diagnosis Codes,https://oig.hhs.gov/fraud/enforcement/three-clermont-labs-agree-to-pay-245-million-to-settle-false-claims-act-liability-for-manipulating-diagnosis-codes/
Attorney General Josh Stein Announces $2.45 Million Health Care Fraud Settlement,2024-07-12,Attorney General Josh Stein Announces $2.45 Million Health Care Fraud Settlement,https://oig.hhs.gov/fraud/enforcement/attorney-general-josh-stein-announces-245-million-health-care-fraud-settlement/
"University of Maryland Medical Center Agreed to Pay $34,000 for Allegedly Violating the Civil Monetary Penalties Law by Employing an Excluded Individual",2024-07-12,"University of Maryland Medical Center Agreed to Pay $34,000 for Allegedly Violating the Civil Monetary Penalties Law by Employing an Excluded Individual",https://oig.hhs.gov/fraud/enforcement/university-of-maryland-medical-center-agreed-to-pay-34000-for-allegedly-violating-the-civil-monetary-penalties-law-by-employing-an-excluded-individual/
Pharmaceutical Marketer Sentenced For Compounded Medications Fraud Scheme,2024-07-12,Pharmaceutical Marketer Sentenced For Compounded Medications Fraud Scheme,https://oig.hhs.gov/fraud/enforcement/pharmaceutical-marketer-sentenced-for-compounded-medications-fraud-scheme/
Former Chief Financial Officer Of Chicago Hospital Among Three Defendants Charged In Alleged $15 Million Embezzlement Scheme,2024-07-12,Former Chief Financial Officer Of Chicago Hospital Among Three Defendants Charged In Alleged $15 Million Embezzlement Scheme,https://oig.hhs.gov/fraud/enforcement/former-chief-financial-officer-of-chicago-hospital-among-three-defendants-charged-in-alleged-15-million-embezzlement-scheme/
Former Georgia Insurance Commissioner Sentenced To Prison,2024-07-12,Former Georgia Insurance Commissioner Sentenced To Prison,https://oig.hhs.gov/fraud/enforcement/former-georgia-insurance-commissioner-sentenced-to-prison/
"Caregivers Indicted, Charged With Neglect Of Vulnerable Adult",2024-07-16,"Caregivers Indicted, Charged With Neglect Of Vulnerable Adult",https://oig.hhs.gov/fraud/enforcement/caregivers-indicted-charged-with-neglect-of-vulnerable-adult/
"Cooperating Cancer Testing Company Agrees To Pay Over $900,000 To Resolve Allegations Of False Claims For Lab Tests",2024-07-16,"Cooperating Cancer Testing Company Agrees To Pay Over $900,000 To Resolve Allegations Of False Claims For Lab Tests",https://oig.hhs.gov/fraud/enforcement/cooperating-cancer-testing-company-agrees-to-pay-over-900000-to-resolve-allegations-of-false-claims-for-lab-tests/
Kindred And Related Entities Agree To Pay $19.428M To Settle Federal And State False Claims Act Lawsuits Alleging Ineligible Claims For Hospice Patients,2024-07-17,Kindred And Related Entities Agree To Pay $19.428M To Settle Federal And State False Claims Act Lawsuits Alleging Ineligible Claims For Hospice Patients,https://oig.hhs.gov/fraud/enforcement/kindred-and-related-entities-agree-to-pay-19428m-to-settle-federal-and-state-false-claims-act-lawsuits-alleging-ineligible-claims-for-hospice-patients/
Area Pharmacy Agrees to Resolve Civil Allegations of Improper Dispensing of Controlled Substances,2024-07-17,Area Pharmacy Agrees to Resolve Civil Allegations of Improper Dispensing of Controlled Substances,https://oig.hhs.gov/fraud/enforcement/area-pharmacy-agrees-to-resolve-civil-allegations-of-improper-dispensing-of-controlled-substances/
Florida Man Charged With Six Felonies For Mail-Order Pharmacy And Healthcare Kickback Scheme,2024-07-17,Florida Man Charged With Six Felonies For Mail-Order Pharmacy And Healthcare Kickback Scheme,https://oig.hhs.gov/fraud/enforcement/florida-man-charged-with-six-felonies-for-mail-order-pharmacy-and-healthcare-kickback-scheme/
"Dr. Timothy Niewold Agreed to Pay $160,000 for Allegedly Violating the Civil Monetary Penalties Law by Making False Statements in HHS Grant Applications",2024-07-18,"Dr. Timothy Niewold Agreed to Pay $160,000 for Allegedly Violating the Civil Monetary Penalties Law by Making False Statements in HHS Grant Applications",https://oig.hhs.gov/fraud/enforcement/dr-timothy-niewold-agreed-to-pay-160000-for-allegedly-violating-the-civil-monetary-penalties-law-by-making-false-statements-in-hhs-grant-applications/
Danbury Non-Profit Settles Allegations It Enrolled Children Of Employees Who Falsely Claimed To Be Homeless Into Its Head Start Programs,2024-07-18,Danbury Non-Profit Settles Allegations It Enrolled Children Of Employees Who Falsely Claimed To Be Homeless Into Its Head Start Programs,https://oig.hhs.gov/fraud/enforcement/danbury-non-profit-settles-allegations-it-enrolled-children-of-employees-who-falsely-claimed-to-be-homeless-into-its-head-start-programs/
Addiction Treatment Chain Owner & Company Plead Guilty To Health Care Fraud Conspiracy,2024-07-18,Addiction Treatment Chain Owner & Company Plead Guilty To Health Care Fraud Conspiracy,https://oig.hhs.gov/fraud/enforcement/addiction-treatment-chain-owner-company-plead-guilty-to-health-care-fraud-conspiracy/
Kindred And Related Entities Agree To Pay $19.428M To Settle Federal And State False Claims Act Lawsuits Alleging Ineligible Claims For Hospice Patients,2024-07-18,Kindred And Related Entities Agree To Pay $19.428M To Settle Federal And State False Claims Act Lawsuits Alleging Ineligible Claims For Hospice Patients,https://oig.hhs.gov/fraud/enforcement/kindred-and-related-entities-agree-to-pay-19428m-to-settle-federal-and-state-false-claims-act-lawsuits-alleging-ineligible-claims-for-hospice-patients-01/
DaVita To Pay Over $34M To Resolve Allegations Of Illegal Kickbacks,2024-07-18,DaVita To Pay Over $34M To Resolve Allegations Of Illegal Kickbacks,https://oig.hhs.gov/fraud/enforcement/davita-to-pay-over-34m-to-resolve-allegations-of-illegal-kickbacks/
Whitefish Doctor Admits Defrauding Medicare And Other Federal Health Programs,2024-07-18,Whitefish Doctor Admits Defrauding Medicare And Other Federal Health Programs,https://oig.hhs.gov/fraud/enforcement/whitefish-doctor-admits-defrauding-medicare-and-other-federal-health-programs/
Pain Management Physician And Former Member Of Kentucky’s Medical Board Convicted Of Unlawfully Prescribing Opioids,2024-07-19,Pain Management Physician And Former Member Of Kentucky’s Medical Board Convicted Of Unlawfully Prescribing Opioids,https://oig.hhs.gov/fraud/enforcement/pain-management-physician-and-former-member-of-kentuckys-medical-board-convicted-of-unlawfully-prescribing-opioids-01/
Attorney General Coleman Announces Indictments For Exploitation Of Vulnerable Adult In Ohio County,2024-07-19,Attorney General Coleman Announces Indictments For Exploitation Of Vulnerable Adult In Ohio County,https://oig.hhs.gov/fraud/enforcement/attorney-general-coleman-announces-indictments-for-exploitation-of-vulnerable-adult-in-ohio-county/
Pain Management Physician And Former Member Of Kentucky’s Medical Board Convicted Of Unlawfully Prescribing Opioids,2024-07-19,Pain Management Physician And Former Member Of Kentucky’s Medical Board Convicted Of Unlawfully Prescribing Opioids,https://oig.hhs.gov/fraud/enforcement/pain-management-physician-and-former-member-of-kentuckys-medical-board-convicted-of-unlawfully-prescribing-opioids/
Ohio Medical Doctor Sentenced To Prison For Health Care Fraud Scheme,2024-07-19,Ohio Medical Doctor Sentenced To Prison For Health Care Fraud Scheme,https://oig.hhs.gov/fraud/enforcement/ohio-medical-doctor-sentenced-to-prison-for-health-care-fraud-scheme/
Attorney General Bonta Secures Sentencing of Southern California Dentist for Medi-Cal Fraud,2024-07-22,Attorney General Bonta Secures Sentencing of Southern California Dentist for Medi-Cal Fraud,https://oig.hhs.gov/fraud/enforcement/attorney-general-bonta-secures-sentencing-of-southern-california-dentist-for-medi-cal-fraud/
Owner Of Home Health Care Company Convicted Of Multimillion Dollar Heath Care Fraud Scheme,2024-07-22,Owner Of Home Health Care Company Convicted Of Multimillion Dollar Heath Care Fraud Scheme,https://oig.hhs.gov/fraud/enforcement/owner-of-home-health-care-company-convicted-of-multimillion-dollar-heath-care-fraud-scheme/
Topeka Man Charged With Embezzlement,2024-07-22,Topeka Man Charged With Embezzlement,https://oig.hhs.gov/fraud/enforcement/topeka-man-charged-with-embezzlement/
"Carolina Medical Associates Agreed to Pay $27,000 for Allegedly Violating the Civil Monetary Penalties Law by Submitting Claims for Services Provided by an Individual Revoked by Medicare",2024-07-23,"Carolina Medical Associates Agreed to Pay $27,000 for Allegedly Violating the Civil Monetary Penalties Law by Submitting Claims for Services Provided by an Individual Revoked by Medicare",https://oig.hhs.gov/fraud/enforcement/carolina-medical-associates-agreed-to-pay-27000-for-allegedly-violating-the-civil-monetary-penalties-law-by-submitting-claims-for-services-provided-by-an-individual-revoked-by-medicare/
Doctor Convicted For Illegally Distributing Over 1.8M Doses Of Opioids And $5M Health Care Fraud Scheme,2024-07-23,Doctor Convicted For Illegally Distributing Over 1.8M Doses Of Opioids And $5M Health Care Fraud Scheme,https://oig.hhs.gov/fraud/enforcement/doctor-convicted-for-illegally-distributing-over-18m-doses-of-opioids-and-5m-health-care-fraud-scheme/
"Two Individuals Indicted For Stealing More Than $150,000 From MassHealth Program",2024-07-23,"Two Individuals Indicted For Stealing More Than $150,000 From MassHealth Program",https://oig.hhs.gov/fraud/enforcement/two-individuals-indicted-for-stealing-more-than-150000-from-masshealth-program/
"Riverside County Chiropractor Agrees To Pay $180,00 To Resolve Allegations Of Health Care Fraud",2024-07-23,"Riverside County Chiropractor Agrees To Pay $180,00 To Resolve Allegations Of Health Care Fraud",https://oig.hhs.gov/fraud/enforcement/riverside-county-chiropractor-agrees-to-pay-18000-to-resolve-allegations-of-health-care-fraud/
Mental Health Services Providers Pay Over A Million To Settle False Claims Liability,2024-07-24,Mental Health Services Providers Pay Over A Million To Settle False Claims Liability,https://oig.hhs.gov/fraud/enforcement/mental-health-services-providers-pay-over-a-million-to-settle-false-claims-liability/
Santa Paula Doctor Pleads Guilty To Health Care Fraud For Role In Hospice Scam That Bilked Medicare Out Of $3.2 Million,2024-07-24,Santa Paula Doctor Pleads Guilty To Health Care Fraud For Role In Hospice Scam That Bilked Medicare Out Of $3.2 Million,https://oig.hhs.gov/fraud/enforcement/santa-paula-doctor-pleads-guilty-to-health-care-fraud-for-role-in-hospice-scam-that-bilked-medicare-out-of-32-million/
Admera Health Agrees To Pay Over $5M To Settle False Claims Act Allegations Of Kickbacks To Third Party Marketers,2024-07-24,Admera Health Agrees To Pay Over $5M To Settle False Claims Act Allegations Of Kickbacks To Third Party Marketers,https://oig.hhs.gov/fraud/enforcement/admera-health-agrees-to-pay-over-5m-to-settle-false-claims-act-allegations-of-kickbacks-to-third-party-marketers/
Sisseton Woman Pleads Guilty To Embezzlement And Theft From An Indian Tribal Organization,2024-07-24,Sisseton Woman Pleads Guilty To Embezzlement And Theft From An Indian Tribal Organization,https://oig.hhs.gov/fraud/enforcement/sisseton-woman-pleads-guilty-to-embezzlement-and-theft-from-an-indian-tribal-organization/
United States Obtains $26M In False Claims Act Judgments Against Laboratory Companies And Their Owner,2024-07-25,United States Obtains $26M In False Claims Act Judgments Against Laboratory Companies And Their Owner,https://oig.hhs.gov/fraud/enforcement/united-states-obtains-26m-in-false-claims-act-judgments-against-laboratory-companies-and-their-owner/
"Substance Use Disorder Treatment Clinics To Pay More Than $850,000 To Resolve Allegations They Knowingly Overbilled Medicaid For Office Visits",2024-07-25,"Substance Use Disorder Treatment Clinics To Pay More Than $850,000 To Resolve Allegations They Knowingly Overbilled Medicaid For Office Visits",https://oig.hhs.gov/fraud/enforcement/substance-use-disorder-treatment-clinics-to-pay-more-than-850000-to-resolve-allegations-they-knowingly-overbilled-medicaid-for-office-visits/
Precision Lens Agrees To Pay $12 Million To The United States For Kickbacks To Doctors In Violation Of The False Claims Act,2024-07-25,Precision Lens Agrees To Pay $12 Million To The United States For Kickbacks To Doctors In Violation Of The False Claims Act,https://oig.hhs.gov/fraud/enforcement/precision-lens-agrees-to-pay-12-million-to-the-united-states-for-kickbacks-to-doctors-in-violation-of-the-false-claims-act/
United States Files False Claims Act Complaint Against Erlanger Health System,2024-07-26,United States Files False Claims Act Complaint Against Erlanger Health System,https://oig.hhs.gov/fraud/enforcement/united-states-files-false-claims-act-complaint-against-erlanger-health-system/
"Eye Practice and Its Physician Owner Agree to Pay More Than $460,000 to Resolve Allegations of False Claims and Receiving Illegal Kickbacks",2024-07-29,"Eye Practice and Its Physician Owner Agree to Pay More Than $460,000 to Resolve Allegations of False Claims and Receiving Illegal Kickbacks",https://oig.hhs.gov/fraud/enforcement/eye-practice-and-its-physician-owner-agree-to-pay-more-than-460000-to-resolve-allegations-of-false-claims-and-receiving-illegal-kickbacks/
Slidell Woman Sentenced To Year And A Day In Prison And Ordered To Repay The Government Over $1.2 Million In Restitution For Pandemic-Related Health Care Fraud,2024-07-29,Slidell Woman Sentenced To Year And A Day In Prison And Ordered To Repay The Government Over $1.2 Million In Restitution For Pandemic-Related Health Care Fraud,https://oig.hhs.gov/fraud/enforcement/slidell-woman-sentenced-to-year-and-a-day-in-prison-and-ordered-to-repay-the-government-over-12-million-in-restitution-for-pandemic-related-healthcare-fraud/
"Attorney General Phil Weiser Secures $455,381 In Sale Proceeds From Home Illegally Purchased By Suspect Wanted For Medicaid Fraud",2024-07-30,"Attorney General Phil Weiser Secures $455,381 In Sale Proceeds From Home Illegally Purchased By Suspect Wanted For Medicaid Fraud",https://oig.hhs.gov/fraud/enforcement/attorney-general-phil-weiser-secures-455381-in-sale-proceeds-from-home-illegally-purchased-by-suspect-wanted-for-medicaid-fraud/
Gloucester County Man Sentenced To 42 Months In Prison For Healthcare Fraud,2024-07-30,Gloucester County Man Sentenced To 42 Months In Prison For Healthcare Fraud,https://oig.hhs.gov/fraud/enforcement/gloucester-county-man-sentenced-to-42-months-in-prison-for-healthcare-fraud/
Attorney General Ken Paxton’s Medicaid Fraud Control Unit Helps Secure 60-Month Prison Sentence And Nearly $5 Million In Restitution For Health Care Fraudster,2024-07-30,Attorney General Ken Paxton’s Medicaid Fraud Control Unit Helps Secure 60-Month Prison Sentence And Nearly $5 Million In Restitution For Health Care Fraudster,https://oig.hhs.gov/fraud/enforcement/attorney-general-ken-paxtons-medicaid-fraud-control-unit-helps-secure-60-month-prison-sentence-and-nearly-5-million-in-restitution-for-health-care-fraudster/
Owner Of Michigan-Based Learning Center Pleads Guilty To Medicaid Fraud,2024-07-30,Owner Of Michigan-Based Learning Center Pleads Guilty To Medicaid Fraud,https://oig.hhs.gov/fraud/enforcement/owner-of-michigan-based-learning-center-pleads-guilty-to-medicaid-fraud/
Convicted Health Care Fraud Defendant Sentenced To An Additional Six-Month Sentence For Failing To Report To Prison As Directed,2024-07-30,Convicted Health Care Fraud Defendant Sentenced To An Additional Six-Month Sentence For Failing To Report To Prison As Directed,https://oig.hhs.gov/fraud/enforcement/convicted-health-care-fraud-defendant-sentenced-to-an-additional-six-month-sentence-for-failing-to-report-to-prison-as-directed/
"Attorney General Alan Wilson Announces Eastover Man Charged With Stealing More Than $200,000 From Vulnerable Adult",2024-07-31,"Attorney General Alan Wilson Announces Eastover Man Charged With Stealing More Than $200,000 From Vulnerable Adult",https://oig.hhs.gov/fraud/enforcement/attorney-general-alan-wilson-announces-eastover-man-charged-with-stealing-more-than-200000-from-vulnerable-adult/
Arlington Man Convicted For Illegally Obtaining Healthcare Records And Trying To Cover Up His Crimes,2024-07-31,Arlington Man Convicted For Illegally Obtaining Healthcare Records And Trying To Cover Up His Crimes,https://oig.hhs.gov/fraud/enforcement/arlington-man-convicted-for-illegally-obtaining-healthcare-records-and-trying-to-cover-up-his-crimes/
"Avantor, Inc. Agrees To Pay $5.325 Million To Resolve Allegations Of False Claims For Overcharging Federal Agencies And Allegations Of DEA Violations And Lack Of Compliance As To Listed Chemicals",2024-07-31,"Avantor, Inc. Agrees To Pay $5.325 Million To Resolve Allegations Of False Claims For Overcharging Federal Agencies And Allegations Of DEA Violations And Lack Of Compliance As To Listed Chemicals",https://oig.hhs.gov/fraud/enforcement/avantor-inc-agrees-to-pay-5325-million-to-resolve-allegations-of-false-claims-for-overcharging-federal-agencies-and-allegations-of-dea-violations-and-lack-of-compliance-as-to-listed-chemicals/
New Orleans Man Pled Guilty To Federal Charge Of Conspiracy To Commit Health Care Fraud,2024-08-01,New Orleans Man Pled Guilty To Federal Charge Of Conspiracy To Commit Health Care Fraud,https://oig.hhs.gov/fraud/enforcement/new-orleans-man-pled-guilty-to-federal-charge-of-conspiracy-to-commit-health-care-fraud/
AG Nessel Files Lawsuit Against Regeneron Alleging Fraudulent Drug Price Reporting For Eye Medication,2024-08-01,AG Nessel Files Lawsuit Against Regeneron Alleging Fraudulent Drug Price Reporting For Eye Medication,https://oig.hhs.gov/fraud/enforcement/ag-nessel-files-lawsuit-against-regeneron-alleging-fraudulent-drug-price-reporting-for-eye-medication/
"Attorney General Tong Announces $186,731 False Claims Act Judgment Against Newtown Therapist",2024-08-01,"Attorney General Tong Announces $186,731 False Claims Act Judgment Against Newtown Therapist",https://oig.hhs.gov/fraud/enforcement/attorney-general-tong-announces-186731-false-claims-act-judgment-against-newtown-therapist/
Colorado Joins Lawsuit Against Regeneron Over Alleged Fraudulent Drug Price Reporting For Eye Medication,2024-08-01,Colorado Joins Lawsuit Against Regeneron Over Alleged Fraudulent Drug Price Reporting For Eye Medication,https://oig.hhs.gov/fraud/enforcement/colorado-joins-lawsuit-against-regeneron-over-alleged-fraudulent-drug-price-reporting-for-eye-medication/
Peak Physical Therapy Agreed to Pay $1.8 Million for Allegedly Violating the Civil Monetary Penalties Law by Submitting Claims for Services by Unenrolled or Uncredentialed Providers and for Services Not Provided as Claimed,2024-08-01,Peak Physical Therapy Agreed to Pay $1.8 Million for Allegedly Violating the Civil Monetary Penalties Law by Submitting Claims for Services by Unenrolled or Uncredentialed Providers and for Services Not Provided as Claimed,https://oig.hhs.gov/fraud/enforcement/peak-physical-therapy-agreed-to-pay-18-million-for-allegedly-violating-the-civil-monetary-penalties-law-by-submitting-claims-for-services-by-unenrolled-or-uncredentialed-providers-and-for-services-not-provided-as-claimed/
Mt. Juliet Woman Sentenced For Long-Running Theft From Federal Health Care And Disability Programs,2024-08-01,Mt. Juliet Woman Sentenced For Long-Running Theft From Federal Health Care And Disability Programs,https://oig.hhs.gov/fraud/enforcement/mt-juliet-woman-sentenced-for-long-running-theft-from-federal-health-care-and-disability-programs/
Doctor And Her Granddaughter Sentenced To Prison For Unlawful Distribution Of Opioids,2024-08-01,Doctor And Her Granddaughter Sentenced To Prison For Unlawful Distribution Of Opioids,https://oig.hhs.gov/fraud/enforcement/doctor-and-her-granddaughter-sentenced-to-prison-for-unlawful-distribution-of-opioids/
Six Indicted In Scheme To Defraud D.C. Medicaid Program,2024-08-02,Six Indicted In Scheme To Defraud D.C. Medicaid Program,https://oig.hhs.gov/fraud/enforcement/six-indicted-in-scheme-to-defraud-dc-medicaid-program/
Federal Court Permanently Prohibits Ohio Physician From Prescribing Opioids And Imposes $4.7M Judgment For Alleged Unlawful Opioid Distribution,2024-08-02,Federal Court Permanently Prohibits Ohio Physician From Prescribing Opioids And Imposes $4.7M Judgment For Alleged Unlawful Opioid Distribution,https://oig.hhs.gov/fraud/enforcement/federal-court-permanently-prohibits-ohio-physician-from-prescribing-opioids-and-imposes-47m-judgment-for-alleged-unlawful-opioid-distribution/
"Optimus Health Care Agreed to Pay $353,000 for Allegedly Violating the Civil Monetary Penalties Law by Retaining Overpayments",2024-08-05,"Optimus Health Care Agreed to Pay $353,000 for Allegedly Violating the Civil Monetary Penalties Law by Retaining Overpayments",https://oig.hhs.gov/fraud/enforcement/optimus-health-care-agreed-to-pay-353000-for-allegedly-violating-the-civil-monetary-penalties-law-by-retaining-overpayments/
Non-Profit Executive Convicted Of Conspiring To Defraud Federal Government And To Obstruct Federal Administrative Proceeding,2024-08-05,Non-Profit Executive Convicted Of Conspiring To Defraud Federal Government And To Obstruct Federal Administrative Proceeding,https://oig.hhs.gov/fraud/enforcement/non-profit-executive-convicted-of-conspiring-to-defraud-federal-government-and-to-obstruct-federal-administrative-proceeding/
North Haven Counselor Admits Defrauding Medicaid of More Than $1.6 Million,2024-08-06,North Haven Counselor Admits Defrauding Medicaid of More Than $1.6 Million,https://oig.hhs.gov/fraud/enforcement/north-haven-counselor-admits-defrauding-medicaid-of-more-than-16-million/
Maryland Man Convicted Of Assaulting Law Enforcement And Other Charges For Actions During Jan. 6 Capitol Breach,2024-08-06,Maryland Man Convicted Of Assaulting Law Enforcement And Other Charges For Actions During Jan. 6 Capitol Breach,https://oig.hhs.gov/fraud/enforcement/maryland-man-convicted-of-assaulting-law-enforcement-and-other-charges-for-actions-during-jan-6-capitol-breach/
Ohio Doctor Sentenced For Conspiring To Accept Kickbacks In Connection With Fraudulent Telemarketing Scheme That Harmed Medicare And TRICARE Patients In Eastern Washington,2024-08-07,Ohio Doctor Sentenced For Conspiring To Accept Kickbacks In Connection With Fraudulent Telemarketing Scheme That Harmed Medicare And TRICARE Patients In Eastern Washington,https://oig.hhs.gov/fraud/enforcement/ohio-doctor-sentenced-for-conspiring-to-accept-kickbacks-in-connection-with-fraudulent-telemarketing-scheme-that-harmed-medicare-and-tricare-patients-in-eastern-washington/
"Owner Of Spokane Valley Medical Supply Company Agrees To Pay $224,620 To Resolve Allegations Of Health Care Fraud",2024-08-07,"Owner Of Spokane Valley Medical Supply Company Agrees To Pay $224,620 To Resolve Allegations Of Health Care Fraud",https://oig.hhs.gov/fraud/enforcement/owner-of-spokane-valley-medical-supply-company-agrees-to-pay-224620-to-resolve-allegations-of-health-care-fraud/
Tulsa Physician Pays Over $600k to Resolve Allegations of False Claims Act Violations,2024-08-09,Tulsa Physician Pays Over $600k to Resolve Allegations of False Claims Act Violations,https://oig.hhs.gov/fraud/enforcement/tulsa-physician-pays-over-600k-to-resolve-allegations-of-false-claims-act-violations/
"Inspira Behavioral Health Agreed to Pay $141,000 for Allegedly Violating the Civil Monetary Penalties Law by Paying Remuneration in the Form of Cash Payments and Free Office Space",2024-08-13,"Inspira Behavioral Health Agreed to Pay $141,000 for Allegedly Violating the Civil Monetary Penalties Law by Paying Remuneration in the Form of Cash Payments and Free Office Space",https://oig.hhs.gov/fraud/enforcement/inspira-behavioral-health-agreed-to-pay-141000-for-allegedly-violating-the-civil-monetary-penalties-law-by-paying-remuneration-in-the-form-of-cash-payments-and-free-office-space/
Testing Laboratory Co-Owner Sentenced For $3.8 Million In Fraudulent Billing,2024-08-13,Testing Laboratory Co-Owner Sentenced For $3.8 Million In Fraudulent Billing,https://oig.hhs.gov/fraud/enforcement/testing-laboratory-co-owner-sentenced-for-38-million-in-fraudulent-billing/
Attorney General Josh Stein Announces Health Care Fraud Sentencing,2024-08-14,Attorney General Josh Stein Announces Health Care Fraud Sentencing,https://oig.hhs.gov/fraud/enforcement/attorney-general-josh-stein-announces-health-care-fraud-sentencing-1/
New Hampshire Couple Indicted For Medicaid Fraud,2024-08-14,New Hampshire Couple Indicted For Medicaid Fraud,https://oig.hhs.gov/fraud/enforcement/new-hampshire-couple-indicted-for-medicaid-fraud/
Attorney General Phil Weiser Charges Medicaid Biller For $1.2 Million In False Liquid Nutrition Claims,2024-08-14,Attorney General Phil Weiser Charges Medicaid Biller For $1.2 Million In False Liquid Nutrition Claims,https://oig.hhs.gov/fraud/enforcement/attorney-general-phil-weiser-charges-medicaid-biller-for-12-million-in-false-liquid-nutrition-claims/
Federal Jury Convicts Felon On Supervised Release Of Using A Fraudulently Obtained Social Security Number And Theft Of Social Security Benefits,2024-08-14,Federal Jury Convicts Felon On Supervised Release Of Using A Fraudulently Obtained Social Security Number And Theft Of Social Security Benefits,https://oig.hhs.gov/fraud/enforcement/federal-jury-convicts-felon-on-supervised-release-of-using-a-fraudulently-obtained-social-security-number-and-theft-of-social-security-benefits/
Florida Man Pleads Guilty To Conspiring To Defraud Medicare Of $39.5 Million,2024-08-15,Florida Man Pleads Guilty To Conspiring To Defraud Medicare Of $39.5 Million,https://oig.hhs.gov/fraud/enforcement/florida-man-pleads-guilty-to-conspiring-to-defraud-medicare-of-395-million/
Carr's Medicaid Fraud Division Obtains New 15-Count Indictment In Forsyth County,2024-08-15,Carr's Medicaid Fraud Division Obtains New 15-Count Indictment In Forsyth County,https://oig.hhs.gov/fraud/enforcement/carrs-medicaid-fraud-division-obtains-new-15-count-indictment-in-forsyth-county/
Elizabethton Man Charged With Abuse Of Vulnerable Adult,2024-08-15,Elizabethton Man Charged With Abuse Of Vulnerable Adult,https://oig.hhs.gov/fraud/enforcement/elizabethton-man-charged-with-abuse-of-vulnerable-adult/
Dayton Woman Accused of $1.5 Million Medicaid Scheme Is Arrested in Texas,2024-08-16,Dayton Woman Accused of $1.5 Million Medicaid Scheme Is Arrested in Texas,https://oig.hhs.gov/fraud/enforcement/dayton-woman-accused-of-15-million-medicaid-scheme-is-arrested-in-texas/
"Lehighton Ambulance Association Agreed to Pay $142,000 for Allegedly Violating the Civil Monetary Penalties Law by Submitting Claims for Transport Services Provided by an Uncertified Individual",2024-08-19,"Lehighton Ambulance Association Agreed to Pay $142,000 for Allegedly Violating the Civil Monetary Penalties Law by Submitting Claims for Transport Services Provided by an Uncertified Individual",https://oig.hhs.gov/fraud/enforcement/lehighton-ambulance-association-agreed-to-pay-142000-for-allegedly-violating-the-civil-monetary-penalties-law-by-submitting-claims-for-transport-services-provided-by-an-uncertified-individual/
"U.S. Attorney Announces $600,000 False Claims Act Settlement With Medical Practice And Its Owners For Improper Medicare And Medicaid Billing",2024-08-19,"U.S. Attorney Announces $600,000 False Claims Act Settlement With Medical Practice And Its Owners For Improper Medicare And Medicaid Billing",https://oig.hhs.gov/fraud/enforcement/us-attorney-announces-600000-false-claims-act-settlement-with-medical-practice-and-its-owners-for-improper-medicare-and-medicaid-billing/
"Provider To Pay $600,000 To Resolve False Claims Act Liability Arising From Billing Of Electro-Acupuncture Device",2024-08-19,"Provider To Pay $600,000 To Resolve False Claims Act Liability Arising From Billing Of Electro-Acupuncture Device",https://oig.hhs.gov/fraud/enforcement/provider-to-pay-600000-to-resolve-false-claims-act-liability-arising-from-billing-of-electro-acupuncture-device/
Pair Accused Of Kickback Scheme Involving Lab Testing,2024-08-19,Pair Accused Of Kickback Scheme Involving Lab Testing,https://oig.hhs.gov/fraud/enforcement/pair-accused-of-kickback-scheme-involving-lab-testing/
"Millington Woman Arrested, Charged in TBI Medicaid Fraud Investigation",2024-08-20,"Millington Woman Arrested, Charged in TBI Medicaid Fraud Investigation",https://oig.hhs.gov/fraud/enforcement/millington-woman-arrested-charged-in-tbi-medicaid-fraud-investigation/
Nationwide Home Healthcare And Hospice Provider To Pay $3.85M To Resolve False Claims Act Allegations,2024-08-20,Nationwide Home Healthcare And Hospice Provider To Pay $3.85M To Resolve False Claims Act Allegations,https://oig.hhs.gov/fraud/enforcement/nationwide-home-healthcare-and-hospice-provider-to-pay-385m-to-resolve-false-claims-act-allegations/
NIRP And Founder To Pay Nearly $9M To Resolve Alleged Kickback Referral Violations,2024-08-20,NIRP And Founder To Pay Nearly $9M To Resolve Alleged Kickback Referral Violations,https://oig.hhs.gov/fraud/enforcement/nirp-and-founder-to-pay-nearly-9m-to-resolve-alleged-kickback-referral-violations/
Husband And Wife Sentenced For Defrauding An Elderly Victim Out Of Her Home And Obstruction Of Justice,2024-08-21,Husband And Wife Sentenced For Defrauding An Elderly Victim Out Of Her Home And Obstruction Of Justice,https://oig.hhs.gov/fraud/enforcement/husband-and-wife-sentenced-for-defrauding-an-elderly-victim-out-of-her-home-and-obstruction-of-justice/
Connecticut Man Admits Role In $7.8 Million Health Care Fraud And Kickback Scheme,2024-08-21,Connecticut Man Admits Role In $7.8 Million Health Care Fraud And Kickback Scheme,https://oig.hhs.gov/fraud/enforcement/connecticut-man-admits-role-in-78-million-health-care-fraud-and-kickback-scheme/
St. Louis Man Sentenced For Home Health Care Fraud,2024-08-21,St. Louis Man Sentenced For Home Health Care Fraud,https://oig.hhs.gov/fraud/enforcement/st-louis-man-sentenced-for-home-health-care-fraud/
"Mary Free Bed Medical Group Agreed to Pay $69,000 for Allegedly Violating the Civil Monetary Penalties Law by Submitting Claims for Upcoded Services",2024-08-21,"Mary Free Bed Medical Group Agreed to Pay $69,000 for Allegedly Violating the Civil Monetary Penalties Law by Submitting Claims for Upcoded Services",https://oig.hhs.gov/fraud/enforcement/mary-free-bed-medical-group-agreed-to-pay-69000-for-allegedly-violating-the-civil-monetary-penalties-law-by-submitting-claims-for-upcoded-services/
"President Of UMI Learning Center Sentenced To 27 Months In Prison, Ordered To Pay $3.7 Million Back In Stolen Childcare Benefits",2024-08-21,"President Of UMI Learning Center Sentenced To 27 Months In Prison, Ordered To Pay $3.7 Million Back In Stolen Childcare Benefits",https://oig.hhs.gov/fraud/enforcement/president-of-umi-learning-center-sentenced-to-27-months-in-prison-ordered-to-pay-37-million-back-in-stolen-childcare-benefits/
"Camden-Clark Physician Corporation and Parkersburg Cardiology Associates Agreed to Pay $155,000 for Allegedly Violating the Civil Monetary Penalties Law by Submitting Claims for Incident-to Services Without Proper Supervision",2024-08-23,"Camden-Clark Physician Corporation and Parkersburg Cardiology Associates Agreed to Pay $155,000 for Allegedly Violating the Civil Monetary Penalties Law by Submitting Claims for Incident-to Services Without Proper Supervision",https://oig.hhs.gov/fraud/enforcement/camden-clark-physician-corporation-and-parkersburg-cardiology-associates-agreed-to-pay-155000-for-allegedly-violating-the-civil-monetary-penalties-law-by-submitting-claims-for-incident-to-services-without-proper-supervision/
"Buffalo Pharmacy Pays More Than $140,000 To Settle Record Keeping And Misbilling Allegations",2024-08-23,"Buffalo Pharmacy Pays More Than $140,000 To Settle Record Keeping And Misbilling Allegations",https://oig.hhs.gov/fraud/enforcement/buffalo-pharmacy-pays-more-than-140000-to-settle-record-keeping-and-misbilling-allegations/
"Oregon DOJ Reaches Plea Deal With Nurse For Criminal Mistreatment, Elder Abuse",2024-08-23,"Oregon DOJ Reaches Plea Deal With Nurse For Criminal Mistreatment, Elder Abuse",https://oig.hhs.gov/fraud/enforcement/oregon-doj-reaches-plea-deal-with-nurse-for-criminal-mistreatment-elder-abuse/
Texarkana Physician Sentenced To More Than 7 Years In Federal Prison For Prescribing Controlled Substances Without A Legitimate Medical Purpose,2024-08-26,Texarkana Physician Sentenced To More Than 7 Years In Federal Prison For Prescribing Controlled Substances Without A Legitimate Medical Purpose,https://oig.hhs.gov/fraud/enforcement/texarkana-physician-sentenced-to-more-than-7-years-in-federal-prison-for-prescribing-controlled-substances-without-a-legitimate-medical-purpose/
"United Seating And Mobility, LLC, D/B/A Numotion, Agrees To Pay $13,500,000 To Resolve Alleged False Claims For Custom Wheelchairs",2024-08-26,"United Seating And Mobility, LLC, D/B/A Numotion, Agrees To Pay $13,500,000 To Resolve Alleged False Claims For Custom Wheelchairs",https://oig.hhs.gov/fraud/enforcement/united-seating-and-mobility-llc-dba-numotion-agrees-to-pay-13500000-to-resolve-alleged-false-claims-for-custom-wheelchairs/
"Oklahoma Medical Clinic, Owners, And Treating Physician Pay $246,000 To Settle Allegations Of Submitting False Medicare Claims For Medically Unnecessary Ultrasound Procedures",2024-08-27,"Oklahoma Medical Clinic, Owners, And Treating Physician Pay $246,000 To Settle Allegations Of Submitting False Medicare Claims For Medically Unnecessary Ultrasound Procedures",https://oig.hhs.gov/fraud/enforcement/oklahoma-medical-clinic-owners-and-treating-physician-pay-246000-to-settle-allegations-of-submitting-false-medicare-claims-for-medically-unnecessary-ultrasound-procedures/
California Doctor Sentenced For Health Care Fraud Scheme,2024-08-27,California Doctor Sentenced For Health Care Fraud Scheme,https://oig.hhs.gov/fraud/enforcement/california-doctor-sentenced-for-health-care-fraud-scheme/
U.S. Attorney Jesse Laslovich Announces $10.8 Million Civil Settlement With St. Peter’s Health Over False Claims Act Misconduct,2024-08-27,U.S. Attorney Jesse Laslovich Announces $10.8 Million Civil Settlement With St. Peter’s Health Over False Claims Act Misconduct,https://oig.hhs.gov/fraud/enforcement/us-attorney-jesse-laslovich-announces-108-million-civil-settlement-with-st-peters-health-over-false-claims-act-misconduct/
"Florence Wellness Agreed to Pay $194,000 for Allegedly Violating the Civil Monetary Penalties Law by Submitting Improper Claims for Remote Patient Monitoring",2024-08-27,"Florence Wellness Agreed to Pay $194,000 for Allegedly Violating the Civil Monetary Penalties Law by Submitting Improper Claims for Remote Patient Monitoring",https://oig.hhs.gov/fraud/enforcement/florence-wellness-agreed-to-pay-194000-for-allegedly-violating-the-civil-monetary-penalties-law-by-submitting-improper-claims-for-remote-patient-monitoring/
"Yavapai Regional Medical Center Agreed to Pay $10,000 for Allegedly Violating the Civil Monetary Penalties Law by Submitting Claims for Services Not Properly Certified",2024-08-27,"Yavapai Regional Medical Center Agreed to Pay $10,000 for Allegedly Violating the Civil Monetary Penalties Law by Submitting Claims for Services Not Properly Certified",https://oig.hhs.gov/fraud/enforcement/yavapai-regional-medical-center-agreed-to-pay-10000-for-allegedly-violating-the-civil-monetary-penalties-law-by-submitting-claims-for-services-not-properly-certified/
"Temporary Nurse Staffing Agencies In Quincy, Waltham To Pay More Than $600,000 In Separate Settlements For Failure To Comply With Rate Limits",2024-08-27,"Temporary Nurse Staffing Agencies In Quincy, Waltham To Pay More Than $600,000 In Separate Settlements For Failure To Comply With Rate Limits",https://oig.hhs.gov/fraud/enforcement/temporary-nurse-staffing-agencies-in-quincy-waltham-to-pay-more-than-600000-in-separate-settlements-for-failure-to-comply-with-rate-limits/
Baptist Health Services Agreed to Pay $1.4 Million for Allegedly Violating the Civil Monetary Penalties Law by Using False Records in Support of Claims for Office Visits,2024-08-27,Baptist Health Services Agreed to Pay $1.4 Million for Allegedly Violating the Civil Monetary Penalties Law by Using False Records in Support of Claims for Office Visits,https://oig.hhs.gov/fraud/enforcement/baptist-health-services-agreed-to-pay-14-million-for-allegedly-violating-the-civil-monetary-penalties-law-by-using-false-records-in-support-of-claims-for-office-visits/
Suffolk Services Provider Pleads Guilty To Health Care Fraud,2024-08-27,Suffolk Services Provider Pleads Guilty To Health Care Fraud,https://oig.hhs.gov/fraud/enforcement/suffolk-services-provider-pleads-guilty-to-healthcare-fraud/
Madison Man Pleads Guilty To Conspiracy To Defraud The United States,2024-08-28,Madison Man Pleads Guilty To Conspiracy To Defraud The United States,https://oig.hhs.gov/fraud/enforcement/madison-man-pleads-guilty-to-conspiracy-to-defraud-the-united-states/
Connecticut Dentists Pay $1.7 Million To Settle False Claims Allegations,2024-08-28,Connecticut Dentists Pay $1.7 Million To Settle False Claims Allegations,https://oig.hhs.gov/fraud/enforcement/connecticut-dentists-pay-17-million-to-settle-false-claims-allegations/
West Hartford Woman Sentenced For Medicaid Fraud,2024-08-29,West Hartford Woman Sentenced For Medicaid Fraud,https://oig.hhs.gov/fraud/enforcement/west-hartford-woman-sentenced-for-medicaid-fraud/
Former Dentist Who Stole Millions From Maryland Medicaid Now Sentenced For Violating Probation,2024-08-30,Former Dentist Who Stole Millions From Maryland Medicaid Now Sentenced For Violating Probation,https://oig.hhs.gov/fraud/enforcement/former-dentist-who-stole-millions-from-maryland-medicaid-now-sentenced-for-violating-probation/
"Slidell Memorial Hospital Agreed to Pay Agreed to Pay $20,000 for Allegedly Violating the Civil Monetary Penalties Law by Employing an Excluded Individual",2024-08-30,"Slidell Memorial Hospital Agreed to Pay Agreed to Pay $20,000 for Allegedly Violating the Civil Monetary Penalties Law by Employing an Excluded Individual",https://oig.hhs.gov/fraud/enforcement/slidell-memorial-hospital-agreed-to-pay-agreed-to-pay-20000-for-allegedly-violating-the-civil-monetary-penalties-law-by-employing-an-excluded-individual/
Four Defendants Plead Guilty To Defrauding Virginia Medicaid,2024-09-03,Four Defendants Plead Guilty To Defrauding Virginia Medicaid,https://oig.hhs.gov/fraud/enforcement/four-defendants-plead-guilty-to-defrauding-virginia-medicaid/
Former Chief Operating Officer Of COVID-19 Testing Kit Company Sentenced To More Than Six Years In Federal Prison For Embezzling $1.85 Million,2024-09-04,Former Chief Operating Officer Of COVID-19 Testing Kit Company Sentenced To More Than Six Years In Federal Prison For Embezzling $1.85 Million,https://oig.hhs.gov/fraud/enforcement/former-chief-operating-officer-of-covid-19-testing-kit-company-sentenced-to-more-than-six-years-in-federal-prison-for-embezzling-185-million/
Attorney General Brown Announces Conviction of Washington County Care Provider Who Assaulted Vulnerable Adult,2024-09-04,Attorney General Brown Announces Conviction of Washington County Care Provider Who Assaulted Vulnerable Adult,https://oig.hhs.gov/fraud/enforcement/attorney-general-brown-announces-conviction-of-washington-county-care-provider-who-assaulted-vulnerable-adult/
Pharmaceutical Company Pays $25 Million To Resolve Alleged False Claims Act Liability For Price-Fixing Of Generic Drug,2024-09-04,Pharmaceutical Company Pays $25 Million To Resolve Alleged False Claims Act Liability For Price-Fixing Of Generic Drug,https://oig.hhs.gov/fraud/enforcement/pharmaceutical-company-pays-25-million-to-resolve-alleged-false-claims-act-liability-for-price-fixing-of-generic-drug/
Connecticut Dentist Pleads Guilty To Violating Federal Anti-Kickback Law,2024-09-04,Connecticut Dentist Pleads Guilty To Violating Federal Anti-Kickback Law,https://oig.hhs.gov/fraud/enforcement/connecticut-dentist-pleads-guilty-to-violating-federal-anti-kickback-law/
Home Health Care Company Operators Sentenced To Prison In $5.5 Million Kickback Scheme And Tax Evasion,2024-09-05,Home Health Care Company Operators Sentenced To Prison In $5.5 Million Kickback Scheme And Tax Evasion,https://oig.hhs.gov/fraud/enforcement/home-health-care-company-operators-sentenced-to-prison-in-55-million-kickback-scheme-and-tax-evasion/
"Attorney General Moody Announces Arrest Of Owner Of Caregiving Company For More Than $20,000 In Medicaid Fraud",2024-09-05,"Attorney General Moody Announces Arrest Of Owner Of Caregiving Company For More Than $20,000 In Medicaid Fraud",https://oig.hhs.gov/fraud/enforcement/attorney-general-moody-announces-arrest-of-owner-of-caregiving-company-for-more-than-20000-in-medicaid-fraud/
Macon Resident Sentenced For Obstructing Justice In Civil Investigation,2024-09-05,Macon Resident Sentenced For Obstructing Justice In Civil Investigation,https://oig.hhs.gov/fraud/enforcement/macon-resident-sentenced-for-obstructing-justice-in-civil-investigation/
"The Rector and Visitors of the University of Virginia Agreed to Pay $66,000 for Allegedly Violating the Civil Monetary Penalties Law by Employing an Excluded Individual",2024-09-06,"The Rector and Visitors of the University of Virginia Agreed to Pay $66,000 for Allegedly Violating the Civil Monetary Penalties Law by Employing an Excluded Individual",https://oig.hhs.gov/fraud/enforcement/the-rector-and-visitors-of-the-university-of-virginia-agreed-to-pay-66000-for-allegedly-violating-the-civil-monetary-penalties-law-by-employing-an-excluded-individual/
"Pharmacists Convicted Of $13M Medicare, Medicaid, And Private Insurer Fraud Scheme",2024-09-06,"Pharmacists Convicted Of $13M Medicare, Medicaid, And Private Insurer Fraud Scheme",https://oig.hhs.gov/fraud/enforcement/pharmacists-convicted-of-13m-medicare-medicaid-and-private-insurer-fraud-scheme/
"Medical Device Company To Pay $700,000 To Resolve False Claims Act Allegations Concerning Inflated Reimbursements From Medicare And Medicaid",2024-09-06,"Medical Device Company To Pay $700,000 To Resolve False Claims Act Allegations Concerning Inflated Reimbursements From Medicare And Medicaid",https://oig.hhs.gov/fraud/enforcement/medical-device-company-to-pay-700000-to-resolve-false-claims-act-allegations-concerning-inflated-reimbursements-from-medicare-and-medicaid/
Marketer Of Durable Medical Equipment Admits Multimillion-Dollar Health Care Fraud Scheme,2024-09-06,Marketer Of Durable Medical Equipment Admits Multimillion-Dollar Health Care Fraud Scheme,https://oig.hhs.gov/fraud/enforcement/marketer-of-durable-medical-equipment-admits-multimillion-dollar-health-care-fraud-scheme/
"Baylor College of Medicine Agreed to Pay $622,000 for Allegedly Violating the Civil Monetary Penalties Law by Paying for Certain Technical Components of Services Related to Referrals by Certain Physicians and Physician Practices",2024-09-10,"Baylor College of Medicine Agreed to Pay $622,000 for Allegedly Violating the Civil Monetary Penalties Law by Paying for Certain Technical Components of Services Related to Referrals by Certain Physicians and Physician Practices",https://oig.hhs.gov/fraud/enforcement/baylor-college-of-medicine-agreed-to-pay-622000-for-allegedly-violating-the-civil-monetary-penalties-law-by-paying-for-certain-technical-components-of-services-related-to-referrals-by-certain-physicians-and-physician-practices/
Behavioral Health Care Company Executive Charged With Health Care Fraud,2024-09-10,Behavioral Health Care Company Executive Charged With Health Care Fraud,https://oig.hhs.gov/fraud/enforcement/behavioral-health-care-company-executive-charged-with-health-care-fraud/
"Medical Center Health System and Medical Center Hospital, and MCH Professional Care, Agreed to Pay $518,000 for Allegedly Violating the Civil Monetary Penalties Law by Submitting Claims for Medically Unnecessary Services",2024-09-11,"Medical Center Health System and Medical Center Hospital, and MCH Professional Care, Agreed to Pay $518,000 for Allegedly Violating the Civil Monetary Penalties Law by Submitting Claims for Medically Unnecessary Services",https://oig.hhs.gov/fraud/enforcement/medical-center-health-system-and-medical-center-hospital-and-mch-professional-care-agreed-to-pay-518000-for-allegedly-violating-the-civil-monetary-penalties-law-by-submitting-claims-for-medically-unnecessary-services/
"United States Files Suit Against Pain Institute Of Nashville, Michael Cox, Debbie Cox, And Related Entities",2024-09-11,"United States Files Suit Against Pain Institute Of Nashville, Michael Cox, Debbie Cox, And Related Entities",https://oig.hhs.gov/fraud/enforcement/united-states-files-suit-against-pain-institute-of-nashville-michael-cox-debbie-cox-and-related-entities/
"Man Pleads Guilty To Stealing More Than $68,000 From Medicaid And SNAP",2024-09-11,"Man Pleads Guilty To Stealing More Than $68,000 From Medicaid And SNAP",https://oig.hhs.gov/fraud/enforcement/man-pleads-guilty-to-stealing-more-than-68000-from-medicaid-and-snap/
United States Settles Claims Of Durable Medical Equipment Fraud Against Wilmington Physician,2024-09-11,United States Settles Claims Of Durable Medical Equipment Fraud Against Wilmington Physician,https://oig.hhs.gov/fraud/enforcement/united-states-settles-claims-of-durable-medical-equipment-fraud-against-wilmington-physician/
Final Medoc Defendant Sentenced In $4.4 Million Prescription Kickback Scheme,2024-09-12,Final Medoc Defendant Sentenced In $4.4 Million Prescription Kickback Scheme,https://oig.hhs.gov/fraud/enforcement/final-medoc-defendant-sentenced-in-44-million-prescription-kickback-scheme/
Attorney General James Secures More Than $7.6 Million From Health Insurer For Using Banned Medicaid Provider,2024-09-12,Attorney General James Secures More Than $7.6 Million From Health Insurer For Using Banned Medicaid Provider,https://oig.hhs.gov/fraud/enforcement/attorney-general-james-secures-more-than-76-million-from-health-insurer-for-using-banned-medicaid-provider/
Former Charleston Physician Pleads Guilty To Federal Opioid Crime,2024-09-12,Former Charleston Physician Pleads Guilty To Federal Opioid Crime,https://oig.hhs.gov/fraud/enforcement/former-charleston-physician-pleads-guilty-to-federal-opioid-crime/
Geriatric Nursing Assistant Sentenced For Theft Involving Nursing Facility Resident’s Debit Card,2024-09-13,Geriatric Nursing Assistant Sentenced For Theft Involving Nursing Facility Resident’s Debit Card,https://oig.hhs.gov/fraud/enforcement/geriatric-nursing-assistant-sentenced-for-theft-involving-nursing-facility-residents-debit-card/
Sioux City Mental Health Counselor Arrested For Fraudulent Billing Insurance And Medicaid,2024-09-13,Sioux City Mental Health Counselor Arrested For Fraudulent Billing Insurance And Medicaid,https://oig.hhs.gov/fraud/enforcement/sioux-city-mental-health-counselor-arrested-for-fraudulent-billing-insurance-and-medicaid/
Walgreens Agrees To Pay $106.8M To Resolve Allegations It Billed The Government For Prescriptions Never Dispensed,2024-09-13,Walgreens Agrees To Pay $106.8M To Resolve Allegations It Billed The Government For Prescriptions Never Dispensed,https://oig.hhs.gov/fraud/enforcement/walgreens-agrees-to-pay-1068m-to-resolve-allegations-it-billed-the-government-for-prescriptions-never-dispensed/
California Addiction Treatment Facility Operator Convicted Of Paying Nearly $2.9M In Illegal Kickbacks,2024-09-13,California Addiction Treatment Facility Operator Convicted Of Paying Nearly $2.9M In Illegal Kickbacks,https://oig.hhs.gov/fraud/enforcement/california-addiction-treatment-facility-operator-convicted-of-paying-nearly-29m-in-illegal-kickbacks/
Licensed Professional Counselor Indicted In $2 Million Health Care Fraud Scheme,2024-09-13,Licensed Professional Counselor Indicted In $2 Million Health Care Fraud Scheme,https://oig.hhs.gov/fraud/enforcement/licensed-professional-counselor-indicted-in-2-million-health-care-fraud-scheme/
Attorney General Alan Wilson Announces Upstate Woman Charged With Fraud And Stealing From Vulnerable Adult,2024-09-16,Attorney General Alan Wilson Announces Upstate Woman Charged With Fraud And Stealing From Vulnerable Adult,https://oig.hhs.gov/fraud/enforcement/attorney-general-alan-wilson-announces-upstate-woman-charged-with-fraud-and-stealing-from-vulnerable-adult/
"Dunes Surgical Hospital and USP Siouxland Agreed to Pay $267,000 for Allegedly Violating the Civil Monetary Penalties Law by Paying Remuneration in the Form of Free Office Space and Above Fair Market Value for Services",2024-09-16,"Dunes Surgical Hospital and USP Siouxland Agreed to Pay $267,000 for Allegedly Violating the Civil Monetary Penalties Law by Paying Remuneration in the Form of Free Office Space and Above Fair Market Value for Services",https://oig.hhs.gov/fraud/enforcement/dunes-surgical-hospital-and-usp-siouxland-agreed-to-pay-267000-for-allegedly-violating-the-civil-monetary-penalties-law-by-paying-remuneration-in-the-form-of-free-office-space-and-above-fair-market-value-for-services/
South Dakota Surgical Hospital Agrees To Pay More Than $12.7M To Resolve Alleged False Claims Act Violations,2024-09-16,South Dakota Surgical Hospital Agrees To Pay More Than $12.7M To Resolve Alleged False Claims Act Violations,https://oig.hhs.gov/fraud/enforcement/south-dakota-surgical-hospital-agrees-to-pay-more-than-127m-to-resolve-alleged-false-claims-act-violations/
East Lansing Caregiver Sentenced For Role In Freezing Death Of Elderly Woman,2024-09-17,East Lansing Caregiver Sentenced For Role In Freezing Death Of Elderly Woman,https://oig.hhs.gov/fraud/enforcement/east-lansing-caregiver-sentenced-for-role-in-freezing-death-of-elderly-woman/
Doctor Pleads Guilty To Conspiracy To Illegally Using A Drug Enforcement Administration Registration Number Issued To Another,2024-09-17,Doctor Pleads Guilty To Conspiracy To Illegally Using A Drug Enforcement Administration Registration Number Issued To Another,https://oig.hhs.gov/fraud/enforcement/doctor-pleads-guilty-to-conspiracy-to-illegally-using-a-drug-enforcement-administration-registration-number-issued-to-another/
South Dakota Surgical Hospital And United Surgical Partners International Agree To Pay More Than $12.7 Million To Resolve Alleged False Claims Act Violations,2024-09-17,South Dakota Surgical Hospital And United Surgical Partners International Agree To Pay More Than $12.7 Million To Resolve Alleged False Claims Act Violations,https://oig.hhs.gov/fraud/enforcement/south-dakota-surgical-hospital-and-united-surgical-partners-international-agree-to-pay-more-than-127-million-to-resolve-alleged-false-claims-act-violations/
Managers Of Suburban Chicago Youth Counseling Center Sentenced To Prison For Defrauding Illinois Medicaid Out Of $2.5 Million,2024-09-17,Managers Of Suburban Chicago Youth Counseling Center Sentenced To Prison For Defrauding Illinois Medicaid Out Of $2.5 Million,https://oig.hhs.gov/fraud/enforcement/managers-of-suburban-chicago-youth-counseling-center-sentenced-to-prison-for-defrauding-illinois-medicaid-out-of-25-million/
"Maryland Man Sentenced For Selling Fraudulent Nursing Diplomas, Transcripts And Nursing Licenses",2024-09-18,"Maryland Man Sentenced For Selling Fraudulent Nursing Diplomas, Transcripts And Nursing Licenses",https://oig.hhs.gov/fraud/enforcement/maryland-man-sentenced-for-selling-fraudulent-nursing-diplomas-transcripts-and-nursing-licenses/
Doctor Charged In $32.7M Medicare Fraud Scheme,2024-09-18,Doctor Charged In $32.7M Medicare Fraud Scheme,https://oig.hhs.gov/fraud/enforcement/doctor-charged-in-327m-medicare-fraud-scheme/
Carr: Lawrenceville Man Indicted For Medicaid And Identity Fraud,2024-09-18,Carr: Lawrenceville Man Indicted For Medicaid And Identity Fraud,https://oig.hhs.gov/fraud/enforcement/carr-lawrenceville-man-indicted-for-medicaid-and-identity-fraud/
Oak Street Health Agrees To Pay $60M To Resolve Alleged False Claims Act Liability For Paying Kickbacks To Insurance Agents In Medicare Advantage Patient Recruitment Scheme,2024-09-18,Oak Street Health Agrees To Pay $60M To Resolve Alleged False Claims Act Liability For Paying Kickbacks To Insurance Agents In Medicare Advantage Patient Recruitment Scheme,https://oig.hhs.gov/fraud/enforcement/oak-street-health-agrees-to-pay-60m-to-resolve-alleged-false-claims-act-liability-for-paying-kickbacks-to-insurance-agents-in-medicare-advantage-patient-recruitment-scheme/
Attorney General Bonta Announces Indictment Of Southern California Healthcare Provider For Medi-Cal Fraud Of Nearly $60 Million,2024-09-18,Attorney General Bonta Announces Indictment Of Southern California Healthcare Provider For Medi-Cal Fraud Of Nearly $60 Million,https://oig.hhs.gov/fraud/enforcement/attorney-general-bonta-announces-indictment-of-southern-california-healthcare-provider-for-medi-cal-fraud-of-nearly-60-million/
Philadelphia Woman Sentenced To 20 Months In Prison For Conspiring To Defraud Medicaid,2024-09-19,Philadelphia Woman Sentenced To 20 Months In Prison For Conspiring To Defraud Medicaid,https://oig.hhs.gov/fraud/enforcement/philadelphia-woman-sentenced-to-20-months-in-prison-for-conspiring-to-defraud-medicaid/
"Medical Device Distributor To Pay $1,019,000 To Resolve False Claims Act Liability Arising From Billing Of “P-Stim” Devices",2024-09-19,"Medical Device Distributor To Pay $1,019,000 To Resolve False Claims Act Liability Arising From Billing Of “P-Stim” Devices",https://oig.hhs.gov/fraud/enforcement/medical-device-distributor-to-pay-1019000-to-resolve-false-claims-act-liability-arising-from-billing-of-p-stim-devices/
Tallahassee Woman Arrested for Defrauding Medicaid Program,2024-09-20,Tallahassee Woman Arrested for Defrauding Medicaid Program,https://oig.hhs.gov/fraud/enforcement/tallahassee-woman-arrested-for-defrauding-medicaid-program/
Nine Individuals Indicted In $28 Million Illegal Opioid Distribution Conspiracy Three Doctors and A Clinic Owner Among Those Indicted,2024-09-20,Nine Individuals Indicted In $28 Million Illegal Opioid Distribution Conspiracy Three Doctors and A Clinic Owner Among Those Indicted,https://oig.hhs.gov/fraud/enforcement/nine-individuals-indicted-in-28-million-illegal-opioid-distribution-conspiracy-three-doctors-and-a-clinic-owner-among-those-indicted/
"Michael G. Valpiani, MD AZ, and Dr. Michael G. Valpiani Agreed to Pay $296,000 for Allegedly Violating the Civil Monetary Penalties Law by Submitting Claims for Services Not Provided as Claimed",2024-09-23,"Michael G. Valpiani, MD AZ, and Dr. Michael G. Valpiani Agreed to Pay $296,000 for Allegedly Violating the Civil Monetary Penalties Law by Submitting Claims for Services Not Provided as Claimed",https://oig.hhs.gov/fraud/enforcement/michael-g-valpiani-md-az-and-dr-michael-g-valpiani-agreed-to-pay-296000-for-allegedly-violating-the-civil-monetary-penalties-law-by-submitting-claims-for-services-not-provided-as-claimed/
"Hope Pharmacy Agreed to Pay $100,000 for Allegedly Violating the Civil Monetary Penalties Law by Paying Remuneration in the Form of Waived Copayments",2024-09-23,"Hope Pharmacy Agreed to Pay $100,000 for Allegedly Violating the Civil Monetary Penalties Law by Paying Remuneration in the Form of Waived Copayments",https://oig.hhs.gov/fraud/enforcement/hope-pharmacy-agreed-to-pay-100000-for-allegedly-violating-the-civil-monetary-penalties-law-by-paying-remuneration-in-the-form-of-waived-copayments/
Home Health Care Companies Owner Convicted Of Medicaid Fraud,2024-09-23,Home Health Care Companies Owner Convicted Of Medicaid Fraud,https://oig.hhs.gov/fraud/enforcement/home-health-care-companies-owner-convicted-of-medicaid-fraud/
Attorney General Alan Wilson announces Irmo woman charged with stealing from Charleston nursing home resident,2024-09-24,Attorney General Alan Wilson announces Irmo woman charged with stealing from Charleston nursing home resident,https://oig.hhs.gov/fraud/enforcement/attorney-general-alan-wilson-announces-irmo-woman-charged-with-stealing-from-charleston-nursing-home-resident/
"Digestive Health Partners Agreed to Pay $74,000 for Allegedly Violating the Civil Monetary Penalties Law by Submitting Claims for Upcoded Drugs and Services",2024-09-24,"Digestive Health Partners Agreed to Pay $74,000 for Allegedly Violating the Civil Monetary Penalties Law by Submitting Claims for Upcoded Drugs and Services",https://oig.hhs.gov/fraud/enforcement/digestive-health-partners-agreed-to-pay-74000-for-allegedly-violating-the-civil-monetary-penalties-law-by-submitting-claims-for-upcoded-drugs-and-services/
Seven People Charged With Over $40 Million In Medicare And Medicaid Fraud,2024-09-24,Seven People Charged With Over $40 Million In Medicare And Medicaid Fraud,https://oig.hhs.gov/fraud/enforcement/seven-people-charged-with-over-40-million-in-medicare-and-medicaid-fraud/
"Big South Fork Medical Center Agreed to Pay $60,000 for Allegedly Violating Patient Dumping Statute by Failing to Provide Appropriate Medical Screening Examinations",2024-09-24,"Big South Fork Medical Center Agreed to Pay $60,000 for Allegedly Violating Patient Dumping Statute by Failing to Provide Appropriate Medical Screening Examinations",https://oig.hhs.gov/fraud/enforcement/big-south-fork-medical-center-agreed-to-pay-60000-for-allegedly-violating-patient-dumping-statute-by-failing-to-provide-appropriate-medical-screening-examinations/
Texas Businessman Accused of $1.9 Million COVID Test Kit Fraud,2024-09-25,Texas Businessman Accused of $1.9 Million COVID Test Kit Fraud,https://oig.hhs.gov/fraud/enforcement/texas-businessman-accused-of-19-million-covid-test-kit-fraud/
Over 100 Defendants Federally Charged With Fraud Related To The COVID-19 Pandemic,2024-09-25,Over 100 Defendants Federally Charged With Fraud Related To The COVID-19 Pandemic,https://oig.hhs.gov/fraud/enforcement/over-100-defendants-federally-charged-with-fraud-related-to-the-covid-19-pandemic/
Former Pharmacy Chief Financial Officer and Former Pharmacy President Admit Roles in $33 Million Pharmacy Compounded Medication Scheme,2024-09-25,Former Pharmacy Chief Financial Officer and Former Pharmacy President Admit Roles in $33 Million Pharmacy Compounded Medication Scheme,https://oig.hhs.gov/fraud/enforcement/former-pharmacy-chief-financial-officer-and-former-pharmacy-president-admit-roles-in-33-million-pharmacy-compounded-medication-scheme/
Prineville Woman Sentenced to Federal Prison for Multi-Million Dollar Drug Treatment Fraud Scheme,2024-09-25,Prineville Woman Sentenced to Federal Prison for Multi-Million Dollar Drug Treatment Fraud Scheme,https://oig.hhs.gov/fraud/enforcement/prineville-woman-sentenced-to-federal-prison-for-multi-million-dollar-drug-treatment-fraud-scheme/
USAO NDWV Secures False Claims Act Settlement Relating to Use of Amniotic Fluid Injections for Pain Management,2024-09-25,USAO NDWV Secures False Claims Act Settlement Relating to Use of Amniotic Fluid Injections for Pain Management,https://oig.hhs.gov/fraud/enforcement/usao-ndwv-secures-false-claims-act-settlement-relating-to-use-of-amniotic-fluid-injections-for-pain-management/
27 Individuals Indicted for Buying and Selling Wholesale Quantities of Misbranded and Diverted Prescription Drugs Resold to the Public Through Retail Pharmacies in Puerto Rico,2024-09-25,27 Individuals Indicted for Buying and Selling Wholesale Quantities of Misbranded and Diverted Prescription Drugs Resold to the Public Through Retail Pharmacies in Puerto Rico,https://oig.hhs.gov/fraud/enforcement/27-individuals-indicted-for-buying-and-selling-wholesale-quantities-of-misbranded-and-diverted-prescription-drugs-resold-to-the-public-through-retail-pharmacies-in-puerto-rico/
"Ra Medical Systems, Inc. & Physicians Pay Over $8 Million to Resolve False Claims Act Allegations of Illegal Kickbacks",2024-09-25,"Ra Medical Systems, Inc. & Physicians Pay Over $8 Million to Resolve False Claims Act Allegations of Illegal Kickbacks",https://oig.hhs.gov/fraud/enforcement/ra-medical-systems-inc-physicians-pay-over-8-million-to-resolve-false-claims-act-allegations-of-illegal-kickbacks/
"$2,125,640 Recouped in Civil Settlements for Violations of the False Claims Act from Local Pharmacies in Cidra and Florida, Puerto Rico",2024-09-25,"$2,125,640 Recouped in Civil Settlements for Violations of the False Claims Act from Local Pharmacies in Cidra and Florida, Puerto Rico",https://oig.hhs.gov/fraud/enforcement/2125640-recouped-in-civil-settlements-for-violations-of-the-false-claims-act-from-local-pharmacies-in-cidra-and-florida-puerto-rico/
Virginia-Based Defense Contractor To Pay $2.25 Million Fine for Bribery Conspiracy,2024-09-25,Virginia-Based Defense Contractor To Pay $2.25 Million Fine for Bribery Conspiracy,https://oig.hhs.gov/fraud/enforcement/virginia-based-defense-contractor-to-pay-225-million-fine-for-bribery-conspiracy/
Attorney General Griffin Announces Arrest Of Little Rock Woman On Felony Medicaid Fraud Charge,2024-09-26,Attorney General Griffin Announces Arrest Of Little Rock Woman On Felony Medicaid Fraud Charge,https://oig.hhs.gov/fraud/enforcement/attorney-general-griffin-announces-arrest-of-little-rock-woman-on-felony-medicaid-fraud-charge/
Acadia Healthcare Company Inc. to Pay $19.85M to Settle Allegations Relating to Medically Unnecessary Inpatient Behavioral Health Services,2024-09-26,Acadia Healthcare Company Inc. to Pay $19.85M to Settle Allegations Relating to Medically Unnecessary Inpatient Behavioral Health Services,https://oig.hhs.gov/fraud/enforcement/acadia-healthcare-company-inc-to-pay-1985m-to-settle-allegations-relating-to-medically-unnecessary-inpatient-behavioral-health-services/
Behavioral Healthcare Company Executive Pleads Guilty to Healthcare Fraud,2024-09-26,Behavioral Healthcare Company Executive Pleads Guilty to Healthcare Fraud,https://oig.hhs.gov/fraud/enforcement/behavioral-healthcare-company-executive-pleads-guilty-to-healthcare-fraud/
The Pathway Home Abuse Investigation – Victims Being Sought,2024-09-27,The Pathway Home Abuse Investigation – Victims Being Sought,https://oig.hhs.gov/fraud/enforcement/the-pathway-home-abuse-investigation-victims-being-sought/
"Hospital, Laboratory, Referring Physician, and Lab Employees Pay More than $7.2 Million To Resolve Civil Allegations of Fraudulent Laboratory Testing",2024-09-27,"Hospital, Laboratory, Referring Physician, and Lab Employees Pay More than $7.2 Million To Resolve Civil Allegations of Fraudulent Laboratory Testing",https://oig.hhs.gov/fraud/enforcement/hospital-laboratory-referring-physician-and-lab-employees-pay-more-than-72-million-to-resolve-civil-allegations-of-fraudulent-laboratory-testing/
"Physician and Office Manager Pay $450,000 to Resolve Alleged Violations of the Controlled Substance Act and the False Claims Act",2024-09-27,"Physician and Office Manager Pay $450,000 to Resolve Alleged Violations of the Controlled Substance Act and the False Claims Act",https://oig.hhs.gov/fraud/enforcement/physician-and-office-manager-pay-450000-to-resolve-alleged-violations-of-the-controlled-substance-act-and-the-false-claims-act/
Owner of Oahu Physical Therapy Clinics Pleads Guilty to Health Care Fraud,2024-09-27,Owner of Oahu Physical Therapy Clinics Pleads Guilty to Health Care Fraud,https://oig.hhs.gov/fraud/enforcement/owner-of-oahu-physical-therapy-clinics-pleads-guilty-to-health-care-fraud/
Attorney General James And U.S. Attorney Peace Secure Over $17 Million From Home Health Agencies For Cheating Workers And Defrauding Medicaid In Landmark Wage Parity Agreement,2024-09-30,Attorney General James And U.S. Attorney Peace Secure Over $17 Million From Home Health Agencies For Cheating Workers And Defrauding Medicaid In Landmark Wage Parity Agreement,https://oig.hhs.gov/fraud/enforcement/attorney-general-james-and-us-attorney-peace-secure-over-17-million-from-home-health-agencies-for-cheating-workers-and-defrauding-medicaid-in-landmark-wage-parity-agreement/
"Joint Regeneration of North Atlanta Agreed to Pay $66,000 for Allegedly Violating the Civil Monetary Penalties Law by Submitting Claims for Orthoses that Did Not Meet Medicare Requirements",2024-09-30,"Joint Regeneration of North Atlanta Agreed to Pay $66,000 for Allegedly Violating the Civil Monetary Penalties Law by Submitting Claims for Orthoses that Did Not Meet Medicare Requirements",https://oig.hhs.gov/fraud/enforcement/joint-regeneration-of-north-atlanta-agreed-to-pay-66000-for-allegedly-violating-the-civil-monetary-penalties-law-by-submitting-claims-for-orthoses-that-did-not-meet-medicare-requirements/
Founder and Chief Executive Officer of Injectable Stem Cell Product Manufacturer Sentenced for Distributing Unapproved Drug,2024-09-30,Founder and Chief Executive Officer of Injectable Stem Cell Product Manufacturer Sentenced for Distributing Unapproved Drug,https://oig.hhs.gov/fraud/enforcement/founder-and-chief-executive-officer-of-injectable-stem-cell-product-manufacturer-sentenced-for-distributing-unapproved-drug/
Brooklyn-Based Home Health Care Agencies Settle Fraud Claims for $9.75 Million and Agree to Pay $7.5 Million in Wages and Benefits to Underpaid Aides,2024-09-30,Brooklyn-Based Home Health Care Agencies Settle Fraud Claims for $9.75 Million and Agree to Pay $7.5 Million in Wages and Benefits to Underpaid Aides,https://oig.hhs.gov/fraud/enforcement/brooklyn-based-home-health-care-agencies-settle-fraud-claims-for-975-million-and-agree-to-pay-75-million-in-wages-and-benefits-to-underpaid-aides/
Lab Owner Pleads Guilty to $14M COVID-19 Fraud Scheme,2024-09-30,Lab Owner Pleads Guilty to $14M COVID-19 Fraud Scheme,https://oig.hhs.gov/fraud/enforcement/lab-owner-pleads-guilty-to-14m-covid-19-fraud-scheme/
"Patient First New Jersey Physicians Group Agreed to Pay $25,000 for Allegedly Violating the Civil Monetary Penalties Law by Employing an Excluded Individual",2024-09-30,"Patient First New Jersey Physicians Group Agreed to Pay $25,000 for Allegedly Violating the Civil Monetary Penalties Law by Employing an Excluded Individual",https://oig.hhs.gov/fraud/enforcement/patient-first-new-jersey-physicians-group-agreed-to-pay-25000-for-allegedly-violating-the-civil-monetary-penalties-law-by-employing-an-excluded-individual/
"Lehigh Valley-Area Doctor Agrees to Pay $45,000 to Resolve False Claims Act Liability",2024-10-01,"Lehigh Valley-Area Doctor Agrees to Pay $45,000 to Resolve False Claims Act Liability",https://oig.hhs.gov/fraud/enforcement/lehigh-valley-area-doctor-agrees-to-pay-45000-to-resolve-false-claims-act-liability/
Brookline Hospital to Pay Up To $6.5 Million to Resolve False Claims Act Liability Concerning Kickback Allegations,2024-10-01,Brookline Hospital to Pay Up To $6.5 Million to Resolve False Claims Act Liability Concerning Kickback Allegations,https://oig.hhs.gov/fraud/enforcement/brookline-hospital-to-pay-up-to-65-million-to-resolve-false-claims-act-liability-concerning-kickback-allegations/
Chicago Lab Owner Pleads Guilty to $14 Million COVID-19 Fraud Scheme,2024-10-01,Chicago Lab Owner Pleads Guilty to $14 Million COVID-19 Fraud Scheme,https://oig.hhs.gov/fraud/enforcement/chicago-lab-owner-pleads-guilty-to-14-million-covid-19-fraud-scheme/
Wichita Brothers Plead Guilty To Defrauding The Government,2024-10-02,Wichita Brothers Plead Guilty To Defrauding The Government,https://oig.hhs.gov/fraud/enforcement/wichita-brothers-plead-guilty-to-defrauding-the-government/
Martin Handler Sentenced To 58 Months For Fraud On Federal Head Start Program And Tax Evasion,2024-10-02,Martin Handler Sentenced To 58 Months For Fraud On Federal Head Start Program And Tax Evasion,https://oig.hhs.gov/fraud/enforcement/martin-handler-sentenced-to-58-months-for-fraud-on-federal-head-start-program-and-tax-evasion/
Precision Toxicology Agrees to Pay $27M to Resolve Allegations of Unnecessary Drug Testing and Illegal Remuneration to Physicians,2024-10-02,Precision Toxicology Agrees to Pay $27M to Resolve Allegations of Unnecessary Drug Testing and Illegal Remuneration to Physicians,https://oig.hhs.gov/fraud/enforcement/precision-toxicology-agrees-to-pay-27m-to-resolve-allegations-of-unnecessary-drug-testing-and-illegal-remuneration-to-physicians/
"AG Moody’s Medicaid Fraud Control Unit Secures More Than $700,000 Through Multistate Action from Toxicology Laboratory",2024-10-02,"AG Moody’s Medicaid Fraud Control Unit Secures More Than $700,000 Through Multistate Action from Toxicology Laboratory",https://oig.hhs.gov/fraud/enforcement/ag-moodys-medicaid-fraud-control-unit-secures-more-than-700000-through-multistate-action-from-toxicology-laboratory/
Texas Hospital CEO to Pay Over $5.3M to Settle Kickback Allegations Involving Laboratory Testing,2024-10-02,Texas Hospital CEO to Pay Over $5.3M to Settle Kickback Allegations Involving Laboratory Testing,https://oig.hhs.gov/fraud/enforcement/texas-hospital-ceo-to-pay-over-53m-to-settle-kickback-allegations-involving-laboratory-testing/
"Ten Pharmaceutical Distributor Executives, Sales Representatives, And Brokers Charged In Connection With Unlawful Sales Of Nearly 70M Opioid Pills",2024-10-03,"Ten Pharmaceutical Distributor Executives, Sales Representatives, And Brokers Charged In Connection With Unlawful Sales Of Nearly 70M Opioid Pills",https://oig.hhs.gov/fraud/enforcement/ten-pharmaceutical-distributor-executives-sales-representatives-and-brokers-charged-in-connection-with-unlawful-sales-of-nearly-70m-opioid-pills/
Merrillville Doctor Sentenced To Prison And Ordered To Pay Restitution,2024-10-03,Merrillville Doctor Sentenced To Prison And Ordered To Pay Restitution,https://oig.hhs.gov/fraud/enforcement/merrillville-doctor-sentenced-to-prison-and-ordered-to-pay-restitution/
Operator Of South Carolina Medicaid Call Center Agrees To Pay $11.3 Million To Resolve False Claims Act Liability; Two Former Employees Plead Guilty To Wire Fraud,2024-10-03,Operator Of South Carolina Medicaid Call Center Agrees To Pay $11.3 Million To Resolve False Claims Act Liability; Two Former Employees Plead Guilty To Wire Fraud,https://oig.hhs.gov/fraud/enforcement/operator-of-south-carolina-medicaid-call-center-agrees-to-pay-113-million-to-resolve-false-claims-act-liability-two-former-employees-plead-guilty-to-wire-fraud/
North Carolina Physician Assistant Sentenced To Six Years In Prison For Role In $10 Million Telemedicine Fraud Scheme,2024-10-04,North Carolina Physician Assistant Sentenced To Six Years In Prison For Role In $10 Million Telemedicine Fraud Scheme,https://oig.hhs.gov/fraud/enforcement/north-carolina-physician-assistant-sentenced-to-six-years-in-prison-for-role-in-10-million-telemedicine-fraud-scheme/
"Janette Gray, MD and Janette Gray MD Inc. Agreed to Be Excluded for Five Years for Allegedly Submitting Claims for Misrepresented, Medically Unnecessary and Unbundling Services",2024-10-07,"Janette Gray, MD and Janette Gray MD Inc. Agreed to Be Excluded for Five Years for Allegedly Submitting Claims for Misrepresented, Medically Unnecessary and Unbundling Services",https://oig.hhs.gov/fraud/enforcement/janette-gray-md-and-janette-gray-md-inc-agreed-to-be-excluded-for-five-years-for-allegedly-submitting-claims-for-misrepresented-medically-unnecessary-and-unbundling-services/
"Touchstone Strategies-Bulverde and The Heights of Bulverde Agreed to Pay $436,000 for Allegedly Violating the Civil Monetary Penalties Law by Employing an Excluded Individual",2024-10-08,"Touchstone Strategies-Bulverde and The Heights of Bulverde Agreed to Pay $436,000 for Allegedly Violating the Civil Monetary Penalties Law by Employing an Excluded Individual",https://oig.hhs.gov/fraud/enforcement/touchstone-strategies-bulverde-and-the-heights-of-bulverde-agreed-to-pay-436000-for-allegedly-violating-the-civil-monetary-penalties-law-by-employing-an-excluded-individual/
"BrightStar Care of Chattanooga Agreed to Pay $20,000 for Allegedly Violating the Civil Monetary Penalties Law by Employing an Excluded Individual",2024-10-08,"BrightStar Care of Chattanooga Agreed to Pay $20,000 for Allegedly Violating the Civil Monetary Penalties Law by Employing an Excluded Individual",https://oig.hhs.gov/fraud/enforcement/brightstar-care-of-chattanooga-agreed-to-pay-20000-for-allegedly-violating-the-civil-monetary-penalties-law-by-employing-an-excluded-individual/
Shahram Naghshbandi Agreed to Be Excluded for 10 Years for Allegedly Paying Improper Remuneration,2024-10-09,Shahram Naghshbandi Agreed to Be Excluded for 10 Years for Allegedly Paying Improper Remuneration,https://oig.hhs.gov/fraud/enforcement/shahram-naghshbandi-agreed-to-be-excluded-for-10-years-for-allegedly-paying-improper-remuneration/
"Ultra Radio Dispatch Service Agreed to Pay $61,000 for Allegedly Violating the Civil Monetary Penalties Law by Paying Improper Remuneration",2024-10-09,"Ultra Radio Dispatch Service Agreed to Pay $61,000 for Allegedly Violating the Civil Monetary Penalties Law by Paying Improper Remuneration",https://oig.hhs.gov/fraud/enforcement/ultra-radio-dispatch-service-agreed-to-pay-61000-for-allegedly-violating-the-civil-monetary-penalties-law-by-paying-improper-remuneration/
Eight Charged In $68M Social Adult Day Care And Home Health Care Scheme,2024-10-09,Eight Charged In $68M Social Adult Day Care And Home Health Care Scheme,https://oig.hhs.gov/fraud/enforcement/eight-charged-in-68m-social-adult-day-care-and-home-health-care-scheme/
Two Los Angeles-Area Residents Arrested On Indictment Alleging Scheme To Fraudulently Obtain And Launder Medicare Proceeds,2024-10-09,Two Los Angeles-Area Residents Arrested On Indictment Alleging Scheme To Fraudulently Obtain And Launder Medicare Proceeds,https://oig.hhs.gov/fraud/enforcement/two-los-angeles-area-residents-arrested-on-indictment-alleging-scheme-to-fraudulently-obtain-and-launder-medicare-proceeds/
Disabilities Day Program Employee Sentenced To 230 Days In Jail For Exploiting Vulnerable Adults And Shoplifting,2024-10-09,Disabilities Day Program Employee Sentenced To 230 Days In Jail For Exploiting Vulnerable Adults And Shoplifting,https://oig.hhs.gov/fraud/enforcement/disabilities-day-program-employee-sentenced-to-230-days-in-jail-for-exploiting-vulnerable-adults-and-shoplifting/
Attorney General Jackley Announces Wyoming Woman Sentenced On Grand Theft By Exploitation Charge,2024-10-09,Attorney General Jackley Announces Wyoming Woman Sentenced On Grand Theft By Exploitation Charge,https://oig.hhs.gov/fraud/enforcement/attorney-general-jackley-announces-wyoming-woman-sentenced-on-grand-theft-by-exploitation-charge/
"North Carolina Physician And Medical Practice Agree To Pay $625,000 To Settle Kickback Allegations",2024-10-09,"North Carolina Physician And Medical Practice Agree To Pay $625,000 To Settle Kickback Allegations",https://oig.hhs.gov/fraud/enforcement/north-carolina-physician-and-medical-practice-agree-to-pay-625000-to-settle-kickback-allegations/
Lee Memorial Health System Agreed to Pay $1.7 Million for Allegedly Violating the Civil Monetary Penalties Law by Submitting Claims for Medically Unnecessary Procedures,2024-10-09,Lee Memorial Health System Agreed to Pay $1.7 Million for Allegedly Violating the Civil Monetary Penalties Law by Submitting Claims for Medically Unnecessary Procedures,https://oig.hhs.gov/fraud/enforcement/lee-memorial-health-system-agreed-to-pay-17-million-for-allegedly-violating-the-civil-monetary-penalties-law-by-submitting-claims-for-medically-unnecessary-procedures/
"Attorney General Josh Stein Announces $625,000 Health Care Fraud Settlement",2024-10-09,"Attorney General Josh Stein Announces $625,000 Health Care Fraud Settlement",https://oig.hhs.gov/fraud/enforcement/attorney-general-josh-stein-announces-625000-health-care-fraud-settlement/
TennCare Fraud Investigation Leads To Arrests Of Two Memphis Woman,2024-10-10,TennCare Fraud Investigation Leads To Arrests Of Two Memphis Woman,https://oig.hhs.gov/fraud/enforcement/tenncare-fraud-investigation-leads-to-arrests-of-two-memphis-woman/
"In Latest Welfare Fraud Win, Attorney General Todd Rokita Secures Six-Figure Settlement & Criminal Conviction Against Highland Home Health Provider",2024-10-10,"In Latest Welfare Fraud Win, Attorney General Todd Rokita Secures Six-Figure Settlement & Criminal Conviction Against Highland Home Health Provider",https://oig.hhs.gov/fraud/enforcement/in-latest-welfare-fraud-win-attorney-general-todd-rokita-secures-six-figure-settlement-criminal-conviction-against-highland-home-health-provider/
Drug Maker Teva Pharmaceuticals Agrees To Pay $450M In False Claims Act Settlement To Resolve Kickback Allegations Relating To Copayments And Price Fixing,2024-10-10,Drug Maker Teva Pharmaceuticals Agrees To Pay $450M In False Claims Act Settlement To Resolve Kickback Allegations Relating To Copayments And Price Fixing,https://oig.hhs.gov/fraud/enforcement/drug-maker-teva-pharmaceuticals-agrees-to-pay-450m-in-false-claims-act-settlement-to-resolve-kickback-allegations-relating-to-copayments-and-price-fixing/
Generic Pharmaceutical Company Pays $25 Million To Resolve False Claims Act Liability For Price-Fixing Of Generic Drugs,2024-10-10,Generic Pharmaceutical Company Pays $25 Million To Resolve False Claims Act Liability For Price-Fixing Of Generic Drugs,https://oig.hhs.gov/fraud/enforcement/generic-pharmaceutical-company-pays-25-million-to-resolve-false-claims-act-liability-for-price-fixing-of-generic-drugs/
Teva Pharmaceuticals Agrees To Pay $425 Million To Resolve Kickback Allegations,2024-10-10,Teva Pharmaceuticals Agrees To Pay $425 Million To Resolve Kickback Allegations,https://oig.hhs.gov/fraud/enforcement/teva-pharmaceuticals-agrees-to-pay-425-million-to-resolve-kickback-allegations/
Magellan Diagnostics Sentenced For Concealing Malfunction In Lead Testing Devices,2024-10-10,Magellan Diagnostics Sentenced For Concealing Malfunction In Lead Testing Devices,https://oig.hhs.gov/fraud/enforcement/magellan-diagnostics-sentenced-for-concealing-malfunction-in-lead-testing-devices/
"Housing Works Agreed to Pay $135,000 for Allegedly Violating the Civil Monetary Penalties Law by Providing Documents To HHS-OIG Auditors That One Of Its Employees Had Fabricated",2024-10-10,"Housing Works Agreed to Pay $135,000 for Allegedly Violating the Civil Monetary Penalties Law by Providing Documents To HHS-OIG Auditors That One Of Its Employees Had Fabricated",https://oig.hhs.gov/fraud/enforcement/housing-works-agreed-to-pay-135000-for-allegedly-violating-the-civil-monetary-penalties-law-by-providing-documents-to-hhs-oig-auditors-that-one-of-its-employees-had-fabricated/
"H2-Pharma Agreed to Pay $75,000 for Allegedly Violating the Civil Monetary Penalties Law by Failing to Submit Timely Pricing Data",2024-10-10,"H2-Pharma Agreed to Pay $75,000 for Allegedly Violating the Civil Monetary Penalties Law by Failing to Submit Timely Pricing Data",https://oig.hhs.gov/fraud/enforcement/h2-pharma-agreed-to-pay-75000-for-allegedly-violating-the-civil-monetary-penalties-law-by-failing-to-submit-timely-pricing-data/
"Ebenezer Quainoo, MD and Baltimore Healthcare Agreed to Pay $255,000 for Allegedly Violating the Civil Monetary Penalties Law by Submitting Claims for Non-FDA Approved Drugs",2024-10-10,"Ebenezer Quainoo, MD and Baltimore Healthcare Agreed to Pay $255,000 for Allegedly Violating the Civil Monetary Penalties Law by Submitting Claims for Non-FDA Approved Drugs",https://oig.hhs.gov/fraud/enforcement/ebenezer-quainoo-md-and-baltimore-healthcare-agreed-to-pay-255000-for-allegedly-violating-the-civil-monetary-penalties-law-by-submitting-claims-for-non-fda-approved-drugs/
Former Chief Executive Officer Of Chicago Hospital Added To Federal Indictment Alleging Corruption And Embezzlement,2024-10-11,Former Chief Executive Officer Of Chicago Hospital Added To Federal Indictment Alleging Corruption And Embezzlement,https://oig.hhs.gov/fraud/enforcement/former-chief-executive-officer-of-chicago-hospital-added-to-federal-indictment-alleging-corruption-and-embezzlement/
San Diego Physician And Medical Practice Pay $3.8 Million To Resolve False Claims Act Allegations,2024-10-11,San Diego Physician And Medical Practice Pay $3.8 Million To Resolve False Claims Act Allegations,https://oig.hhs.gov/fraud/enforcement/san-diego-physician-and-medical-practice-pay-38-million-to-resolve-false-claims-act-allegations/
"Transitional Care Agreed to Pay $10,000 for Allegedly Violating the Civil Monetary Penalties Law by Submitting Claims for Services with False Dates and Locations",2024-10-11,"Transitional Care Agreed to Pay $10,000 for Allegedly Violating the Civil Monetary Penalties Law by Submitting Claims for Services with False Dates and Locations",https://oig.hhs.gov/fraud/enforcement/transitional-care-agreed-to-pay-10000-for-allegedly-violating-the-civil-monetary-penalties-law-by-submitting-claims-for-services-with-false-dates-and-locations/
"Refresh Mental Health Agreed to Pay $338,000 for Allegedly Violating the Civil Monetary Penalties Law by Submitting Claims for Services that Were Improperly Supervised",2024-10-11,"Refresh Mental Health Agreed to Pay $338,000 for Allegedly Violating the Civil Monetary Penalties Law by Submitting Claims for Services that Were Improperly Supervised",https://oig.hhs.gov/fraud/enforcement/refresh-mental-health-agreed-to-pay-338000-for-allegedly-violating-the-civil-monetary-penalties-law-by-submitting-claims-for-services-that-were-improperly-supervised/
Urine Drug Testing Laboratory And Owner Agree To Resolve False Claims Act Allegations,2024-10-11,Urine Drug Testing Laboratory And Owner Agree To Resolve False Claims Act Allegations,https://oig.hhs.gov/fraud/enforcement/urine-drug-testing-laboratory-and-owner-agree-to-resolve-false-claims-act-allegations/
Silver Spring Woman Sentenced for Defrauding Maryland Medicaid of over $1 Million,2024-10-11,Silver Spring Woman Sentenced for Defrauding Maryland Medicaid of over $1 Million,https://oig.hhs.gov/fraud/enforcement/silver-spring-woman-sentenced-for-defrauding-maryland-medicaid-of-over-1-million/
"Dr. Van Stephen Monroe, Jr. Agreed to Pay $65,000 for Allegedly Violating Patient Dumping Statute by Failing to Accept an Appropriate Transfer",2024-10-15,"Dr. Van Stephen Monroe, Jr. Agreed to Pay $65,000 for Allegedly Violating Patient Dumping Statute by Failing to Accept an Appropriate Transfer",https://oig.hhs.gov/fraud/enforcement/dr-van-stephen-monroe-jr-agreed-to-pay-65000-for-allegedly-violating-patient-dumping-statute-by-failing-to-accept-an-appropriate-transfer/
Precision Toxicology Agrees To Pay $27 Million To Resolve Allegations Of Unnecessary Drug Testing And Illegal Kickbacks To Physician,2024-10-15,Precision Toxicology Agrees To Pay $27 Million To Resolve Allegations Of Unnecessary Drug Testing And Illegal Kickbacks To Physician,https://oig.hhs.gov/fraud/enforcement/precision-toxicology-agrees-to-pay-27-million-to-resolve-allegations-of-unnecessary-drug-testing-and-illegal-kickbacks-to-physician/
"Pain Specialists of Southern Oregon Agreed to Pay $25,000 for Allegedly Violating the Civil Monetary Penalties Law by Employing an Excluded Individual",2024-10-15,"Pain Specialists of Southern Oregon Agreed to Pay $25,000 for Allegedly Violating the Civil Monetary Penalties Law by Employing an Excluded Individual",https://oig.hhs.gov/fraud/enforcement/pain-specialists-of-southern-oregon-agreed-to-pay-25000-for-allegedly-violating-the-civil-monetary-penalties-law-by-employing-an-excluded-individual/
"Columbus Springs Dublin Agreed to Pay $103,000 for Allegedly Violating the Civil Monetary Penalties Law by Submitting Claims for Services Provided by an Unlicensed Individual",2024-10-15,"Columbus Springs Dublin Agreed to Pay $103,000 for Allegedly Violating the Civil Monetary Penalties Law by Submitting Claims for Services Provided by an Unlicensed Individual",https://oig.hhs.gov/fraud/enforcement/columbus-springs-dublin-agreed-to-pay-103000-for-allegedly-violating-the-civil-monetary-penalties-law-by-submitting-claims-for-services-provided-by-an-unlicensed-individual/
Virginia Contractor Settles False Claims Act Liability For Failing To Secure Medicare Beneficiary Data,2024-10-15,Virginia Contractor Settles False Claims Act Liability For Failing To Secure Medicare Beneficiary Data,https://oig.hhs.gov/fraud/enforcement/virginia-contractor-settles-false-claims-act-liability-for-failing-to-secure-medicare-beneficiary-data/
Houston Man Guilty In $160M Medicare Fraud Scheme,2024-10-15,Houston Man Guilty In $160M Medicare Fraud Scheme,https://oig.hhs.gov/fraud/enforcement/houston-man-guilty-in-160m-medicare-fraud-scheme/
North Carolina Woman Sentenced For Making False Statements,2024-10-15,North Carolina Woman Sentenced For Making False Statements,https://oig.hhs.gov/fraud/enforcement/north-carolina-woman-sentenced-for-making-false-statements/
Harrisburg Woman Pleads Guilty To Health Care Fraud And Bank Fraud Charges,2024-10-16,Harrisburg Woman Pleads Guilty To Health Care Fraud And Bank Fraud Charges,https://oig.hhs.gov/fraud/enforcement/harrisburg-woman-pleads-guilty-to-health-care-fraud-and-bank-fraud-charges/
"Dr. Hammad Malik Agreed to Pay $123,000 for Allegedly Violating the Civil Monetary Penalties Law by Submitting Claims for Incident-to Services Without Proper Supervision",2024-10-16,"Dr. Hammad Malik Agreed to Pay $123,000 for Allegedly Violating the Civil Monetary Penalties Law by Submitting Claims for Incident-to Services Without Proper Supervision",https://oig.hhs.gov/fraud/enforcement/dr-hammad-malik-agreed-to-pay-123000-for-allegedly-violating-the-civil-monetary-penalties-law-by-submitting-claims-for-incident-to-services-without-proper-supervision/
Attorney General Bonta Announces Criminal Charges Against Southern California Dentist for Medi-Cal Fraud,2024-10-17,Attorney General Bonta Announces Criminal Charges Against Southern California Dentist for Medi-Cal Fraud,https://oig.hhs.gov/fraud/enforcement/attorney-general-bonta-announces-criminal-charges-against-southern-california-dentist-for-medi-cal-fraud/
"Southern Immediate Care Agreed to Pay $68,000 for Allegedly Violating the Civil Monetary Penalties Law by Employing an Excluded Individual",2024-10-17,"Southern Immediate Care Agreed to Pay $68,000 for Allegedly Violating the Civil Monetary Penalties Law by Employing an Excluded Individual",https://oig.hhs.gov/fraud/enforcement/southern-immediate-care-agreed-to-pay-68000-for-allegedly-violating-the-civil-monetary-penalties-law-by-employing-an-excluded-individual/
"Lourdes Hospital Agreed to Pay $85,000 for Allegedly Violating the Civil Monetary Penalties Law by Submitting Claims for Services Provided by an Unlicensed Individual",2024-10-17,"Lourdes Hospital Agreed to Pay $85,000 for Allegedly Violating the Civil Monetary Penalties Law by Submitting Claims for Services Provided by an Unlicensed Individual",https://oig.hhs.gov/fraud/enforcement/lourdes-hospital-agreed-to-pay-85000-for-allegedly-violating-the-civil-monetary-penalties-law-by-submitting-claims-for-services-provided-by-an-unlicensed-individual/
"Lourdes Counseling Center Agreed to Pay $124,000 for Allegedly Violating the Civil Monetary Penalties Law by Submitting Claims for Services Provided by an Unlicensed Individual",2024-10-17,"Lourdes Counseling Center Agreed to Pay $124,000 for Allegedly Violating the Civil Monetary Penalties Law by Submitting Claims for Services Provided by an Unlicensed Individual",https://oig.hhs.gov/fraud/enforcement/lourdes-counseling-center-agreed-to-pay-124000-for-allegedly-violating-the-civil-monetary-penalties-law-by-submitting-claims-for-services-provided-by-an-unlicensed-individual/
"Court Awards State $425,940.54 Against Komfort & Kare LLC Assisted Living Program For Housing Medicaid Recipients In Unlicensed Facilities",2024-10-18,"Court Awards State $425,940.54 Against Komfort & Kare LLC Assisted Living Program For Housing Medicaid Recipients In Unlicensed Facilities",https://oig.hhs.gov/fraud/enforcement/court-awards-state-42594054-against-komfort-kare-llc-assisted-living-program-for-housing-medicaid-recipients-in-unlicensed-facilities/
"The Hospitals of Providence Agreed to Pay $726,000 for Allegedly Violating the Civil Monetary Penalties Law by Paying Remuneration in the Form of Free Marketing Services",2024-10-18,"The Hospitals of Providence Agreed to Pay $726,000 for Allegedly Violating the Civil Monetary Penalties Law by Paying Remuneration in the Form of Free Marketing Services",https://oig.hhs.gov/fraud/enforcement/the-hospitals-of-providence-agreed-to-pay-726000-for-allegedly-violating-the-civil-monetary-penalties-law-by-paying-remuneration-in-the-form-of-free-marketing-services/
Miami Man Sentenced to Over 5 Years in Prison and Ordered to Pay Over $3.8 Million for Fraudulently Billing Medicaid for Psychosocial Rehabilitation Services,2024-10-18,Miami Man Sentenced to Over 5 Years in Prison and Ordered to Pay Over $3.8 Million for Fraudulently Billing Medicaid for Psychosocial Rehabilitation Services,https://oig.hhs.gov/fraud/enforcement/miami-man-sentenced-to-over-5-years-in-prison-and-ordered-to-pay-over-38-million-for-fraudulently-billing-medicaid-for-psychosocial-rehabilitation-services/
Chattanooga Provider Settles Allegations Of Improper Billing For Electro-Acupuncture Devices,2024-10-18,Chattanooga Provider Settles Allegations Of Improper Billing For Electro-Acupuncture Devices,https://oig.hhs.gov/fraud/enforcement/chattanooga-provider-settles-allegations-of-improper-billing-for-electro-acupuncture-devices/
New Rochelle Physician Pleads Guilty To Selling Thousands Of Oxycodone Pills For Cash,2024-10-21,New Rochelle Physician Pleads Guilty To Selling Thousands Of Oxycodone Pills For Cash,https://oig.hhs.gov/fraud/enforcement/new-rochelle-physician-pleads-guilty-to-selling-thousands-of-oxycodone-pills-for-cash/
Waterford Woman Admits Theft from Addiction and Mental Health Services Nonprofit,2024-10-21,Waterford Woman Admits Theft from Addiction and Mental Health Services Nonprofit,https://oig.hhs.gov/fraud/enforcement/waterford-woman-admits-theft-from-addiction-and-mental-health-services-nonprofit/
"Southeastern Renal Dialysis Agreed to Pay $238,000 for Allegedly Violating the Civil Monetary Penalties Law by Employing an Excluded Individual",2024-10-22,"Southeastern Renal Dialysis Agreed to Pay $238,000 for Allegedly Violating the Civil Monetary Penalties Law by Employing an Excluded Individual",https://oig.hhs.gov/fraud/enforcement/southeastern-renal-dialysis-agreed-to-pay-238000-for-allegedly-violating-the-civil-monetary-penalties-law-by-employing-an-excluded-individual/
"California Mobile Phlebotomy Lab And Its Owners To Pay $135,000 To Resolve Allegedly False Claims For Blood Testing Services And Travel Mileage",2024-10-22,"California Mobile Phlebotomy Lab And Its Owners To Pay $135,000 To Resolve Allegedly False Claims For Blood Testing Services And Travel Mileage",https://oig.hhs.gov/fraud/enforcement/california-mobile-phlebotomy-lab-and-its-owners-to-pay-135000-to-resolve-allegedly-false-claims-for-blood-testing-services-and-travel-mileage/
Attorney General James Announces Convictions of Orange County Transportation Company Owners for Stealing More Than $2.1 Million from Medicaid,2024-10-22,Attorney General James Announces Convictions of Orange County Transportation Company Owners for Stealing More Than $2.1 Million from Medicaid,https://oig.hhs.gov/fraud/enforcement/attorney-general-james-announces-convictions-of-orange-county-transportation-company-owners-for-stealing-more-than-21-million-from-medicaid/
Stamford Woman Charged In Scheme To Defraud Medicaid,2024-10-22,Stamford Woman Charged In Scheme To Defraud Medicaid,https://oig.hhs.gov/fraud/enforcement/stamford-woman-charged-in-scheme-to-defraud-medicaid/
"University of Texas Health Science Center at Houston Agreed to Pay $48,000 for Allegedly Violating the Civil Monetary Penalties Law by Submitting Claims that Identified the Incorrect Rendering Provider or Did Not Meet Coverage Criteria",2024-10-23,"University of Texas Health Science Center at Houston Agreed to Pay $48,000 for Allegedly Violating the Civil Monetary Penalties Law by Submitting Claims that Identified the Incorrect Rendering Provider or Did Not Meet Coverage Criteria",https://oig.hhs.gov/fraud/enforcement/university-of-texas-health-science-center-at-houston-agreed-to-pay-48000-for-allegedly-violating-the-civil-monetary-penalties-law-by-submitting-claims-that-identified-the-incorrect-rendering-provider-or-did-not-meet-coverage-criteria/
Former Eastern Kentucky Pharmacist Sentenced For Health Care Fraud,2024-10-23,Former Eastern Kentucky Pharmacist Sentenced For Health Care Fraud,https://oig.hhs.gov/fraud/enforcement/former-eastern-kentucky-pharamacist-sentenced-for-healthcare-fraud/
New York Doctor Charged with Health Care Fraud,2024-10-23,New York Doctor Charged with Health Care Fraud,https://oig.hhs.gov/fraud/enforcement/new-york-doctor-charged-with-health-care-fraud/
"Coliseum Medical Center Agreed to Pay $100,000 for Allegedly Violating Patient Dumping Statute by Failing to Provide Appropriate Medical Screening Examination",2024-10-23,"Coliseum Medical Center Agreed to Pay $100,000 for Allegedly Violating Patient Dumping Statute by Failing to Provide Appropriate Medical Screening Examination",https://oig.hhs.gov/fraud/enforcement/coliseum-medical-center-agreed-to-pay-100000-for-allegedly-violating-patient-dumping-statute-by-failing-to-provide-appropriate-medical-screening-examination/
"Accura Healthcare Management Services and Accura Healthcare of Knoxville Agreed to Pay $60,000 for Allegedly Violating the Civil Monetary Penalties Law by Employing an Excluded Individual",2024-10-23,"Accura Healthcare Management Services and Accura Healthcare of Knoxville Agreed to Pay $60,000 for Allegedly Violating the Civil Monetary Penalties Law by Employing an Excluded Individual",https://oig.hhs.gov/fraud/enforcement/accura-healthcare-management-services-and-accura-healthcare-of-knoxville-agreed-to-pay-60000-for-allegedly-violating-the-civil-monetary-penalties-law-by-employing-an-excluded-individual/
Attorney General Alan Wilson Announces Spartanburg Nurse Aide Charged With Stealing From Vulnerable Adult,2024-10-24,Attorney General Alan Wilson Announces Spartanburg Nurse Aide Charged With Stealing From Vulnerable Adult,https://oig.hhs.gov/fraud/enforcement/attorney-general-alan-wilson-announces-spartanburg-nurse-aide-charged-with-stealing-from-vulnerable-adult/
"Pine Belt Mental Healthcare Resources Agreed to Pay $43,000 for Allegedly Violating the Civil Monetary Penalties Law by Employing Excluded Individuals",2024-10-24,"Pine Belt Mental Healthcare Resources Agreed to Pay $43,000 for Allegedly Violating the Civil Monetary Penalties Law by Employing Excluded Individuals",https://oig.hhs.gov/fraud/enforcement/pine-belt-mental-healthcare-resources-agreed-to-pay-43000-for-allegedly-violating-the-civil-monetary-penalties-law-by-employing-excluded-individuals/
Pharmacy Owner Sentenced For Role In $6.9 Million Scheme To Bill Insurance For Medications Not Dispensed,2024-10-24,Pharmacy Owner Sentenced For Role In $6.9 Million Scheme To Bill Insurance For Medications Not Dispensed,https://oig.hhs.gov/fraud/enforcement/pharmacy-owner-sentenced-for-role-in-69-million-scheme-to-bill-insurance-for-medications-not-dispensed/
Arizona Doctor Sentenced To Prison For Health Care Fraud,2024-10-24,Arizona Doctor Sentenced To Prison For Health Care Fraud,https://oig.hhs.gov/fraud/enforcement/arizona-doctor-sentenced-to-prison-for-health-care-fraud/
Attorney General Griffin Announces Medicaid Fraud Arrest,2024-10-25,Attorney General Griffin Announces Medicaid Fraud Arrest,https://oig.hhs.gov/fraud/enforcement/attorney-general-griffin-announces-medicaid-fraud-arrest/
Tennessee Business Owner Convicted of $35M Fraud Scheme,2024-10-25,Tennessee Business Owner Convicted of $35M Fraud Scheme,https://oig.hhs.gov/fraud/enforcement/tennessee-business-owner-convicted-of-35m-fraud-scheme/
Washington Doctor Settles Allegations He Submitted False Claims To Federal Health Care Programs,2024-10-25,Washington Doctor Settles Allegations He Submitted False Claims To Federal Health Care Programs,https://oig.hhs.gov/fraud/enforcement/washington-doctor-settles-allegations-he-submitted-false-claims-to-federal-health-care-programs/
Physician Charged In Scheme To Illegally Sell Cancer Drugs,2024-10-25,Physician Charged In Scheme To Illegally Sell Cancer Drugs,https://oig.hhs.gov/fraud/enforcement/physician-charged-in-scheme-to-illegally-sell-cancer-drugs/
Boise Health Care Company And Former Therapist Resolve Fraudulent Psychotherapy Billing Allegations Involving Vulnerable Refugee Population,2024-10-29,Boise Health Care Company And Former Therapist Resolve Fraudulent Psychotherapy Billing Allegations Involving Vulnerable Refugee Population,https://oig.hhs.gov/fraud/enforcement/boise-health-care-company-and-former-therapist-resolve-fraudulent-psychotherapy-billing-allegations-involving-vulnerable-refugee-population/
Drug Dealer Sentenced To Nine Years In Prison For Opioid Pill Mill Scheme That Illegally Distributed More Than 1.2 Million Oxycodone Pills,2024-10-29,Drug Dealer Sentenced To Nine Years In Prison For Opioid Pill Mill Scheme That Illegally Distributed More Than 1.2 Million Oxycodone Pills,https://oig.hhs.gov/fraud/enforcement/drug-dealer-sentenced-to-nine-years-in-prison-for-opioid-pill-mill-scheme-that-illegally-distributed-more-than-12-million-oxycodone-pills/
AG's Office Reaches Settlement With Swampscott-Based Medical Transportation Company To Resolve False Billing Allegations,2024-10-29,AG's Office Reaches Settlement With Swampscott-Based Medical Transportation Company To Resolve False Billing Allegations,https://oig.hhs.gov/fraud/enforcement/ags-office-reaches-settlement-with-swampscott-based-medical-transportation-company-to-resolve-false-billing-allegations/
Medical Billing Company Owner Pleads Guilty To Health Care Fraud,2024-10-29,Medical Billing Company Owner Pleads Guilty To Health Care Fraud,https://oig.hhs.gov/fraud/enforcement/medical-billing-company-owner-pleads-guilty-to-health-care-fraud/
"Former Sioux City Plastic Surgeon Agrees To Pay Nearly $200,000 To Settle Allegations He Submitted False Claims",2024-10-29,"Former Sioux City Plastic Surgeon Agrees To Pay Nearly $200,000 To Settle Allegations He Submitted False Claims",https://oig.hhs.gov/fraud/enforcement/former-sioux-city-plastic-surgeon-agrees-to-pay-nearly-200000-to-settle-allegations-he-submitted-false-claims/
Doctor Sentenced For $54M Medicare Fraud Scheme,2024-10-29,Doctor Sentenced For $54M Medicare Fraud Scheme,https://oig.hhs.gov/fraud/enforcement/doctor-sentenced-for-54m-medicare-fraud-scheme/
"Quincy-Based Physician Group To Pay $650,000 To Resolve Allegations Of False Billing To MassHealth",2024-10-30,"Quincy-Based Physician Group To Pay $650,000 To Resolve Allegations Of False Billing To MassHealth",https://oig.hhs.gov/fraud/enforcement/quincy-based-physician-group-to-pay-650000-to-resolve-allegations-of-false-billing-to-masshealth/
"Mercy Health Youngstown Agreed to Pay $69,000 for Allegedly Violating the Civil Monetary Penalties Law by Contracting with an Excluded Individual",2024-10-30,"Mercy Health Youngstown Agreed to Pay $69,000 for Allegedly Violating the Civil Monetary Penalties Law by Contracting with an Excluded Individual",https://oig.hhs.gov/fraud/enforcement/mercy-health-youngstown-agreed-to-pay-69000-for-allegedly-violating-the-civil-monetary-penalties-law-by-contracting-with-an-excluded-individual/
"Columbus Doctor, His Clinic Convicted of $1.5 Million Medicaid Scheme",2024-10-31,"Columbus Doctor, His Clinic Convicted of $1.5 Million Medicaid Scheme",https://oig.hhs.gov/fraud/enforcement/columbus-doctor-his-clinic-convicted-of-15-million-medicaid-scheme/
"Michael DePalma, MD and Virginia I-Spine Physicians Agreed to Pay $153,000 for Allegedly Violating the Civil Monetary Penalties Law by Submitting Claims for Services that Exceeded the Allowable Number of Services",2024-10-31,"Michael DePalma, MD and Virginia I-Spine Physicians Agreed to Pay $153,000 for Allegedly Violating the Civil Monetary Penalties Law by Submitting Claims for Services that Exceeded the Allowable Number of Services",https://oig.hhs.gov/fraud/enforcement/michael-depalma-md-and-virginia-i-spine-physicians-agreed-to-pay-153000-for-allegedly-violating-the-civil-monetary-penalties-law-by-submitting-claims-for-services-that-exceeded-the-allowable-number-of-services/
"Nashville Woman Indicted, Charged In TBI Medicaid Patient Abuse Case",2024-11-01,"Nashville Woman Indicted, Charged In TBI Medicaid Patient Abuse Case",https://oig.hhs.gov/fraud/enforcement/nashville-woman-indicted-charged-in-tbi-medicaid-patient-abuse-case/
"The New Mexico Department Of Justice Charges Former New Mexico State Police Officer With Medicaid Fraud, Identity Theft, And Practicing Medicine Without A License",2024-11-01,"The New Mexico Department Of Justice Charges Former New Mexico State Police Officer With Medicaid Fraud, Identity Theft, And Practicing Medicine Without A License",https://oig.hhs.gov/fraud/enforcement/the-new-mexico-department-of-justice-charges-former-new-mexico-state-police-officer-with-medicaid-fraud-identity-theft-and-practicing-medicine-without-a-license/
"Compound Ingredient Supplier Medisca Inc., To Pay $21.75M To Resolve Allegations Of False And Inflated Average Wholesale Prices For Ingredients Used In Compounded Prescriptions",2024-11-01,"Compound Ingredient Supplier Medisca Inc., To Pay $21.75M To Resolve Allegations Of False And Inflated Average Wholesale Prices For Ingredients Used In Compounded Prescriptions",https://oig.hhs.gov/fraud/enforcement/compound-ingredient-supplier-medisca-inc-to-pay-2175m-to-resolve-allegations-of-false-and-inflated-average-wholesale-prices-for-ingredients-used-in-compounded-prescriptions/
Lab Owner And Marketing Company Owner Both Found Guilty In Multi-Million Dollar Medicare And Medicaid Fraud Scheme,2024-11-01,Lab Owner And Marketing Company Owner Both Found Guilty In Multi-Million Dollar Medicare And Medicaid Fraud Scheme,https://oig.hhs.gov/fraud/enforcement/lab-owner-and-marketing-company-owner-both-found-guilty-in-multi-million-dollar-medicare-and-medicaid-fraud-scheme/
St. Louis County Woman Accused Of $3 Million Home Health Care Fraud,2024-11-01,St. Louis County Woman Accused Of $3 Million Home Health Care Fraud,https://oig.hhs.gov/fraud/enforcement/st-louis-county-woman-accused-of-3-million-home-health-care-fraud/
"Macomb County Doctor And Pharmacist Agree To Pay $700,948 To Settle False Claims Act Allegations",2024-11-04,"Macomb County Doctor And Pharmacist Agree To Pay $700,948 To Settle False Claims Act Allegations",https://oig.hhs.gov/fraud/enforcement/macomb-county-doctor-and-pharmacist-agree-to-pay-700948-to-settle-false-claims-act-allegations/
"Rocky Hill Pharmacy And Its Owners Indicted For Conspiring To Submit False Pharmacy Claims, Making False Statements, And Aggravated Identity Theft",2024-11-04,"Rocky Hill Pharmacy And Its Owners Indicted For Conspiring To Submit False Pharmacy Claims, Making False Statements, And Aggravated Identity Theft",https://oig.hhs.gov/fraud/enforcement/rocky-hill-pharmacy-and-its-owners-indicted-for-conspiring-to-submit-false-pharmacy-claims-making-false-statements-and-aggravated-identity-theft/
"Dermatology Consultants Agreed to Pay $20,000 for Allegedly Violating the Civil Monetary Penalties Law by Submitting Claims for Incident-to Services Without Proper Supervision",2024-11-04,"Dermatology Consultants Agreed to Pay $20,000 for Allegedly Violating the Civil Monetary Penalties Law by Submitting Claims for Incident-to Services Without Proper Supervision",https://oig.hhs.gov/fraud/enforcement/dermatology-consultants-agreed-to-pay-20000-for-allegedly-violating-the-civil-monetary-penalties-law-by-submitting-claims-for-incident-to-services-without-proper-supervision/
Attorney General Alan Wilson Announces Upstate Woman Charged With Stealing Thousands Of Dollars From Vulnerable Adult,2024-11-04,Attorney General Alan Wilson Announces Upstate Woman Charged With Stealing Thousands Of Dollars From Vulnerable Adult,https://oig.hhs.gov/fraud/enforcement/attorney-general-alan-wilson-announces-upstate-woman-charged-with-stealing-thousands-of-dollars-from-vulnerable-adult/
New England Doctor Pleads Guilty To Drug Distribution Conspiracy,2024-11-04,New England Doctor Pleads Guilty To Drug Distribution Conspiracy,https://oig.hhs.gov/fraud/enforcement/new-england-doctor-pleads-guilty-to-drug-distribution-conspiracy/
"North Texas Medical Center Pays $14.2 Million To Resolve Potential False Claims Act Liability For Self-Reported Violations Of Medicare Regs, Stark Law",2024-11-04,"North Texas Medical Center Pays $14.2 Million To Resolve Potential False Claims Act Liability For Self-Reported Violations Of Medicare Regs, Stark Law",https://oig.hhs.gov/fraud/enforcement/north-texas-medical-center-pays-142-million-to-resolve-potential-false-claims-act-liability-for-self-reported-violations-of-medicare-regs-stark-law/
University of Texas Southwestern Medical Center Agreed to Pay $1.3 Million for Allegedly Violating the Civil Monetary Penalties Law by Submitting False Claims as Part of Clinical Trial Research,2024-11-05,University of Texas Southwestern Medical Center Agreed to Pay $1.3 Million for Allegedly Violating the Civil Monetary Penalties Law by Submitting False Claims as Part of Clinical Trial Research,https://oig.hhs.gov/fraud/enforcement/university-of-texas-southwestern-medical-center-agreed-to-pay-13-million-for-allegedly-violating-the-civil-monetary-penalties-law-by-submitting-false-claims-as-part-of-clinical-trial-research/
"Jackson Purchase Medical Center Agreed to Pay $455,000 for Allegedly Violating the Civil Monetary Penalties Law by Submitting Claims for Services Provided by an Unlicensed Individual",2024-11-05,"Jackson Purchase Medical Center Agreed to Pay $455,000 for Allegedly Violating the Civil Monetary Penalties Law by Submitting Claims for Services Provided by an Unlicensed Individual",https://oig.hhs.gov/fraud/enforcement/jackson-purchase-medical-center-agreed-to-pay-455000-for-allegedly-violating-the-civil-monetary-penalties-law-by-submitting-claims-for-services-provided-by-an-unlicensed-individual/
HCD Intermediate Holdings Agreed to Pay $2 Million for Allegedly Violating the Civil Monetary Penalties Law by Paying Remuneration in the Form of Waived Copayments and Free Items,2024-11-05,HCD Intermediate Holdings Agreed to Pay $2 Million for Allegedly Violating the Civil Monetary Penalties Law by Paying Remuneration in the Form of Waived Copayments and Free Items,https://oig.hhs.gov/fraud/enforcement/hcd-intermediate-holdings-agreed-to-pay-2-million-for-allegedly-violating-the-civil-monetary-penalties-law-by-paying-remuneration-in-the-form-of-waived-copayments-and-free-items/
Former Licensed Counselor Sentenced For Defrauding Medicaid,2024-11-06,Former Licensed Counselor Sentenced For Defrauding Medicaid,https://oig.hhs.gov/fraud/enforcement/former-licensed-counselor-sentenced-for-defrauding-medicaid/
Paul Lafferty and Lafferty Enterprises Were Excluded for Defaulting on Payment Obligations,2024-11-06,Paul Lafferty and Lafferty Enterprises Were Excluded for Defaulting on Payment Obligations,https://oig.hhs.gov/fraud/enforcement/paul-lafferty-and-lafferty-enterprises-were-excluded-for-defaulting-on-payment-obligations/
Boise Nurse Practitioner Sentenced To 48 Months For Conspiracy To Distribute Controlled Substances,2024-11-07,Boise Nurse Practitioner Sentenced To 48 Months For Conspiracy To Distribute Controlled Substances,https://oig.hhs.gov/fraud/enforcement/boise-nurse-practitioner-sentenced-to-48-months-for-conspiracy-to-distribute-controlled-substances/
Paroled Felon Sentenced To Six Years For Fraudulent Use Of Social Security Number And Theft Of Benefits,2024-11-07,Paroled Felon Sentenced To Six Years For Fraudulent Use Of Social Security Number And Theft Of Benefits,https://oig.hhs.gov/fraud/enforcement/paroled-felon-sentenced-to-six-years-for-fraudulent-use-of-social-security-number-and-theft-of-benefits/
Former Arlington Resident Sentenced To Prison For Disclosing Healthcare Records And Trying To Cover Up His Crimes,2024-11-07,Former Arlington Resident Sentenced To Prison For Disclosing Healthcare Records And Trying To Cover Up His Crimes,https://oig.hhs.gov/fraud/enforcement/former-arlington-resident-sentenced-to-prison-for-disclosing-healthcare-records-and-trying-to-cover-up-his-crimes/
Former Traveling Nurse Pleads Guilty To Tampering With Morphine,2024-11-07,Former Traveling Nurse Pleads Guilty To Tampering With Morphine,https://oig.hhs.gov/fraud/enforcement/former-traveling-nurse-pleads-guilty-to-tampering-with-morphine/
Hartford Substance Abuse Counselor Pleads Guilty To Health Care Fraud,2024-11-08,Hartford Substance Abuse Counselor Pleads Guilty To Health Care Fraud,https://oig.hhs.gov/fraud/enforcement/hartford-substance-abuse-counselor-pleads-guilty-to-health-care-fraud/
"Pharmacist And Brother Convicted Of $15M Medicare, Medicaid, And Private Insurer Fraud Scheme",2024-11-08,"Pharmacist And Brother Convicted Of $15M Medicare, Medicaid, And Private Insurer Fraud Scheme",https://oig.hhs.gov/fraud/enforcement/pharmacist-and-brother-convicted-of-15m-medicare-medicaid-and-private-insurer-fraud-scheme/
Father And Son Owners Of Florida Marketing And Medical Device Companies Charged With $28 Million Health Care Fraud And Kickback Scheme,2024-11-12,Father And Son Owners Of Florida Marketing And Medical Device Companies Charged With $28 Million Health Care Fraud And Kickback Scheme,https://oig.hhs.gov/fraud/enforcement/father-and-son-owners-of-florida-marketing-and-medical-device-companies-charged-with-28-million-health-care-fraud-and-kickback-scheme/
"Montgomery County Man, N.J. Woman Sentenced for Conspiracy to Commit Visa Fraud, Conspiracy to Obstruct Justice, Respectively",2024-11-12,"Montgomery County Man, N.J. Woman Sentenced for Conspiracy to Commit Visa Fraud, Conspiracy to Obstruct Justice, Respectively",https://oig.hhs.gov/fraud/enforcement/montgomery-county-man-nj-woman-sentenced-for-conspiracy-to-commit-visa-fraud-conspiracy-to-obstruct-justice-respectively/
Attorney General Ford Announces Sentencing Of Las Vegas Caregiver For Neglect Of Vulnerable Resident,2024-11-12,Attorney General Ford Announces Sentencing Of Las Vegas Caregiver For Neglect Of Vulnerable Resident,https://oig.hhs.gov/fraud/enforcement/attorney-general-ford-announces-sentencing-of-las-vegas-caregiver-for-neglect-of-vulnerable-resident/
UCHealth Agrees To Pay $23M To Resolve Allegations Of Fraudulent Billing For Emergency Department Visits,2024-11-12,UCHealth Agrees To Pay $23M To Resolve Allegations Of Fraudulent Billing For Emergency Department Visits,https://oig.hhs.gov/fraud/enforcement/uchealth-agrees-to-pay-23m-to-resolve-allegations-of-fraudulent-billing-for-emergency-department-visits/
Florida Ophthalmology Practice Agrees To Pay $1.3M To Resolve Allegations Of Fraudulent Claims For Cranial Ultrasounds,2024-11-12,Florida Ophthalmology Practice Agrees To Pay $1.3M To Resolve Allegations Of Fraudulent Claims For Cranial Ultrasounds,https://oig.hhs.gov/fraud/enforcement/florida-ophthalmology-practice-agrees-to-pay-13m-to-resolve-allegations-of-fraudulent-claims-for-cranial-ultrasounds/
Houston Dental Clinic Employee Imprisoned For Role In $6M Bribery Scheme,2024-11-13,Houston Dental Clinic Employee Imprisoned For Role In $6M Bribery Scheme,https://oig.hhs.gov/fraud/enforcement/houston-dental-clinic-employee-imprisoned-for-role-in-6m-bribery-scheme/
Former Federal Government Employee Pleads Guilty to False Statements,2024-11-13,Former Federal Government Employee Pleads Guilty to False Statements,https://oig.hhs.gov/fraud/enforcement/former-federal-government-employee-pleads-guilty-to-false-statements/
Attorney General James Secures $45 Million and Delivers Major Reforms to Four Nursing Homes Following Significant Financial Fraud and Resident Neglect,2024-11-14,Attorney General James Secures $45 Million and Delivers Major Reforms to Four Nursing Homes Following Significant Financial Fraud and Resident Neglect,https://oig.hhs.gov/fraud/enforcement/attorney-general-james-secures-45-million-and-delivers-major-reforms-to-four-nursing-homes-following-significant-financial-fraud-and-resident-neglect/
QOL Medical and Its CEO Agree To Pay $47 Million for Allegedly Paying Kickbacks To Induce Claims for QOL's Drug Sucraid,2024-11-15,QOL Medical and Its CEO Agree To Pay $47 Million for Allegedly Paying Kickbacks To Induce Claims for QOL's Drug Sucraid,https://oig.hhs.gov/fraud/enforcement/qol-medical-and-its-ceo-agree-to-pay-47-million-for-allegedly-paying-kickbacks-to-induce-claims-for-qols-drug-sucraid/
New York Doctor Pleads Guilty To Health Care Fraud,2024-11-15,New York Doctor Pleads Guilty To Health Care Fraud,https://oig.hhs.gov/fraud/enforcement/new-york-doctor-pleads-guilty-to-health-care-fraud/
International Fugitive Home Health Care Owner Sentenced for Fraudulently Billing Medicare,2024-11-15,International Fugitive Home Health Care Owner Sentenced for Fraudulently Billing Medicare,https://oig.hhs.gov/fraud/enforcement/international-fugitive-home-health-care-owner-sentenced-for-fraudulently-billing-medicare/
Pharmaceutical Company QOL Medical and CEO Agree to Pay $47M for Allegedly Paying Kickbacks to Induce Claims for QOL’s Drug Sucraid,2024-11-15,Pharmaceutical Company QOL Medical and CEO Agree to Pay $47M for Allegedly Paying Kickbacks to Induce Claims for QOL’s Drug Sucraid,https://oig.hhs.gov/fraud/enforcement/pharmaceutical-company-qol-medical-and-ceo-agree-to-pay-47m-for-allegedly-paying-kickbacks-to-induce-claims-for-qols-drug-sucraid/
Virginia Hospital System Agrees To $2.37M False Claims Settlement,2024-11-15,Virginia Hospital System Agrees To $2.37M False Claims Settlement,https://oig.hhs.gov/fraud/enforcement/virginia-hospital-system-agrees-to-237m-false-claims-settlement/
Former Western PA Certified Registered Nurse Practitioner Jailed for Writing Fraudulent Oxycodone Prescriptions,2024-11-18,Former Western PA Certified Registered Nurse Practitioner Jailed for Writing Fraudulent Oxycodone Prescriptions,https://oig.hhs.gov/fraud/enforcement/former-western-pa-certified-registered-nurse-practitioner-jailed-for-writing-fraudulent-oxycodone-prescriptions/
Seven Defendants Charged In Health Care Fraud And Kickback Scheme Involving “Foot Baths”,2024-11-18,Seven Defendants Charged In Health Care Fraud And Kickback Scheme Involving “Foot Baths”,https://oig.hhs.gov/fraud/enforcement/seven-defendants-charged-in-health-care-fraud-and-kickback-scheme-involving-foot-baths/
U.S. Attorney Totten Announces Second Wave Of Enforcement In Nationwide Telemedicine Fraud Schemes,2024-11-18,U.S. Attorney Totten Announces Second Wave Of Enforcement In Nationwide Telemedicine Fraud Schemes,https://oig.hhs.gov/fraud/enforcement/us-attorney-totten-announces-second-wave-of-enforcement-in-nationwide-telemedicine-fraud-schemes/
Former Tennessee State Senator Resentenced And An Additional Fine Imposed,2024-11-19,Former Tennessee State Senator Resentenced And An Additional Fine Imposed,https://oig.hhs.gov/fraud/enforcement/former-tennessee-state-senator-resentenced-and-an-additional-fine-imposed/
Sisseton Woman Sentenced To Federal Prison For Embezzlement And Theft Violation,2024-11-19,Sisseton Woman Sentenced To Federal Prison For Embezzlement And Theft Violation,https://oig.hhs.gov/fraud/enforcement/sisseton-woman-sentenced-to-federal-prison-for-embezzlement-and-theft-violation/
"Memorial Health Care System Agreed to Pay $97,000 for Allegedly Violating Patient Dumping Statute by Failing to Provide Appropriate Medical Screening Examination",2024-11-19,"Memorial Health Care System Agreed to Pay $97,000 for Allegedly Violating Patient Dumping Statute by Failing to Provide Appropriate Medical Screening Examination",https://oig.hhs.gov/fraud/enforcement/memorial-health-care-system-agreed-to-pay-97000-for-allegedly-violating-patient-dumping-statute-by-failing-to-provide-appropriate-medical-screening-examination/
Attorney General James Announces Sentencing of Former Owner of Over 20 New York City Pharmacies for Running $11 Million Medicaid Fraud Targeting Vulnerable HIV Patients,2024-11-20,Attorney General James Announces Sentencing of Former Owner of Over 20 New York City Pharmacies for Running $11 Million Medicaid Fraud Targeting Vulnerable HIV Patients,https://oig.hhs.gov/fraud/enforcement/attorney-general-james-announces-sentencing-of-former-owner-of-over-20-new-york-city-pharmacies-for-running-11-million-medicaid-fraud-targeting-vulnerable-hiv-patients/
Laboratory Owner Charged for $79M Fraud Scheme,2024-11-20,Laboratory Owner Charged for $79M Fraud Scheme,https://oig.hhs.gov/fraud/enforcement/laboratory-owner-charged-for-79m-fraud-scheme/
Three Sentenced for Half-Million Dollar Health Care Fraud Conspiracy,2024-11-20,Three Sentenced for Half-Million Dollar Health Care Fraud Conspiracy,https://oig.hhs.gov/fraud/enforcement/three-sentenced-for-half-million-dollar-health-care-fraud-conspiracy/
Fresno Doctors Agree To Pay $2.4 Million To Resolve Kickback Allegations,2024-11-21,Fresno Doctors Agree To Pay $2.4 Million To Resolve Kickback Allegations,https://oig.hhs.gov/fraud/enforcement/fresno-doctors-agree-to-pay-24-million-to-resolve-kickback-allegations/
Physician Pleads Guilty To Medicare Fraud Scheme,2024-11-21,Physician Pleads Guilty To Medicare Fraud Scheme,https://oig.hhs.gov/fraud/enforcement/physician-pleads-guilty-to-medicare-fraud-scheme/
"Local Home Healthcare Company Owner Accused of $800,000 Fraud",2024-11-21,"Local Home Healthcare Company Owner Accused of $800,000 Fraud",https://oig.hhs.gov/fraud/enforcement/local-home-healthcare-company-owner-accused-of-800000-fraud/
Michigan Woman Convicted of $1.4M Health Care Kickback Scheme,2024-11-22,Michigan Woman Convicted of $1.4M Health Care Kickback Scheme,https://oig.hhs.gov/fraud/enforcement/michigan-woman-convicted-of-14m-health-care-kickback-scheme/
Three Plymouth Women Arraigned On Charges Related To Fatal Elder Neglect Case,2024-11-22,Three Plymouth Women Arraigned On Charges Related To Fatal Elder Neglect Case,https://oig.hhs.gov/fraud/enforcement/three-plymouth-women-arraigned-on-charges-related-to-fatal-elder-neglect-case/
"SummitStone Health Partners Agreed to Pay $181,000 for Allegedly Violating the Civil Monetary Penalties Law by Employing an Excluded Individual",2024-11-22,"SummitStone Health Partners Agreed to Pay $181,000 for Allegedly Violating the Civil Monetary Penalties Law by Employing an Excluded Individual",https://oig.hhs.gov/fraud/enforcement/summitstone-health-partners-agreed-to-pay-181000-for-allegedly-violating-the-civil-monetary-penalties-law-by-employing-an-excluded-individual/
Attorney General Ken Paxton’s Investigation Results in 10-Year Prison Sentence and Over $34 Million Restitution for North Texas Doctor,2024-11-25,Attorney General Ken Paxton’s Investigation Results in 10-Year Prison Sentence and Over $34 Million Restitution for North Texas Doctor,https://oig.hhs.gov/fraud/enforcement/attorney-general-ken-paxtons-investigation-results-in-10-year-prison-sentence-and-over-34-million-restitution-for-north-texas-doctor/
"North Alabama-Shoals Hospital Agreed to Pay $194,000 for Allegedly Violating the Civil Monetary Penalties Law by Submitting Claims for Services Provided by an Unlicensed Individual",2024-11-25,"North Alabama-Shoals Hospital Agreed to Pay $194,000 for Allegedly Violating the Civil Monetary Penalties Law by Submitting Claims for Services Provided by an Unlicensed Individual",https://oig.hhs.gov/fraud/enforcement/north-alabama-shoals-hospital-agreed-to-pay-194000-for-allegedly-violating-the-civil-monetary-penalties-law-by-submitting-claims-for-services-provided-by-an-unlicensed-individual/
Fort Lauderdale Man Pleads Guilty To Conspiring To Defraud Medicare In The Provision Of COVID-19 Test Kits,2024-11-25,Fort Lauderdale Man Pleads Guilty To Conspiring To Defraud Medicare In The Provision Of COVID-19 Test Kits,https://oig.hhs.gov/fraud/enforcement/fort-lauderdale-man-pleads-guilty-to-conspiring-to-defraud-medicare-in-the-provision-of-covid-19-test-kits/
Attorney General Ken Paxton’s Medicaid Fraud Control Unit Plays Key Role in Largest Ever Criminal Enforcement Action Targeting Opioid Distributors,2024-11-25,Attorney General Ken Paxton’s Medicaid Fraud Control Unit Plays Key Role in Largest Ever Criminal Enforcement Action Targeting Opioid Distributors,https://oig.hhs.gov/fraud/enforcement/attorney-general-ken-paxtons-medicaid-fraud-control-unit-plays-key-role-in-largest-ever-criminal-enforcement-action-targeting-opioid-distributors/
"Classic Lifeguard Agreed to Pay $370,000 for Allegedly Violating the Civil Monetary Penalties Law by Paying Remuneration in the Form of Purported Compensation",2024-11-26,"Classic Lifeguard Agreed to Pay $370,000 for Allegedly Violating the Civil Monetary Penalties Law by Paying Remuneration in the Form of Purported Compensation",https://oig.hhs.gov/fraud/enforcement/classic-lifeguard-agreed-to-pay-370000-for-allegedly-violating-the-civil-monetary-penalties-law-by-paying-remuneration-in-the-form-of-purported-compensation/
"Solco Healthcare Agreed to Pay $200,000 for Allegedly Violating the Civil Monetary Penalties Law by Failing to Submit Timely Pricing Data",2024-11-29,"Solco Healthcare Agreed to Pay $200,000 for Allegedly Violating the Civil Monetary Penalties Law by Failing to Submit Timely Pricing Data",https://oig.hhs.gov/fraud/enforcement/solco-healthcare-agreed-to-pay-200000-for-allegedly-violating-the-civil-monetary-penalties-law-by-failing-to-submit-timely-pricing-data/
New York Doctor Charged for Receiving Kickbacks,2024-12-02,New York Doctor Charged for Receiving Kickbacks,https://oig.hhs.gov/fraud/enforcement/new-york-doctor-charged-for-receiving-kickbacks/
Lumberton-based Behavioral Health Provider Agrees to Pay over $2.5 Million to Settle Medicaid Fraud Allegations,2024-12-02,Lumberton-based Behavioral Health Provider Agrees to Pay over $2.5 Million to Settle Medicaid Fraud Allegations,https://oig.hhs.gov/fraud/enforcement/lumberton-based-behavioral-health-provider-agrees-to-pay-over-25-million-to-settle-medicaid-fraud-allegations/
El Paso Medical Equipment Supplier Sentenced to Federal Prison for $1.7 Million Healthcare Fraud Scheme,2024-12-02,El Paso Medical Equipment Supplier Sentenced to Federal Prison for $1.7 Million Healthcare Fraud Scheme,https://oig.hhs.gov/fraud/enforcement/el-paso-medical-equipment-supplier-sentenced-to-federal-prison-for-17-million-healthcare-fraud-scheme/
Multiple Conspirators Sentenced In $54.3 Million Medicare Fraud Scheme,2024-12-02,Multiple Conspirators Sentenced In $54.3 Million Medicare Fraud Scheme,https://oig.hhs.gov/fraud/enforcement/multiple-conspirators-sentenced-in-543-million-medicare-fraud-scheme/
"Lake Cumberland Regional Hospital Agreed to Pay $587,000 for Allegedly Violating the Civil Monetary Penalties Law by Submitting Claims for Services Provided by Unlicensed Individuals",2024-12-02,"Lake Cumberland Regional Hospital Agreed to Pay $587,000 for Allegedly Violating the Civil Monetary Penalties Law by Submitting Claims for Services Provided by Unlicensed Individuals",https://oig.hhs.gov/fraud/enforcement/lake-cumberland-regional-hospital-agreed-to-pay-587000-for-allegedly-violating-the-civil-monetary-penalties-law-by-submitting-claims-for-services-provided-by-unlicensed-individuals/
"Mary Hitchcock Memorial Hospital Agreed to Pay $20,000 for Allegedly Violating the Civil Monetary Penalties Law by Employing an Excluded Individual",2024-12-02,"Mary Hitchcock Memorial Hospital Agreed to Pay $20,000 for Allegedly Violating the Civil Monetary Penalties Law by Employing an Excluded Individual",https://oig.hhs.gov/fraud/enforcement/mary-hitchcock-memorial-hospital-agreed-to-pay-20000-for-allegedly-violating-the-civil-monetary-penalties-law-by-employing-an-excluded-individual/
"Tanner Medical Centered Agreed to Pay $118,000 for Allegedly Violating the Civil Monetary Penalties Law by Submitting Claims for Services Provided by an Unlicensed Individual",2024-12-02,"Tanner Medical Centered Agreed to Pay $118,000 for Allegedly Violating the Civil Monetary Penalties Law by Submitting Claims for Services Provided by an Unlicensed Individual",https://oig.hhs.gov/fraud/enforcement/tanner-medical-centered-agreed-to-pay-118000-for-allegedly-violating-the-civil-monetary-penalties-law-by-submitting-claims-for-services-provided-by-an-unlicensed-individual/
Attorney General Josh Stein Reaches $2.5 Million Medicaid Fraud Settlement,2024-12-02,Attorney General Josh Stein Reaches $2.5 Million Medicaid Fraud Settlement,https://oig.hhs.gov/fraud/enforcement/attorney-general-josh-stein-reaches-25-million-medicaid-fraud-settlement/
"Bedford Regional Urology Agreed to Pay $463,000 for Allegedly Violating the Civil Monetary Penalties Law by Submitting Claims for Incident-to Services Without Proper Supervision",2024-12-02,"Bedford Regional Urology Agreed to Pay $463,000 for Allegedly Violating the Civil Monetary Penalties Law by Submitting Claims for Incident-to Services Without Proper Supervision",https://oig.hhs.gov/fraud/enforcement/bedford-regional-urology-agreed-to-pay-463000-for-allegedly-violating-the-civil-monetary-penalties-law-by-submitting-claims-for-incident-to-services-without-proper-supervision/
"American Health Imaging, Inc. and Scott Arant to Pay Over $5 Million to Resolve Allegations of Healthcare Kickbacks",2024-12-02,"American Health Imaging, Inc. and Scott Arant to Pay Over $5 Million to Resolve Allegations of Healthcare Kickbacks",https://oig.hhs.gov/fraud/enforcement/american-health-imaging-inc-and-scott-arant-to-pay-over-5-million-to-resolve-allegations-of-healthcare-kickbacks/
"Oakland County Woman Sentenced To Prison For Posing As Health Professional, Witness Intimidation",2024-12-03,"Oakland County Woman Sentenced To Prison For Posing As Health Professional, Witness Intimidation",https://oig.hhs.gov/fraud/enforcement/oakland-county-woman-sentenced-to-prison-for-posing-as-health-professional-witness-intimidation/
Florida Physician Assistant Pleads Guilty To A $7.3 Million Health Care Fraud Conspiracy,2024-12-03,Florida Physician Assistant Pleads Guilty To A $7.3 Million Health Care Fraud Conspiracy,https://oig.hhs.gov/fraud/enforcement/florida-physician-assistant-pleads-guilty-to-a-73-million-health-care-fraud-conspiracy/
Operations Manager Charged in Kickback Scheme,2024-12-03,Operations Manager Charged in Kickback Scheme,https://oig.hhs.gov/fraud/enforcement/operations-manager-charged-in-kickback-scheme/
$2 Million Resolves Kickback Allegations Relating to Denver Neuromonitoring Company,2024-12-03,$2 Million Resolves Kickback Allegations Relating to Denver Neuromonitoring Company,https://oig.hhs.gov/fraud/enforcement/2-million-resolves-kickback-allegations-relating-to-denver-neuromonitoring-company/
"Freeman Health System – Freeman West Agreed to Pay $250,000 for Allegedly Violating Patient Dumping Statute by Failing to Provide Stabilizing Treatment",2024-12-04,"Freeman Health System – Freeman West Agreed to Pay $250,000 for Allegedly Violating Patient Dumping Statute by Failing to Provide Stabilizing Treatment",https://oig.hhs.gov/fraud/enforcement/freeman-health-system-freeman-west-agreed-to-pay-250000-for-allegedly-violating-patient-dumping-statute-by-failing-to-provide-stabilizing-treatment/
The New Mexico Department Of Justice Charges Multiple Individuals In Elder And Resident Abuse Cases,2024-12-04,The New Mexico Department Of Justice Charges Multiple Individuals In Elder And Resident Abuse Cases,https://oig.hhs.gov/fraud/enforcement/the-new-mexico-department-of-justice-charges-multiple-individuals-in-elder-and-resident-abuse-cases/
Colorado Springs Man Sentenced To Eight Years’ Probation For Illegally Billing Medicaid For Patients With Developmental Disabilities,2024-12-04,Colorado Springs Man Sentenced To Eight Years’ Probation For Illegally Billing Medicaid For Patients With Developmental Disabilities,https://oig.hhs.gov/fraud/enforcement/colorado-springs-man-sentenced-to-eight-years-probation-for-illegally-billing-medicaid-for-patients-with-developmental-disabilities/
Podiatrist and Patient Recruiter Sentenced for $8.5M Compounding Fraud Scheme,2024-12-04,Podiatrist and Patient Recruiter Sentenced for $8.5M Compounding Fraud Scheme,https://oig.hhs.gov/fraud/enforcement/podiatrist-and-patient-recruiter-sentenced-for-85m-compounding-fraud-scheme/
United States and State of Oklahoma File False Claims Act Complaint Against OKC Laboratory and Director,2024-12-04,United States and State of Oklahoma File False Claims Act Complaint Against OKC Laboratory and Director,https://oig.hhs.gov/fraud/enforcement/united-states-and-state-of-oklahoma-file-false-claims-act-complaint-against-okc-laboratory-and-director/
Home Health Care Company And Its Owners Pay More Than $360K To Settle False Claims Allegations,2024-12-05,Home Health Care Company And Its Owners Pay More Than $360K To Settle False Claims Allegations,https://oig.hhs.gov/fraud/enforcement/home-health-care-company-and-its-owners-pay-more-than-360k-to-settle-false-claims-allegations/
Attorney General James Announces Convictions And Sentences Of Five Taxi Company Owners In Orange And Rensselaer Counties For Stealing Millions From Medicaid,2024-12-05,Attorney General James Announces Convictions And Sentences Of Five Taxi Company Owners In Orange And Rensselaer Counties For Stealing Millions From Medicaid,https://oig.hhs.gov/fraud/enforcement/attorney-general-james-announces-convictions-and-sentences-of-five-taxi-company-owners-in-orange-and-rensselaer-counties-for-stealing-millions-from-medicaid/
Telemarketer Sentenced For $67M Health Care Fraud And Money Laundering Scheme,2024-12-06,Telemarketer Sentenced For $67M Health Care Fraud And Money Laundering Scheme,https://oig.hhs.gov/fraud/enforcement/telemarketer-sentenced-for-67m-health-care-fraud-and-money-laundering-scheme/
Attorney General Ford Announces Sentencing of  Las Vegas Woman and Behavioral Health Company for Medicaid Fraud,2024-12-09,Attorney General Ford Announces Sentencing of  Las Vegas Woman and Behavioral Health Company for Medicaid Fraud,https://oig.hhs.gov/fraud/enforcement/attorney-general-ford-announces-sentencing-of-las-vegas-woman-and-behavioral-health-company-for-medicaid-fraud/
Neurologist Pays Nearly $1M To Settle False Billing Allegations For Electro-Acupuncture Devices,2024-12-09,Neurologist Pays Nearly $1M To Settle False Billing Allegations For Electro-Acupuncture Devices,https://oig.hhs.gov/fraud/enforcement/neurologist-pays-nearly-1m-to-settle-false-billing-allegations-for-electro-acupuncture-devices/
Bay Area Home Health Agency Owner Sentenced To Two Years In Prison For Health Care Fraud,2024-12-09,Bay Area Home Health Agency Owner Sentenced To Two Years In Prison For Health Care Fraud,https://oig.hhs.gov/fraud/enforcement/bay-area-home-health-agency-owner-sentenced-to-two-years-in-prison-for-health-care-fraud/
"Attorney General Josh Stein Reaches $825,000 Health Care Fraud Settlement",2024-12-10,"Attorney General Josh Stein Reaches $825,000 Health Care Fraud Settlement",https://oig.hhs.gov/fraud/enforcement/attorney-general-josh-stein-reaches-825000-health-care-fraud-settlement/
Former United Medical Center Employee Sentenced For Criminal Abuse Of A Vulnerable Adult,2024-12-10,Former United Medical Center Employee Sentenced For Criminal Abuse Of A Vulnerable Adult,https://oig.hhs.gov/fraud/enforcement/former-united-medical-center-employee-sentenced-for-criminal-abuse-of-a-vulnerable-adult/
Colorado Springs Nurse Practitioner Agrees To Pay $90K To Resolve Allegations Of Improper Prescribing Of Controlled Substances,2024-12-10,Colorado Springs Nurse Practitioner Agrees To Pay $90K To Resolve Allegations Of Improper Prescribing Of Controlled Substances,https://oig.hhs.gov/fraud/enforcement/colorado-springs-nurse-practitioner-agrees-to-pay-90k-to-resolve-allegations-of-improper-prescribing-of-controlled-substances/
"Pharmacies In Granby And Dorchester To Pay Over $500,000 To Resolve Allegations Of False Billing To MassHealth",2024-12-11,"Pharmacies In Granby And Dorchester To Pay Over $500,000 To Resolve Allegations Of False Billing To MassHealth",https://oig.hhs.gov/fraud/enforcement/pharmacies-in-granby-and-dorchester-to-pay-over-500000-to-resolve-allegations-of-false-billing-to-masshealth/
Former Employee Pleads Guilty In Scheme To Defraud Illinois Nursing And Rehabilitation Facility,2024-12-11,Former Employee Pleads Guilty In Scheme To Defraud Illinois Nursing And Rehabilitation Facility,https://oig.hhs.gov/fraud/enforcement/former-employee-pleads-guilty-in-scheme-to-defraud-illinois-nursing-and-rehabilitation-facility/
Long Island Medical Doctor Convicted Of Illegally Distributing Oxycodone Pills,2024-12-11,Long Island Medical Doctor Convicted Of Illegally Distributing Oxycodone Pills,https://oig.hhs.gov/fraud/enforcement/long-island-medical-doctor-convicted-of-illegally-distributing-oxycodone-pills/
"Naimetulla Ahmed Syed, MD Agreed to Be Excluded for 20 Years for Allegedly Prescribing Medically Unnecessary Drugs and Related False Claims",2024-12-12,"Naimetulla Ahmed Syed, MD Agreed to Be Excluded for 20 Years for Allegedly Prescribing Medically Unnecessary Drugs and Related False Claims",https://oig.hhs.gov/fraud/enforcement/naimetulla-ahmed-syed-md-agreed-to-be-excluded-for-20-years-for-allegedly-prescribing-medically-unnecessary-drugs-and-related-false-claims/
New York-Based Businessman Admits $5.3 Million Health Care Fraud And Kickback Conspiracy,2024-12-12,New York-Based Businessman Admits $5.3 Million Health Care Fraud And Kickback Conspiracy,https://oig.hhs.gov/fraud/enforcement/new-york-based-businessman-admits-53-million-health-care-fraud-and-kickback-conspiracy/
Glendale Woman And Lakewood Man Found Guilty Of $3.2 Million Hospice Fraud Scheme Involving Kickbacks For Patient Referrals,2024-12-12,Glendale Woman And Lakewood Man Found Guilty Of $3.2 Million Hospice Fraud Scheme Involving Kickbacks For Patient Referrals,https://oig.hhs.gov/fraud/enforcement/glendale-woman-and-lakewood-man-found-guilty-of-32-million-hospice-fraud-scheme-involving-kickbacks-for-patient-referrals/
New York Doctor Pleads Guilty To Receiving Kickbacks,2024-12-12,New York Doctor Pleads Guilty To Receiving Kickbacks,https://oig.hhs.gov/fraud/enforcement/new-york-doctor-pleads-guilty-to-receiving-kickbacks/
California Hospital To Pay $10.25M To Resolve False Claims Allegations,2024-12-12,California Hospital To Pay $10.25M To Resolve False Claims Allegations,https://oig.hhs.gov/fraud/enforcement/california-hospital-to-pay-1025m-to-resolve-false-claims-allegations/
Attorney General Alan Wilson Announces N. Charleston Caregiver Charged With Stealing From Nursing Home Residents,2024-12-12,Attorney General Alan Wilson Announces N. Charleston Caregiver Charged With Stealing From Nursing Home Residents,https://oig.hhs.gov/fraud/enforcement/attorney-general-alan-wilson-announces-n-charleston-caregiver-charged-with-stealing-from-nursing-home-residents/
Oroville Hospital To Pay $10.25 Million To Resolve Allegations Of Kickbacks And False Billing,2024-12-12,Oroville Hospital To Pay $10.25 Million To Resolve Allegations Of Kickbacks And False Billing,https://oig.hhs.gov/fraud/enforcement/oroville-hospital-to-pay-1025-million-to-resolve-allegations-of-kickbacks-and-false-billing/
Sagis Agreed to Pay $1.1 Million for Allegedly Violating the Civil Monetary Penalties Law by Receiving Remuneration in Exchange for Using a Reference Laboratory,2024-12-13,Sagis Agreed to Pay $1.1 Million for Allegedly Violating the Civil Monetary Penalties Law by Receiving Remuneration in Exchange for Using a Reference Laboratory,https://oig.hhs.gov/fraud/enforcement/sagis-agreed-to-pay-11-million-for-allegedly-violating-the-civil-monetary-penalties-law-by-receiving-remuneration-in-exchange-for-using-a-reference-laboratory/
"Florence Wellness and JBH Holdings Agreed to Pay $240,000 for Allegedly Violating the Civil Monetary Penalties Law by Submitting False Claims Related to Remote Patient Monitoring Services",2024-12-13,"Florence Wellness and JBH Holdings Agreed to Pay $240,000 for Allegedly Violating the Civil Monetary Penalties Law by Submitting False Claims Related to Remote Patient Monitoring Services",https://oig.hhs.gov/fraud/enforcement/florence-wellness-and-jbh-holdings-agreed-to-pay-240000-for-allegedly-violating-the-civil-monetary-penalties-law-by-submitting-false-claims-related-to-remote-patient-monitoring-services/
United States Settles False Claims Act Allegations Against Pharmaceutical Distributor For Paying Kickbacks Through Inventory Management Systems,2024-12-13,United States Settles False Claims Act Allegations Against Pharmaceutical Distributor For Paying Kickbacks Through Inventory Management Systems,https://oig.hhs.gov/fraud/enforcement/united-states-settles-false-claims-act-allegations-against-pharmaceutical-distributor-for-paying-kickbacks-through-inventory-management-systems/
Justice Department Announces Resolution Of Criminal And Civil Investigations Into McKinsey & Company’s Work With Purdue Pharma L.P.; Former McKinsey Senior Partner Charged With Obstruction Of Justice,2024-12-13,Justice Department Announces Resolution Of Criminal And Civil Investigations Into McKinsey & Company’s Work With Purdue Pharma L.P.; Former McKinsey Senior Partner Charged With Obstruction Of Justice,https://oig.hhs.gov/fraud/enforcement/justice-department-announces-resolution-of-criminal-and-civil-investigations-into-mckinsey-companys-work-with-purdue-pharma-lp-former-mckinsey-senior-partner-charged-with-obstruction-of-justice/
Doctor Charged For Unlawful Distribution Of Oxycodone And Other Controlled Substances,2024-12-13,Doctor Charged For Unlawful Distribution Of Oxycodone And Other Controlled Substances,https://oig.hhs.gov/fraud/enforcement/doctor-charged-for-unlawful-distribution-of-oxycodone-and-other-controlled-substances/
Whitefish Doctor Sentenced For Defrauding Medicare And Other Federal Health Programs,2024-12-13,Whitefish Doctor Sentenced For Defrauding Medicare And Other Federal Health Programs,https://oig.hhs.gov/fraud/enforcement/whitefish-doctor-sentenced-for-defrauding-medicare-and-other-federal-health-programs/
ASD Specialty Healthcare (D/B/A Besse Medical) Agrees To Pay $1.67 Million For Allegedly Paying Kickbacks To Retina Practices,2024-12-13,ASD Specialty Healthcare (D/B/A Besse Medical) Agrees To Pay $1.67 Million For Allegedly Paying Kickbacks To Retina Practices,https://oig.hhs.gov/fraud/enforcement/asd-specialty-healthcare-dba-besse-medical-agrees-to-pay-167-million-for-allegedly-paying-kickbacks-to-retina-practices/
Maryland Man Sentenced To Prison For Assaulting Law Enforcement During Jan. 6 Capitol Breach,2024-12-13,Maryland Man Sentenced To Prison For Assaulting Law Enforcement During Jan. 6 Capitol Breach,https://oig.hhs.gov/fraud/enforcement/maryland-man-sentenced-to-prison-for-assaulting-law-enforcement-during-jan-6-capitol-breach/
Doctor Pleads Guilty in $5.5M COVID-19 Fraud Scheme,2024-12-16,Doctor Pleads Guilty in $5.5M COVID-19 Fraud Scheme,https://oig.hhs.gov/fraud/enforcement/doctor-pleads-guilty-in-55m-covid-19-fraud-scheme/
Santa Paula Doctor Sentenced To 2 Years In Federal Prison For Role In Hospice Fraud That Bilked Medicare Out Of $3.2 Million,2024-12-16,Santa Paula Doctor Sentenced To 2 Years In Federal Prison For Role In Hospice Fraud That Bilked Medicare Out Of $3.2 Million,https://oig.hhs.gov/fraud/enforcement/santa-paula-doctor-sentenced-to-2-years-in-federal-prison-for-role-in-hospice-fraud-that-bilked-medicare-out-of-32-million/
"Additional Charges Brought Against Boston Dental Manager, Including Prescription And Credit Card Fraud",2024-12-16,"Additional Charges Brought Against Boston Dental Manager, Including Prescription And Credit Card Fraud",https://oig.hhs.gov/fraud/enforcement/additional-charges-brought-against-boston-dental-manager-including-prescription-and-credit-card-fraud/
Attorney General Ford Announces Sentencing of Las Vegas Woman for Medicaid Fraud,2024-12-16,Attorney General Ford Announces Sentencing of Las Vegas Woman for Medicaid Fraud,https://oig.hhs.gov/fraud/enforcement/attorney-general-ford-announces-sentencing-of-las-vegas-woman-for-medicaid-fraud/
Attorney General Bonta Secures Sentencing In Riverside Elder Abuse Case,2024-12-16,Attorney General Bonta Secures Sentencing In Riverside Elder Abuse Case,https://oig.hhs.gov/fraud/enforcement/attorney-general-bonta-secures-sentencing-in-riverside-elder-abuse-case/
"Piedmont Eastside Hospital Agreed to Pay $21,000 for Allegedly Violating the Civil Monetary Penalties Law by Submitting Claims for Services Provided by an Unlicensed Individual",2024-12-17,"Piedmont Eastside Hospital Agreed to Pay $21,000 for Allegedly Violating the Civil Monetary Penalties Law by Submitting Claims for Services Provided by an Unlicensed Individual",https://oig.hhs.gov/fraud/enforcement/piedmont-eastside-hospital-agreed-to-pay-21000-for-allegedly-violating-the-civil-monetary-penalties-law-by-submitting-claims-for-services-provided-by-an-unlicensed-individual/
Lexington Doctor Sentenced For Engaging In International Money Laundering Scheme And Importing Illegal And Misbranded Drugs,2024-12-17,Lexington Doctor Sentenced For Engaging In International Money Laundering Scheme And Importing Illegal And Misbranded Drugs,https://oig.hhs.gov/fraud/enforcement/lexington-doctor-sentenced-for-engaging-in-international-money-laundering-scheme-and-importing-illegal-and-misbranded-drugs/
"Redlands Christian Migrant Association Agreed to Pay $585,000 for Allegedly Violating the Civil Monetary Penalties Law by Backdating Invoices and Improperly Charging Expenses to HHS Grants",2024-12-17,"Redlands Christian Migrant Association Agreed to Pay $585,000 for Allegedly Violating the Civil Monetary Penalties Law by Backdating Invoices and Improperly Charging Expenses to HHS Grants",https://oig.hhs.gov/fraud/enforcement/redlands-christian-migrant-association-agreed-to-pay-585000-for-allegedly-violating-the-civil-monetary-penalties-law-by-backdating-invoices-and-improperly-charging-expenses-to-hhs-grants/
"Hakop Oganyan, MD and Holy Medical Center Agreed to Pay $627,000 for Allegedly Violating the Civil Monetary Penalties Law by Submitting Claims for Bundled Services that Included Drugs that Were Not Purchased",2024-12-17,"Hakop Oganyan, MD and Holy Medical Center Agreed to Pay $627,000 for Allegedly Violating the Civil Monetary Penalties Law by Submitting Claims for Bundled Services that Included Drugs that Were Not Purchased",https://oig.hhs.gov/fraud/enforcement/hakop-oganyan-md-and-holy-medical-center-agreed-to-pay-627000-for-allegedly-violating-the-civil-monetary-penalties-law-by-submitting-claims-for-bundled-services-that-included-drugs-that-were-not-purchased/
"Conservatory of Hope, Amber Galbraith, and Heath Lewis Agreed to Be Excluded for 35 Years for Allegedly Submitting False Claims",2024-12-17,"Conservatory of Hope, Amber Galbraith, and Heath Lewis Agreed to Be Excluded for 35 Years for Allegedly Submitting False Claims",https://oig.hhs.gov/fraud/enforcement/conservatory-of-hope-amber-galbraith-and-heath-lewis-agreed-to-be-excluded-for-35-years-for-allegedly-submitting-false-claims/
"Tampa General Hospital Agreed to Pay $442,000 for Allegedly Violating the Civil Monetary Penalties Law by Submitting Claims for Services Provided by an Unlicensed and Unqualified Individual",2024-12-17,"Tampa General Hospital Agreed to Pay $442,000 for Allegedly Violating the Civil Monetary Penalties Law by Submitting Claims for Services Provided by an Unlicensed and Unqualified Individual",https://oig.hhs.gov/fraud/enforcement/tampa-general-hospital-agreed-to-pay-442000-for-allegedly-violating-the-civil-monetary-penalties-law-by-submitting-claims-for-services-provided-by-an-unlicensed-and-unqualified-individual/
Attorney General Miyares Announces Charges In Elder Abuse Investigation,2024-12-18,Attorney General Miyares Announces Charges In Elder Abuse Investigation,https://oig.hhs.gov/fraud/enforcement/attorney-general-miyares-announces-charges-in-elder-abuse-investigation/
"The Endoscopy Center Agreed to Pay $1.3 Million for Allegedly Violating the Civil Monetary Penalties Law by Receiving Remuneration in the Form of Supplies, Equipment, and Insurance Reimbursement",2024-12-18,"The Endoscopy Center Agreed to Pay $1.3 Million for Allegedly Violating the Civil Monetary Penalties Law by Receiving Remuneration in the Form of Supplies, Equipment, and Insurance Reimbursement",https://oig.hhs.gov/fraud/enforcement/the-endoscopy-center-agreed-to-pay-13-million-for-allegedly-violating-the-civil-monetary-penalties-law-by-receiving-remuneration-in-the-form-of-supplies-equipment-and-insurance-reimbursement/
"Brookside Medical Home Visits Agreed to Pay $167,000 for Allegedly Violating the Civil Monetary Penalties Law by Receiving Remuneration in the Form of Rebates",2024-12-18,"Brookside Medical Home Visits Agreed to Pay $167,000 for Allegedly Violating the Civil Monetary Penalties Law by Receiving Remuneration in the Form of Rebates",https://oig.hhs.gov/fraud/enforcement/brookside-medical-home-visits-agreed-to-pay-167000-for-allegedly-violating-the-civil-monetary-penalties-law-by-receiving-remuneration-in-the-form-of-rebates/
Justice Department Files Nationwide Lawsuit Alleging CVS Knowingly Dispensed Controlled Substances In Violation Of The Controlled Substances Act And The False Claims Act,2024-12-18,Justice Department Files Nationwide Lawsuit Alleging CVS Knowingly Dispensed Controlled Substances In Violation Of The Controlled Substances Act And The False Claims Act,https://oig.hhs.gov/fraud/enforcement/justice-department-files-nationwide-lawsuit-alleging-cvs-knowingly-dispensed-controlled-substances-in-violation-of-the-controlled-substances-act-and-the-false-claims-act/
Former Doctor And Her Wife Sentenced For Fraud And Other Crimes,2024-12-19,Former Doctor And Her Wife Sentenced For Fraud And Other Crimes,https://oig.hhs.gov/fraud/enforcement/former-doctor-and-her-wife-sentenced-for-fraud-and-other-crimes/
Three Indicted In Medicaid Fraud Conspiracy Scheme,2024-12-19,Three Indicted In Medicaid Fraud Conspiracy Scheme,https://oig.hhs.gov/fraud/enforcement/three-indicted-in-medicaid-fraud-conspiracy-scheme/
AG Campbell Announces $2 Million Settlement With SaVida Health To Resolve Allegations Of False Billing To MassHealth,2024-12-19,AG Campbell Announces $2 Million Settlement With SaVida Health To Resolve Allegations Of False Billing To MassHealth,https://oig.hhs.gov/fraud/enforcement/ag-campbell-announces-2-million-settlement-with-savida-health-to-resolve-allegations-of-false-billing-to-masshealth/
Attorney General Alan Wilson Announces Upstate Man Charged With Stealing From Nursing Home Resident,2024-12-19,Attorney General Alan Wilson Announces Upstate Man Charged With Stealing From Nursing Home Resident,https://oig.hhs.gov/fraud/enforcement/attorney-general-alan-wilson-announces-upstate-man-charged-with-stealing-from-nursing-home-resident/
"Norton Clark Hospital Agreed to Pay $768,000 for Allegedly Violating the Civil Monetary Penalties Law by Paying Remuneration to Physicians in the Form of Office Expenses",2024-12-19,"Norton Clark Hospital Agreed to Pay $768,000 for Allegedly Violating the Civil Monetary Penalties Law by Paying Remuneration to Physicians in the Form of Office Expenses",https://oig.hhs.gov/fraud/enforcement/norton-clark-hospital-agreed-to-pay-768000-for-allegedly-violating-the-civil-monetary-penalties-law-by-paying-remuneration-to-physicians-in-the-form-of-office-expenses/
Nine Charged In $20 Million Medicaid/Medicare Fraud Scheme Perpetrated At South Philadelphia Pharmacy,2024-12-19,Nine Charged In $20 Million Medicaid/Medicare Fraud Scheme Perpetrated At South Philadelphia Pharmacy,https://oig.hhs.gov/fraud/enforcement/nine-charged-in-20-million-medicaidmedicare-fraud-scheme-perpetrated-at-south-philadelphia-pharmacy/
CASE UPDATE: Philadelphia Man’s Caregivers — His Mother and Sister — Jailed for Neglect That Caused Critical Care Hospitalization,2024-12-20,CASE UPDATE: Philadelphia Man’s Caregivers — His Mother and Sister — Jailed for Neglect That Caused Critical Care Hospitalization,https://oig.hhs.gov/fraud/enforcement/case-update-philadelphia-mans-caregivers-his-mother-and-sister-jailed-for-neglect-that-caused-critical-care-hospitalization/
Attorney General Ellison praises indictment of Evergreen Recovery leaders for Medicaid fraud,2024-12-20,Attorney General Ellison praises indictment of Evergreen Recovery leaders for Medicaid fraud,https://oig.hhs.gov/fraud/enforcement/attorney-general-ellison-praises-indictment-of-evergreen-recovery-leaders-for-medicaid-fraud/
Sixteen Cardiology Practices to Pay a Total of $17.7M to Resolve False Claims Act Allegations Concerning Inflated Medicare Reimbursements,2024-12-20,Sixteen Cardiology Practices to Pay a Total of $17.7M to Resolve False Claims Act Allegations Concerning Inflated Medicare Reimbursements,https://oig.hhs.gov/fraud/enforcement/sixteen-cardiology-practices-to-pay-a-total-of-177m-to-resolve-false-claims-act-allegations-concerning-inflated-medicare-reimbursements/
Medicare Advantage Provider Independent Health to Pay Up To $98M to Settle False Claims Act Suit,2024-12-20,Medicare Advantage Provider Independent Health to Pay Up To $98M to Settle False Claims Act Suit,https://oig.hhs.gov/fraud/enforcement/medicare-advantage-provider-independent-health-to-pay-up-to-98m-to-settle-false-claims-act-suit/
Physician Resolves Allegations Of Improper Prescribing Practices Involving Controlled Substances,2024-12-20,Physician Resolves Allegations Of Improper Prescribing Practices Involving Controlled Substances,https://oig.hhs.gov/fraud/enforcement/physician-resolves-allegations-of-improper-prescribing-practices-involving-controlled-substances/
Rapid Health Agrees to Pay $8.2M for Allegedly Billing Medicare for Over-the-Counter COVID-19 Tests That Were Not Provided to Beneficiaries,2024-12-20,Rapid Health Agrees to Pay $8.2M for Allegedly Billing Medicare for Over-the-Counter COVID-19 Tests That Were Not Provided to Beneficiaries,https://oig.hhs.gov/fraud/enforcement/rapid-health-agrees-to-pay-82m-for-allegedly-billing-medicare-for-over-the-counter-covid-19-tests-that-were-not-provided-to-beneficiaries/
"MMM Holdings, LLC Agrees to Pay 15.2 Million Dollars to Resolve Allegations that it Violated the False Claims Act and Anti-Kickback Statute",2024-12-23,"MMM Holdings, LLC Agrees to Pay 15.2 Million Dollars to Resolve Allegations that it Violated the False Claims Act and Anti-Kickback Statute",https://oig.hhs.gov/fraud/enforcement/mmm-holdings-llc-agrees-to-pay-152-million-dollars-to-resolve-allegations-that-it-violated-the-false-claims-act-and-anti-kickback-statute/
Inform Diagnostics Agrees to Pay $2.9 Million to Resolve Potential False Claims Act Liability for Self-Reported Violations,2024-12-23,Inform Diagnostics Agrees to Pay $2.9 Million to Resolve Potential False Claims Act Liability for Self-Reported Violations,https://oig.hhs.gov/fraud/enforcement/inform-diagnostics-agrees-to-pay-29-million-to-resolve-potential-false-claims-act-liability-for-self-reported-violations/
Food City Agrees to Pay over $8M to Settle False Claims Act Allegations Related to Opioid Dispensing,2024-12-23,Food City Agrees to Pay over $8M to Settle False Claims Act Allegations Related to Opioid Dispensing,https://oig.hhs.gov/fraud/enforcement/food-city-agrees-to-pay-over-8m-to-settle-false-claims-act-allegations-related-to-opioid-dispensing/
"Santiam Memorial Hospital Agreed to Pay $460,000 for Allegedly Violating the Civil Monetary Penalties Law by Submitting Claims for Transportation Services without the Required Beneficiary Signatures",2024-12-23,"Santiam Memorial Hospital Agreed to Pay $460,000 for Allegedly Violating the Civil Monetary Penalties Law by Submitting Claims for Transportation Services without the Required Beneficiary Signatures",https://oig.hhs.gov/fraud/enforcement/santiam-memorial-hospital-agreed-to-pay-460000-for-allegedly-violating-the-civil-monetary-penalties-law-by-submitting-claims-for-transportation-services-without-the-required-beneficiary-signatures/
Attorney General Brown Announces Sentencing of Caregiver for Assault of a Vulnerable Adult Captured on Security Camera Footage,2024-12-23,Attorney General Brown Announces Sentencing of Caregiver for Assault of a Vulnerable Adult Captured on Security Camera Footage,https://oig.hhs.gov/fraud/enforcement/attorney-general-brown-announces-sentencing-of-caregiver-for-assault-of-a-vulnerable-adult-captured-on-security-camera-footage/
Jamestown Pharmacist Arrested and Charged with Health Care Fraud and Aggravated Identity Theft in a Multi-Million Dollar Health Care Fraud Scheme,2024-12-23,Jamestown Pharmacist Arrested and Charged with Health Care Fraud and Aggravated Identity Theft in a Multi-Million Dollar Health Care Fraud Scheme,https://oig.hhs.gov/fraud/enforcement/jamestown-pharmacist-arrested-and-charged-with-health-care-fraud-and-aggravated-identity-theft-in-a-multi-million-dollar-health-care-fraud-scheme/
"Southern California-Based Clinics, Laboratory and Their Owners to Pay $10M for False Claims Arising from Kickbacks and Self-Referrals",2024-12-26,"Southern California-Based Clinics, Laboratory and Their Owners to Pay $10M for False Claims Arising from Kickbacks and Self-Referrals",https://oig.hhs.gov/fraud/enforcement/southern-california-based-clinics-laboratory-and-their-owners-to-pay-10m-for-false-claims-arising-from-kickbacks-and-self-referrals/
"Golder Ranch Fire District Agreed to Pay $41,000 for Allegedly Violating the Civil Monetary Penalties Law by Submitting Claims for Services Provided by an Unlicensed Individual",2024-12-30,"Golder Ranch Fire District Agreed to Pay $41,000 for Allegedly Violating the Civil Monetary Penalties Law by Submitting Claims for Services Provided by an Unlicensed Individual",https://oig.hhs.gov/fraud/enforcement/golder-ranch-fire-district-agreed-to-pay-41000-for-allegedly-violating-the-civil-monetary-penalties-law-by-submitting-claims-for-services-provided-by-an-unlicensed-individual/
"Central Home Health Care Agreed to Pay $29,000 for Allegedly Violating the Civil Monetary Penalties Law by Submitting Claims for Services Provided by an Unlicensed Individual",2024-12-30,"Central Home Health Care Agreed to Pay $29,000 for Allegedly Violating the Civil Monetary Penalties Law by Submitting Claims for Services Provided by an Unlicensed Individual",https://oig.hhs.gov/fraud/enforcement/central-home-health-care-agreed-to-pay-29000-for-allegedly-violating-the-civil-monetary-penalties-law-by-submitting-claims-for-services-provided-by-an-unlicensed-individual/
"Cardiology Clinic and Physician Pay $270,000 to Settle Allegations of Submitting False Claims to Medicare and TRICARE",2024-12-30,"Cardiology Clinic and Physician Pay $270,000 to Settle Allegations of Submitting False Claims to Medicare and TRICARE",https://oig.hhs.gov/fraud/enforcement/cardiology-clinic-and-physician-pay-270000-to-settle-allegations-of-submitting-false-claims-to-medicare-and-tricare/
"Sharp Healthcare Agreed to Pay $153,000 for Allegedly Violating the Civil Monetary Penalties Law by Employing an Excluded Individual",2024-12-30,"Sharp Healthcare Agreed to Pay $153,000 for Allegedly Violating the Civil Monetary Penalties Law by Employing an Excluded Individual",https://oig.hhs.gov/fraud/enforcement/sharp-healthcare-agreed-to-pay-153000-for-allegedly-violating-the-civil-monetary-penalties-law-by-employing-an-excluded-individual/
"NormaTec Industries Agreed to Pay $198,000 for Allegedly Violating the Civil Monetary Penalties Law by Submitting Claims for DME Supported by Fabricated Medical Records",2024-12-30,"NormaTec Industries Agreed to Pay $198,000 for Allegedly Violating the Civil Monetary Penalties Law by Submitting Claims for DME Supported by Fabricated Medical Records",https://oig.hhs.gov/fraud/enforcement/normatec-industries-agreed-to-pay-198000-for-allegedly-violating-the-civil-monetary-penalties-law-by-submitting-claims-for-dme-supported-by-fabricated-medical-records/
Martinsville Doctor Convicted on 467 Federal Counts of Drug Distribution,2024-12-31,Martinsville Doctor Convicted on 467 Federal Counts of Drug Distribution,https://oig.hhs.gov/fraud/enforcement/martinsville-doctor-convicted-on-467-federal-counts-of-drug-distribution/
Falanda Shelton Agreed to Be Excluded for 7 Years for Allegedly Paying Improper Remuneration,2024-12-31,Falanda Shelton Agreed to Be Excluded for 7 Years for Allegedly Paying Improper Remuneration,https://oig.hhs.gov/fraud/enforcement/falanda-shelton-agreed-to-be-excluded-for-7-years-for-allegedly-paying-improper-remuneration/
New Haven Psychiatrist to Pay More Than $450K to Settle False Claims Act and Controlled Substances Act Allegations,2025-01-02,New Haven Psychiatrist to Pay More Than $450K to Settle False Claims Act and Controlled Substances Act Allegations,https://oig.hhs.gov/fraud/enforcement/new-haven-psychiatrist-to-pay-more-than-450k-to-settle-false-claims-act-and-controlled-substances-act-allegations/
"LabCorp and University Health System Agree To Pay $388,667 To Resolve Alleged False Claims Act Violations",2025-01-02,"LabCorp and University Health System Agree To Pay $388,667 To Resolve Alleged False Claims Act Violations",https://oig.hhs.gov/fraud/enforcement/labcorp-and-university-health-system-agree-to-pay-388667-to-resolve-alleged-false-claims-act-violations/
"Attorney General Bonta Combats Medi-Cal Fraud, Securing a $10 Million Settlement Against Southern California Provider",2025-01-02,"Attorney General Bonta Combats Medi-Cal Fraud, Securing a $10 Million Settlement Against Southern California Provider",https://oig.hhs.gov/fraud/enforcement/attorney-general-bonta-combats-medi-cal-fraud-securing-a-10-million-settlement-against-southern-california-provider/
Attorney General Tong Announces New Haven Psychiatrist to Pay More Than 450K to Settle False Claims and Controlled Substances Act,2025-01-02,Attorney General Tong Announces New Haven Psychiatrist to Pay More Than 450K to Settle False Claims and Controlled Substances Act,https://oig.hhs.gov/fraud/enforcement/attorney-general-tong-announces-new-haven-psychiatrist-to-pay-more-than-450k-to-settle-false-claims-and-controlled-substances-act/
"Virginia Beach doctor agrees to $625,000 False Claims Act settlement",2025-01-02,"Virginia Beach doctor agrees to $625,000 False Claims Act settlement",https://oig.hhs.gov/fraud/enforcement/virginia-beach-doctor-agrees-to-625000-false-claims-act-settlement/
Physicians Toxicology Laboratory And Its Owners To Pay $4.425 Million To Settle Allegations Of Unnecessary Drug Testing,2025-01-03,Physicians Toxicology Laboratory And Its Owners To Pay $4.425 Million To Settle Allegations Of Unnecessary Drug Testing,https://oig.hhs.gov/fraud/enforcement/physicians-toxicology-laboratory-and-its-owners-to-pay-4425-million-to-settle-allegations-of-unnecessary-drug-testing/
"Telehealth Company Pays $386,000 to Resolve Allegations of Overbilling for Medicare Telehealth Time",2025-01-03,"Telehealth Company Pays $386,000 to Resolve Allegations of Overbilling for Medicare Telehealth Time",https://oig.hhs.gov/fraud/enforcement/telehealth-company-pays-386000-to-resolve-allegations-of-overbilling-for-medicare-telehealth-time/
Operations Manager Pleads Guilty to Kickback Scheme,2025-01-03,Operations Manager Pleads Guilty to Kickback Scheme,https://oig.hhs.gov/fraud/enforcement/operations-manager-pleads-guilty-to-kickback-scheme/
Attorney General Alan Wilson Announces Camden Woman Charged With Stealing Thousands From Vulnerable Adult,2025-01-06,Attorney General Alan Wilson Announces Camden Woman Charged With Stealing Thousands From Vulnerable Adult,https://oig.hhs.gov/fraud/enforcement/attorney-general-alan-wilson-announces-camden-woman-charged-with-stealing-thousands-from-vulnerable-adult/
Athira Pharma Inc. Agrees to Pay $4M to Settle False Claims Act Allegations Related to Scientific Research Misconduct,2025-01-06,Athira Pharma Inc. Agrees to Pay $4M to Settle False Claims Act Allegations Related to Scientific Research Misconduct,https://oig.hhs.gov/fraud/enforcement/athira-pharma-inc-agrees-to-pay-4m-to-settle-false-claims-act-allegations-related-to-scientific-research-misconduct/
Bothell Biopharmaceutical Company Pays $4 Million To Resolve Allegations It Relied On Falsified Academic Papers To Obtain Federal Grant,2025-01-06,Bothell Biopharmaceutical Company Pays $4 Million To Resolve Allegations It Relied On Falsified Academic Papers To Obtain Federal Grant,https://oig.hhs.gov/fraud/enforcement/bothell-biopharmaceutical-company-pays-4-million-to-resolve-allegations-it-relied-on-falsified-academic-papers-to-obtain-federal-grant/
"Adriana Strimbu, DPM Agreed to Pay $41,000 for Allegedly Violating the Civil Monetary Penalties Law by Employing an Excluded Individual",2025-01-06,"Adriana Strimbu, DPM Agreed to Pay $41,000 for Allegedly Violating the Civil Monetary Penalties Law by Employing an Excluded Individual",https://oig.hhs.gov/fraud/enforcement/adriana-strimbu-dpm-agreed-to-pay-41000-for-allegedly-violating-the-civil-monetary-penalties-law-by-employing-an-excluded-individual/
Owner of Addiction Treatment Chain That Billed for Recovery Services Not Provided Sentenced to More Than Eight Years in Federal Prison in Health Care Fraud Conspiracy,2025-01-07,Owner of Addiction Treatment Chain That Billed for Recovery Services Not Provided Sentenced to More Than Eight Years in Federal Prison in Health Care Fraud Conspiracy,https://oig.hhs.gov/fraud/enforcement/owner-of-addiction-treatment-chain-that-billed-for-recovery-services-not-provided-sentenced-to-more-than-eight-years-in-federal-prison-in-health-care-fraud-conspiracy/
Connecticut Dentist Pays More than $600K to Settle False Claims Allegations,2025-01-07,Connecticut Dentist Pays More than $600K to Settle False Claims Allegations,https://oig.hhs.gov/fraud/enforcement/connecticut-dentist-pays-more-than-600k-to-settle-false-claims-allegations/
"Marketers and Healthcare Providers in Texas, Virginia and South Carolina Agree to Pay Over $1.1M to Settle Laboratory Kickback Allegations",2025-01-07,"Marketers and Healthcare Providers in Texas, Virginia and South Carolina Agree to Pay Over $1.1M to Settle Laboratory Kickback Allegations",https://oig.hhs.gov/fraud/enforcement/marketers-and-healthcare-providers-in-texas-virginia-and-south-carolina-agree-to-pay-over-11m-to-settle-laboratory-kickback-allegations/
"Wabash General Hospital Agreed to Pay $107,000 for Allegedly Violating the Civil Monetary Penalties Law by Submitting Claims for Services Provided by an Unlicensed Individual",2025-01-07,"Wabash General Hospital Agreed to Pay $107,000 for Allegedly Violating the Civil Monetary Penalties Law by Submitting Claims for Services Provided by an Unlicensed Individual",https://oig.hhs.gov/fraud/enforcement/wabash-general-hospital-agreed-to-pay-107000-for-allegedly-violating-the-civil-monetary-penalties-law-by-submitting-claims-for-services-provided-by-an-unlicensed-individual/
Pharmacy Owner Sentenced to Imprisonment for Health Care Fraud,2025-01-07,Pharmacy Owner Sentenced to Imprisonment for Health Care Fraud,https://oig.hhs.gov/fraud/enforcement/pharmacy-owner-sentenced-to-imprisonment-for-health-care-fraud/
"Attorney General James Puts Medical Transportation Industry On Notice, Announces New Actions To Stop Ongoing Fraud",2025-01-08,"Attorney General James Puts Medical Transportation Industry On Notice, Announces New Actions To Stop Ongoing Fraud",https://oig.hhs.gov/fraud/enforcement/attorney-general-james-puts-medical-transportation-industry-on-notice-announces-new-actions-to-stop-ongoing-fraud/
"Felisha Cunningham Sentenced For Medicaid Fraud, Theft",2025-01-08,"Felisha Cunningham Sentenced For Medicaid Fraud, Theft",https://oig.hhs.gov/fraud/enforcement/felisha-cunningham-sentenced-for-medicaid-fraud-theft/
Attorney General Mayes Announces Sentencing In Small Business Administration Fraud,2025-01-08,Attorney General Mayes Announces Sentencing In Small Business Administration Fraud,https://oig.hhs.gov/fraud/enforcement/attorney-general-mayes-announces-sentencing-in-small-business-administration-fraud/
Former Charleston Physician Sentenced to Prison for Federal Opioid Crime,2025-01-08,Former Charleston Physician Sentenced to Prison for Federal Opioid Crime,https://oig.hhs.gov/fraud/enforcement/former-charleston-physician-sentenced-to-prison-for-federal-opioid-crime/
Chesapeake Hospital Indicted For Healthcare Fraud Involving Unnecessary Surgical Procedures,2025-01-08,Chesapeake Hospital Indicted For Healthcare Fraud Involving Unnecessary Surgical Procedures,https://oig.hhs.gov/fraud/enforcement/chesapeake-hospital-indicted-for-healthcare-fraud-involving-unnecessary-surgical-procedures/
California Man Admits Role In $10 Million Health Care Kickback Scheme,2025-01-08,California Man Admits Role In $10 Million Health Care Kickback Scheme,https://oig.hhs.gov/fraud/enforcement/california-man-admits-role-in-10-million-health-care-kickback-scheme/
Former Senior Partner at McKinsey & Company Pleads Guilty,2025-01-10,Former Senior Partner at McKinsey & Company Pleads Guilty,https://oig.hhs.gov/fraud/enforcement/former-senior-partner-at-mckinsey-company-pleads-guilty-1/
Former Senior Partner at McKinsey & Company Pleads Guilty,2025-01-10,Former Senior Partner at McKinsey & Company Pleads Guilty,https://oig.hhs.gov/fraud/enforcement/former-senior-partner-at-mckinsey-company-pleads-guilty/
Attorney General Jeff Jackson Files $5.5 Million Medicaid Fraud Lawsuit,2025-01-13,Attorney General Jeff Jackson Files $5.5 Million Medicaid Fraud Lawsuit,https://oig.hhs.gov/fraud/enforcement/attorney-general-jeff-jackson-files-55-million-medicaid-fraud-lawsuit/
Attorney General’s Office Announces Sentencing of  Las Vegas Couple and Behavioral Health Company for Medicaid Fraud,2025-01-13,Attorney General’s Office Announces Sentencing of  Las Vegas Couple and Behavioral Health Company for Medicaid Fraud,https://oig.hhs.gov/fraud/enforcement/attorney-generals-office-announces-sentencing-of-las-vegas-couple-and-behavioral-health-company-for-medicaid-fraud/
The United States And State Of North Carolina File False Claims Act Complaint Against Durable Medical Equipment Supplier,2025-01-13,The United States And State Of North Carolina File False Claims Act Complaint Against Durable Medical Equipment Supplier,https://oig.hhs.gov/fraud/enforcement/the-united-states-and-state-of-north-carolina-file-false-claims-act-complaint-against-durable-medical-equipment-supplier/
Edinburg Doctor And Son Guilty In Kickback Conspiracy,2025-01-13,Edinburg Doctor And Son Guilty In Kickback Conspiracy,https://oig.hhs.gov/fraud/enforcement/edinburg-doctor-and-son-guilty-in-kickback-conspiracy/
Army Veteran Sentenced to Federal Prison For Over Three-Quarter Million Dollar Benefit Fraud,2025-01-13,Army Veteran Sentenced to Federal Prison For Over Three-Quarter Million Dollar Benefit Fraud,https://oig.hhs.gov/fraud/enforcement/army-veteran-sentenced-to-federal-prison-for-over-three-quarter-million-dollar-benefit-fraud/
AG Nessel Reaches $19.85 Million Multistate Medicaid Fraud Settlement with Behavioral Health Facility,2025-01-14,AG Nessel Reaches $19.85 Million Multistate Medicaid Fraud Settlement with Behavioral Health Facility,https://oig.hhs.gov/fraud/enforcement/ag-nessel-reaches-1985-million-multistate-medicaid-fraud-settlement-with-behavioral-health-facility/
New Jersey Pharmacy Agrees to Resolve False Claims Act Allegations for Billing for Drugs Not Dispensed,2025-01-14,New Jersey Pharmacy Agrees to Resolve False Claims Act Allegations for Billing for Drugs Not Dispensed,https://oig.hhs.gov/fraud/enforcement/new-jersey-pharmacy-agrees-to-resolve-false-claims-act-allegations-for-billing-for-drugs-not-dispensed/
"Pacific Eye Institute Agreed to Pay $599,000 for Allegedly Violating the Civil Monetary Penalties Law by Submitting Claims for Services Not Provided as Claimed or Not Medically Necessary",2025-01-15,"Pacific Eye Institute Agreed to Pay $599,000 for Allegedly Violating the Civil Monetary Penalties Law by Submitting Claims for Services Not Provided as Claimed or Not Medically Necessary",https://oig.hhs.gov/fraud/enforcement/pacific-eye-institute-agreed-to-pay-599000-for-allegedly-violating-the-civil-monetary-penalties-law-by-submitting-claims-for-services-not-provided-as-claimed-or-not-medically-necessary/
Doctor Sentenced for $70M Medicare Fraud Scheme,2025-01-15,Doctor Sentenced for $70M Medicare Fraud Scheme,https://oig.hhs.gov/fraud/enforcement/doctor-sentenced-for-70m-medicare-fraud-scheme/
Oakton Doctor Pleads Guilty To Running Pill Mill,2025-01-15,Oakton Doctor Pleads Guilty To Running Pill Mill,https://oig.hhs.gov/fraud/enforcement/oakton-doctor-pleads-guilty-to-running-pill-mill/
Texas Hospital CEO Sentenced To Federal Prison For Role In Health Care Kickback Conspiracy,2025-01-15,Texas Hospital CEO Sentenced To Federal Prison For Role In Health Care Kickback Conspiracy,https://oig.hhs.gov/fraud/enforcement/texas-hospital-ceo-sentenced-to-federal-prison-for-role-in-health-care-kickback-conspiracy/
Two People Federally Charged With Stealing Millions Of Dollars From The Oglala Sioux Tribe,2025-01-15,Two People Federally Charged With Stealing Millions Of Dollars From The Oglala Sioux Tribe,https://oig.hhs.gov/fraud/enforcement/two-people-federally-charged-with-stealing-millions-of-dollars-from-the-oglala-sioux-tribe/
"CHARGES: Owner of Erie County Shared-Care Homes Neglected Residents, Falsified Paperwork, and Defrauded Medicaid",2025-01-16,"CHARGES: Owner of Erie County Shared-Care Homes Neglected Residents, Falsified Paperwork, and Defrauded Medicaid",https://oig.hhs.gov/fraud/enforcement/charges-owner-of-erie-county-shared-care-homes-neglected-residents-falsified-paperwork-and-defrauded-medicaid/
"Carr Reaches Settlement with Acadia Healthcare, Secures Over $1 Million for Georgia Medicaid Program",2025-01-16,"Carr Reaches Settlement with Acadia Healthcare, Secures Over $1 Million for Georgia Medicaid Program",https://oig.hhs.gov/fraud/enforcement/carr-reaches-settlement-with-acadia-healthcare-secures-over-1-million-for-georgia-medicaid-program/
Two Iowa Healthcare Practitioners Settle Allegations for False Submission of Claims to Federal Healthcare Programs in Telemedicine Scheme,2025-01-16,Two Iowa Healthcare Practitioners Settle Allegations for False Submission of Claims to Federal Healthcare Programs in Telemedicine Scheme,https://oig.hhs.gov/fraud/enforcement/two-iowa-healthcare-practitioners-settle-allegations-for-false-submission-of-claims-to-federal-healthcare-programs-in-telemedicine-scheme/
"City of Livingston Agreed to Pay $116,000 for Allegedly Violating the Civil Monetary Penalties Law by Submitting False Claims for Emergency Ambulance Services",2025-01-16,"City of Livingston Agreed to Pay $116,000 for Allegedly Violating the Civil Monetary Penalties Law by Submitting False Claims for Emergency Ambulance Services",https://oig.hhs.gov/fraud/enforcement/city-of-livingston-agreed-to-pay-116000-for-allegedly-violating-the-civil-monetary-penalties-law-by-submitting-false-claims-for-emergency-ambulance-services/
"Action Recovery Group Agreed to Pay $73,000 for Allegedly Violating the Civil Monetary Penalties Law by Employing an Excluded Individual",2025-01-16,"Action Recovery Group Agreed to Pay $73,000 for Allegedly Violating the Civil Monetary Penalties Law by Employing an Excluded Individual",https://oig.hhs.gov/fraud/enforcement/action-recovery-group-agreed-to-pay-73000-for-allegedly-violating-the-civil-monetary-penalties-law-by-employing-an-excluded-individual/
Justice Department Files Nationwide Lawsuit Alleging Walgreens Knowingly Filled Millions of Prescriptions that Lacked a Legitimate Medical Purpose,2025-01-17,Justice Department Files Nationwide Lawsuit Alleging Walgreens Knowingly Filled Millions of Prescriptions that Lacked a Legitimate Medical Purpose,https://oig.hhs.gov/fraud/enforcement/justice-department-files-nationwide-lawsuit-alleging-walgreens-knowingly-filled-millions-of-prescriptions-that-lacked-a-legitimate-medical-purpose/
Two Charged with Defrauding Connecticut’s Medicaid Program,2025-01-17,Two Charged with Defrauding Connecticut’s Medicaid Program,https://oig.hhs.gov/fraud/enforcement/two-charged-with-defrauding-connecticuts-medicaid-program/
"Health Care Plan Agrees to Pay Over $500,000 As Part of Self-Disclosure of Potential False Claims Act Violations",2025-01-17,"Health Care Plan Agrees to Pay Over $500,000 As Part of Self-Disclosure of Potential False Claims Act Violations",https://oig.hhs.gov/fraud/enforcement/health-care-plan-agrees-to-pay-over-500000-as-part-of-self-disclosure-of-potential-false-claims-act-violations/
Lascassas Woman Charged with Stealing from Vulnerable Adult,2025-01-17,Lascassas Woman Charged with Stealing from Vulnerable Adult,https://oig.hhs.gov/fraud/enforcement/lascassas-woman-charged-with-stealing-from-vulnerable-adult/
"BioReference Health and OPKO Health Agree to Pay $704,349 to Settle Allegations that they Billed the Government for Medically Unnecessary Blood Tests",2025-01-17,"BioReference Health and OPKO Health Agree to Pay $704,349 to Settle Allegations that they Billed the Government for Medically Unnecessary Blood Tests",https://oig.hhs.gov/fraud/enforcement/bioreference-health-and-opko-health-agree-to-pay-704349-to-settle-allegations-that-they-billed-the-government-for-medically-unnecessary-blood-tests/
"Attorney General Alan Wilson announces Lexington man charged with stealing more than $143,000 from vulnerable adult",2025-01-17,"Attorney General Alan Wilson announces Lexington man charged with stealing more than $143,000 from vulnerable adult",https://oig.hhs.gov/fraud/enforcement/attorney-general-alan-wilson-announces-lexington-man-charged-with-stealing-more-than-143000-from-vulnerable-adult/
Pharmacist Guilty In $110 Million Dollar Kickback Conspiracy,2025-01-17,Pharmacist Guilty In $110 Million Dollar Kickback Conspiracy,https://oig.hhs.gov/fraud/enforcement/pharmacist-guilty-in-110-million-dollar-kickback-conspiracy/
"C.R. Bard, Inc. and Affiliates Pay $17 Million to Resolve Allegations of Healthcare Kickbacks",2025-01-23,"C.R. Bard, Inc. and Affiliates Pay $17 Million to Resolve Allegations of Healthcare Kickbacks",https://oig.hhs.gov/fraud/enforcement/cr-bard-inc-and-affiliates-pay-17-million-to-resolve-allegations-of-healthcare-kickbacks/
Operator of Home Health Care Company Sentenced to 12 Years in Prison for Multimillion Dollar Health Care Fraud Scheme,2025-01-23,Operator of Home Health Care Company Sentenced to 12 Years in Prison for Multimillion Dollar Health Care Fraud Scheme,https://oig.hhs.gov/fraud/enforcement/operator-of-home-health-care-company-sentenced-to-12-years-in-prison-for-multimillion-dollar-health-care-fraud-scheme/
"Walnut Creek Nursing Center Agreed to Pay $243,000 for Allegedly Violating the Civil Monetary Penalties Law by Employing an Excluded Individual",2025-01-23,"Walnut Creek Nursing Center Agreed to Pay $243,000 for Allegedly Violating the Civil Monetary Penalties Law by Employing an Excluded Individual",https://oig.hhs.gov/fraud/enforcement/walnut-creek-nursing-center-agreed-to-pay-243000-for-allegedly-violating-the-civil-monetary-penalties-law-by-employing-an-excluded-individual/
"Wellstar Health System Agreed to Pay $468,000 for Allegedly Violating the Civil Monetary Penalties Law by Submitting Claims for Services Provided by an Unlicensed Individual",2025-01-24,"Wellstar Health System Agreed to Pay $468,000 for Allegedly Violating the Civil Monetary Penalties Law by Submitting Claims for Services Provided by an Unlicensed Individual",https://oig.hhs.gov/fraud/enforcement/wellstar-health-system-agreed-to-pay-468000-for-allegedly-violating-the-civil-monetary-penalties-law-by-submitting-claims-for-services-provided-by-an-unlicensed-individual/
Pfizer Agrees to Pay Nearly 60M to Resolve False Claims Allegations Relating to Improper Physician Payments by Subsidiary,2025-01-24,Pfizer Agrees to Pay Nearly 60M to Resolve False Claims Allegations Relating to Improper Physician Payments by Subsidiary,https://oig.hhs.gov/fraud/enforcement/pfizer-agrees-to-pay-nearly-60m-to-resolve-false-claims-allegations-relating-to-improper-physician-payments-by-subsidiary/
Corporation and Former Chief Executive Officer Plead Guilty to Health Care Fraud and Tax Conspiracy,2025-01-24,Corporation and Former Chief Executive Officer Plead Guilty to Health Care Fraud and Tax Conspiracy,https://oig.hhs.gov/fraud/enforcement/corporation-and-former-chief-executive-officer-plead-guilty-to-health-care-fraud-and-tax-conspiracy/
Madison Man Sentenced to 37 Months in Prison for Conspiracy to Defraud the United States,2025-01-24,Madison Man Sentenced to 37 Months in Prison for Conspiracy to Defraud the United States,https://oig.hhs.gov/fraud/enforcement/madison-man-sentenced-to-37-months-in-prison-for-conspiracy-to-defraud-the-united-states/
"Philadelphia Mental Health Clinic and Its Psychiatrist Owner Agree to Pay $900,000 to Resolve False Claims Act Lawsuit for Alleged Medicaid Fraud",2025-01-27,"Philadelphia Mental Health Clinic and Its Psychiatrist Owner Agree to Pay $900,000 to Resolve False Claims Act Lawsuit for Alleged Medicaid Fraud",https://oig.hhs.gov/fraud/enforcement/philadelphia-mental-health-clinic-and-its-psychiatrist-owner-agree-to-pay-900000-to-resolve-false-claims-act-lawsuit-for-alleged-medicaid-fraud/
Florida Attorney General’s Office’s Medicaid Fraud Control Unit Secures More Than $2.2 Million for Florida Medicaid from Inpatient Behavioral Health Company,2025-01-27,Florida Attorney General’s Office’s Medicaid Fraud Control Unit Secures More Than $2.2 Million for Florida Medicaid from Inpatient Behavioral Health Company,https://oig.hhs.gov/fraud/enforcement/florida-attorney-generals-offices-medicaid-fraud-control-unit-secures-more-than-22-million-for-florida-medicaid-from-inpatient-behavioral-health-company/
Greenfield Man Sentenced to 15 Months’ Imprisonment for Paying Healthcare Kickbacks,2025-01-27,Greenfield Man Sentenced to 15 Months’ Imprisonment for Paying Healthcare Kickbacks,https://oig.hhs.gov/fraud/enforcement/greenfield-man-sentenced-to-15-months-imprisonment-for-paying-healthcare-kickbacks/
"Greensboro Laboratory and Owner Agree to Pay $850,000 to Resolve Allegations of False Claims for Urine Drug Testing",2025-01-28,"Greensboro Laboratory and Owner Agree to Pay $850,000 to Resolve Allegations of False Claims for Urine Drug Testing",https://oig.hhs.gov/fraud/enforcement/greensboro-laboratory-and-owner-agree-to-pay-850000-to-resolve-allegations-of-false-claims-for-urine-drug-testing/
Woman Sentenced for Fraud Scheme Involving Claims for Unnecessary Respiratory Tests Submitted with COVID-19 Tests,2025-01-28,Woman Sentenced for Fraud Scheme Involving Claims for Unnecessary Respiratory Tests Submitted with COVID-19 Tests,https://oig.hhs.gov/fraud/enforcement/woman-sentenced-for-fraud-scheme-involving-claims-for-unnecessary-respiratory-tests-submitted-with-covid-19-tests/
"Attorney General Raoul Charges Former Community-Based Home Caregiver With Abuse, Neglect Of Elderly Patient",2025-01-29,"Attorney General Raoul Charges Former Community-Based Home Caregiver With Abuse, Neglect Of Elderly Patient",https://oig.hhs.gov/fraud/enforcement/attorney-general-raoul-charges-former-community-based-home-caregiver-with-abuse-neglect-of-elderly-patient/
Attorney General Labrador Announces Settlement in Medicaid Fraud Case,2025-01-29,Attorney General Labrador Announces Settlement in Medicaid Fraud Case,https://oig.hhs.gov/fraud/enforcement/attorney-general-labrador-announces-settlement-in-medicaid-fraud-case/
Waterford Woman Sentenced to 2 Years in Prison for Stealing from Addiction and Mental Health Services Nonprofit,2025-01-29,Waterford Woman Sentenced to 2 Years in Prison for Stealing from Addiction and Mental Health Services Nonprofit,https://oig.hhs.gov/fraud/enforcement/waterford-woman-sentenced-to-2-years-in-prison-for-stealing-from-addiction-and-mental-health-services-nonprofit/
"Attorney General Alan Wilson announces Anderson man charged with stealing almost $120,000 from vulnerable adult",2025-01-31,"Attorney General Alan Wilson announces Anderson man charged with stealing almost $120,000 from vulnerable adult",https://oig.hhs.gov/fraud/enforcement/attorney-general-alan-wilson-announces-anderson-man-charged-with-stealing-almost-120000-from-vulnerable-adult/
Springfield Medicaid Consultant Pleads Guilty To Stealing From Elderly Nursing Home Victims,2025-01-31,Springfield Medicaid Consultant Pleads Guilty To Stealing From Elderly Nursing Home Victims,https://oig.hhs.gov/fraud/enforcement/springfield-medicaid-consultant-pleads-guilty-to-stealing-from-elderly-nursing-home-victims/
Arizona Couple Pleads Guilty to $1.2B Health Care Fraud,2025-01-31,Arizona Couple Pleads Guilty to $1.2B Health Care Fraud,https://oig.hhs.gov/fraud/enforcement/arizona-couple-pleads-guilty-to-12b-health-care-fraud/
LiveCare Inc. Agrees To Pay Up To $4.9 Million To Resolve False Claims Act Allegations,2025-01-31,LiveCare Inc. Agrees To Pay Up To $4.9 Million To Resolve False Claims Act Allegations,https://oig.hhs.gov/fraud/enforcement/livecare-inc-agrees-to-pay-up-to-49-million-to-resolve-false-claims-act-allegations/
AG Nessel Secures $59.7 Million Settlement Over Kickback Allegations Against Pfizer Subsidiary,2025-02-03,AG Nessel Secures $59.7 Million Settlement Over Kickback Allegations Against Pfizer Subsidiary,https://oig.hhs.gov/fraud/enforcement/ag-nessel-secures-597-million-settlement-over-kickback-allegations-against-pfizer-subsidiary/
AG Campbell Secures $1.4 Million for MassHealth Over Kickback Allegations Against National Pharmaceutical Company,2025-02-03,AG Campbell Secures $1.4 Million for MassHealth Over Kickback Allegations Against National Pharmaceutical Company,https://oig.hhs.gov/fraud/enforcement/ag-campbell-secures-14-million-for-masshealth-over-kickback-allegations-against-national-pharmaceutical-company/
Man Pleads Guilty in Connection with $17M Medicare Hospice Fraud and Home Health Care Fraud Schemes,2025-02-03,Man Pleads Guilty in Connection with $17M Medicare Hospice Fraud and Home Health Care Fraud Schemes,https://oig.hhs.gov/fraud/enforcement/man-pleads-guilty-in-connection-with-17m-medicare-hospice-fraud-and-home-health-care-fraud-schemes/
"Attorney General Bonta Announces Nearly $60 Million Settlement Against Pfizer-Owned Pharmaceutical Holding Company, Biohaven",2025-02-03,"Attorney General Bonta Announces Nearly $60 Million Settlement Against Pfizer-Owned Pharmaceutical Holding Company, Biohaven",https://oig.hhs.gov/fraud/enforcement/attorney-general-bonta-announces-nearly-60-million-settlement-against-pfizer-owned-pharmaceutical-holding-company-biohaven/
Hartford Substance Abuse Counselor Sentenced to 27 Months in Prison for Health Care Fraud Schemes,2025-02-03,Hartford Substance Abuse Counselor Sentenced to 27 Months in Prison for Health Care Fraud Schemes,https://oig.hhs.gov/fraud/enforcement/hartford-substance-abuse-counselor-sentenced-to-27-months-in-prison-for-health-care-fraud-schemes/
Pharmacy LLC Agrees To Resolve False Claims Act Allegations Of Billing For Drugs Not Dispensed,2025-02-04,Pharmacy LLC Agrees To Resolve False Claims Act Allegations Of Billing For Drugs Not Dispensed,https://oig.hhs.gov/fraud/enforcement/pharmacy-llc-agrees-to-resolve-false-claims-act-allegations-of-billing-for-drugs-not-dispensed/
AG's Office Secures Guilty Plea From Stoughton Man For Prescription Fraud And Illegal Distribution Scheme,2025-02-04,AG's Office Secures Guilty Plea From Stoughton Man For Prescription Fraud And Illegal Distribution Scheme,https://oig.hhs.gov/fraud/enforcement/ags-office-secures-guilty-plea-from-stoughton-man-for-prescription-fraud-and-illegal-distribution-scheme/
"Clinical Pathology Laboratories Agreed to Pay $352,000 for Allegedly Violating the Civil Monetary Penalties Law by Employing an Excluded Individual",2025-02-04,"Clinical Pathology Laboratories Agreed to Pay $352,000 for Allegedly Violating the Civil Monetary Penalties Law by Employing an Excluded Individual",https://oig.hhs.gov/fraud/enforcement/clinical-pathology-laboratories-agreed-to-pay-352000-for-allegedly-violating-the-civil-monetary-penalties-law-by-employing-an-excluded-individual/
Man Pleads Guilty to Conspiracy to Launder Money in Connection with $100 Million Health Care Fraud Scheme,2025-02-04,Man Pleads Guilty to Conspiracy to Launder Money in Connection with $100 Million Health Care Fraud Scheme,https://oig.hhs.gov/fraud/enforcement/man-pleads-guilty-to-conspiracy-to-launder-money-in-connection-with-100-million-health-care-fraud-scheme/
Florida Attorney General’s Office Secures More Than $2.3 Million in Multistate Action from Pfizer-Owned Biohaven Pharmaceutical Company,2025-02-05,Florida Attorney General’s Office Secures More Than $2.3 Million in Multistate Action from Pfizer-Owned Biohaven Pharmaceutical Company,https://oig.hhs.gov/fraud/enforcement/florida-attorney-generals-office-secures-more-than-23-million-in-multistate-action-from-pfizer-owned-biohaven-pharmaceutical-company/
"Pain Medical Associates Agreed to Pay $33,000 for Allegedly Violating the Civil Monetary Penalties Law by Submitting Claims for Incident-to Services Without Proper Supervision",2025-02-05,"Pain Medical Associates Agreed to Pay $33,000 for Allegedly Violating the Civil Monetary Penalties Law by Submitting Claims for Incident-to Services Without Proper Supervision",https://oig.hhs.gov/fraud/enforcement/pain-medical-associates-agreed-to-pay-33000-for-allegedly-violating-the-civil-monetary-penalties-law-by-submitting-claims-for-incident-to-services-without-proper-supervision/
Attorney General James Secures Prison Sentence for Serial Health Care Fraudster,2025-02-05,Attorney General James Secures Prison Sentence for Serial Health Care Fraudster,https://oig.hhs.gov/fraud/enforcement/attorney-general-james-secures-prison-sentence-for-serial-health-care-fraudster/
Attorney General Bonta: Owner of Santa Cruz Residential Care Home Arrested for Elder Abuse,2025-02-05,Attorney General Bonta: Owner of Santa Cruz Residential Care Home Arrested for Elder Abuse,https://oig.hhs.gov/fraud/enforcement/attorney-general-bonta-owner-of-santa-cruz-residential-care-home-arrested-for-elder-abuse/
"Florida Attorney General’s Office Secures More Than $350,000 for Florida Medicaid from Pharmaceutical Company Over Kickback Allegations",2025-02-06,"Florida Attorney General’s Office Secures More Than $350,000 for Florida Medicaid from Pharmaceutical Company Over Kickback Allegations",https://oig.hhs.gov/fraud/enforcement/florida-attorney-generals-office-secures-more-than-350000-for-florida-medicaid-from-pharmaceutical-company-over-kickback-allegations/
Louisiana Doctor Sentenced for Illegally Distributing Over 1.8M Doses of Opioids in $5.4M Health Care Fraud Scheme,2025-02-06,Louisiana Doctor Sentenced for Illegally Distributing Over 1.8M Doses of Opioids in $5.4M Health Care Fraud Scheme,https://oig.hhs.gov/fraud/enforcement/louisiana-doctor-sentenced-for-illegally-distributing-over-18m-doses-of-opioids-in-54m-health-care-fraud-scheme/
"Four Pharmacists Sentenced for Roles in $13M Medicare, Medicaid, and Private Insurer Fraud Conspiracy",2025-02-06,"Four Pharmacists Sentenced for Roles in $13M Medicare, Medicaid, and Private Insurer Fraud Conspiracy",https://oig.hhs.gov/fraud/enforcement/four-pharmacists-sentenced-for-roles-in-13m-medicare-medicaid-and-private-insurer-fraud-conspiracy/
"Glens Falls Hospital Agreed to Pay $204,000 for Allegedly Violating the Civil Monetary Penalties Law by Submitting Claims for Services that Did Not Meet Coverage Requirements",2025-02-07,"Glens Falls Hospital Agreed to Pay $204,000 for Allegedly Violating the Civil Monetary Penalties Law by Submitting Claims for Services that Did Not Meet Coverage Requirements",https://oig.hhs.gov/fraud/enforcement/glens-falls-hospital-agreed-to-pay-204000-for-allegedly-violating-the-civil-monetary-penalties-law-by-submitting-claims-for-services-that-did-not-meet-coverage-requirements/
Attorney General Marshall Announces the Conviction of Former Birmingham Nurse for Theft of Opioid Tablets,2025-02-11,Attorney General Marshall Announces the Conviction of Former Birmingham Nurse for Theft of Opioid Tablets,https://oig.hhs.gov/fraud/enforcement/attorney-general-marshall-announces-the-conviction-of-former-birmingham-nurse-for-theft-of-opioid-tablets/
Doctor Convicted of $24M Medicare Fraud Scheme,2025-02-11,Doctor Convicted of $24M Medicare Fraud Scheme,https://oig.hhs.gov/fraud/enforcement/doctor-convicted-of-24m-medicare-fraud-scheme/
AG Fitch Announces Settlement in Medicaid Fraud Case,2025-02-12,AG Fitch Announces Settlement in Medicaid Fraud Case,https://oig.hhs.gov/fraud/enforcement/ag-fitch-announces-settlement-in-medicaid-fraud-case/
Two Pharmacists Convicted for Illegal Distribution of Oxycodone,2025-02-12,Two Pharmacists Convicted for Illegal Distribution of Oxycodone,https://oig.hhs.gov/fraud/enforcement/two-pharmacists-convicted-for-illegal-distribution-of-oxycodone/
"York County Couple — Exercising Power of Attorney and Primary Caregiving Responsibilities — Charged with Neglect, Financial Exploitation of Elderly Woman",2025-02-14,"York County Couple — Exercising Power of Attorney and Primary Caregiving Responsibilities — Charged with Neglect, Financial Exploitation of Elderly Woman",https://oig.hhs.gov/fraud/enforcement/york-county-couple-exercising-power-of-attorney-and-primary-caregiving-responsibilities-charged-with-neglect-financial-exploitation-of-elderly-woman/
Carbon County Man Pleads No Contest to Posing as Medical Professional to Prescribe Medications and Provide Care to Obtain Insurance Reimbursements,2025-02-14,Carbon County Man Pleads No Contest to Posing as Medical Professional to Prescribe Medications and Provide Care to Obtain Insurance Reimbursements,https://oig.hhs.gov/fraud/enforcement/carbon-county-man-pleads-no-contest-to-posing-as-medical-professional-to-prescribe-medications-and-provide-care-to-obtain-insurance-reimbursements/
Med One Mobile and Gregory Wireman Agreed to Be Excluded for 5 Years for Submitting Claims for Medically Unnecessary Ambulance Transportation Services,2025-02-14,Med One Mobile and Gregory Wireman Agreed to Be Excluded for 5 Years for Submitting Claims for Medically Unnecessary Ambulance Transportation Services,https://oig.hhs.gov/fraud/enforcement/med-one-mobile-and-gregory-wireman-agreed-to-be-excluded-for-5-years-for-submitting-claims-for-medically-unnecessary-ambulance-transportation-services/
Suburban Chicago Man Sentenced To More Than Five Years In Prison For $1.5 Million COVID-Relief Fraud,2025-02-19,Suburban Chicago Man Sentenced To More Than Five Years In Prison For $1.5 Million COVID-Relief Fraud,https://oig.hhs.gov/fraud/enforcement/suburban-chicago-man-sentenced-to-more-than-five-years-in-prison-for-15-million-covid-relief-fraud/
President of Insurance Brokerage Firm and CEO of Marketing Company Charged in $161M Affordable Care Act Enrollment Fraud Scheme,2025-02-19,President of Insurance Brokerage Firm and CEO of Marketing Company Charged in $161M Affordable Care Act Enrollment Fraud Scheme,https://oig.hhs.gov/fraud/enforcement/president-of-insurance-brokerage-firm-and-ceo-of-marketing-company-charged-in-161m-affordable-care-act-enrollment-fraud-scheme/
St. Louis Area Doctor Sentenced for Health Care Fraud,2025-02-19,St. Louis Area Doctor Sentenced for Health Care Fraud,https://oig.hhs.gov/fraud/enforcement/st-louis-area-doctor-sentenced-for-health-care-fraud/
"South Pacific Rehabilitation Services Agreed to Pay $201,000 for Allegedly Violating the Civil Monetary Penalties Law by Employing an Excluded Individual",2025-02-20,"South Pacific Rehabilitation Services Agreed to Pay $201,000 for Allegedly Violating the Civil Monetary Penalties Law by Employing an Excluded Individual",https://oig.hhs.gov/fraud/enforcement/south-pacific-rehabilitation-services-agreed-to-pay-201000-for-allegedly-violating-the-civil-monetary-penalties-law-by-employing-an-excluded-individual/
Vice President of Health Care Software and Services Company Pleads Guilty to $1B Health Care Fraud Conspiracy,2025-02-20,Vice President of Health Care Software and Services Company Pleads Guilty to $1B Health Care Fraud Conspiracy,https://oig.hhs.gov/fraud/enforcement/vice-president-of-health-care-software-and-services-company-pleads-guilty-to-1b-health-care-fraud-conspiracy/
"Former Taney County Official Pleads Guilty to Stealing $260,000",2025-02-20,"Former Taney County Official Pleads Guilty to Stealing $260,000",https://oig.hhs.gov/fraud/enforcement/former-taney-county-official-pleads-guilty-to-stealing-260000/
Columbia Physician Pleads Guilty to False Statements to Medicare,2025-02-20,Columbia Physician Pleads Guilty to False Statements to Medicare,https://oig.hhs.gov/fraud/enforcement/columbia-physician-pleads-guilty-to-false-statements-to-medicare/
Law Enforcement Seizes Range Rover and Over $4 Million in Health Care Fraud Proceeds from Miami Couple Charged with Health Care Fraud and Money Laundering Conspiracies,2025-02-20,Law Enforcement Seizes Range Rover and Over $4 Million in Health Care Fraud Proceeds from Miami Couple Charged with Health Care Fraud and Money Laundering Conspiracies,https://oig.hhs.gov/fraud/enforcement/law-enforcement-seizes-range-rover-and-over-4-million-in-health-care-fraud-proceeds-from-miami-couple-charged-with-health-care-fraud-and-money-laundering-conspiracies/
Owner of Durable Medical Equipment Companies Charged in Nearly $30 Million Fraud Scheme,2025-02-20,Owner of Durable Medical Equipment Companies Charged in Nearly $30 Million Fraud Scheme,https://oig.hhs.gov/fraud/enforcement/owner-of-durable-medical-equipment-companies-charged-in-nearly-30-million-fraud-scheme/
"Baptist Medical Center South Agreed to Pay $290,000 for Allegedly Violating Patient Dumping Statute by Failing to Provide Appropriate Medical Screening Examinations and Stabilizing Treatment",2025-02-20,"Baptist Medical Center South Agreed to Pay $290,000 for Allegedly Violating Patient Dumping Statute by Failing to Provide Appropriate Medical Screening Examinations and Stabilizing Treatment",https://oig.hhs.gov/fraud/enforcement/baptist-medical-center-south-agreed-to-pay-290000-for-allegedly-violating-patient-dumping-statute-by-failing-to-provide-appropriate-medical-screening-examinations-and-stabilizing-treatment/
Arizona Man Charged With Conspiracy To Commit Bank Fraud And Theft Of $1 Million In Federal Grants For HIV Programs,2025-02-21,Arizona Man Charged With Conspiracy To Commit Bank Fraud And Theft Of $1 Million In Federal Grants For HIV Programs,https://oig.hhs.gov/fraud/enforcement/arizona-man-charged-with-conspiracy-to-commit-bank-fraud-and-theft-of-1-million-in-federal-grants-for-hiv-programs/
"Ohio doctor agrees to pay $600,000 to settle False Claims Act allegations",2025-02-21,"Ohio doctor agrees to pay $600,000 to settle False Claims Act allegations",https://oig.hhs.gov/fraud/enforcement/ohio-doctor-agrees-to-pay-600000-to-settle-false-claims-act-allegations/
Saad Healthcare Agrees to Pay $3M to Settle False Claims Act Allegations That It Billed Medicare for Ineligible Hospice Patients,2025-02-21,Saad Healthcare Agrees to Pay $3M to Settle False Claims Act Allegations That It Billed Medicare for Ineligible Hospice Patients,https://oig.hhs.gov/fraud/enforcement/saad-healthcare-agrees-to-pay-3m-to-settle-false-claims-act-allegations-that-it-billed-medicare-for-ineligible-hospice-patients/
"Eureka Chiropractor Convicted of Defrauding Medicare, Insurance Companies Out of More Than $1.5 Million",2025-02-24,"Eureka Chiropractor Convicted of Defrauding Medicare, Insurance Companies Out of More Than $1.5 Million",https://oig.hhs.gov/fraud/enforcement/eureka-chiropractor-convicted-of-defrauding-medicare-insurance-companies-out-of-more-than-15-million/
"Benedictine Living Community Crookston Agreed to Pay $247,000 for Allegedly Violating the Civil Monetary Penalties Law by Employing an Excluded Individual",2025-02-24,"Benedictine Living Community Crookston Agreed to Pay $247,000 for Allegedly Violating the Civil Monetary Penalties Law by Employing an Excluded Individual",https://oig.hhs.gov/fraud/enforcement/benedictine-living-community-crookston-agreed-to-pay-247000-for-allegedly-violating-the-civil-monetary-penalties-law-by-employing-an-excluded-individual/
North Haven Counselor Sentenced to More Than 3 Years in Federal Prison for Defrauding Medicaid of More Than $1.6 Million,2025-02-24,North Haven Counselor Sentenced to More Than 3 Years in Federal Prison for Defrauding Medicaid of More Than $1.6 Million,https://oig.hhs.gov/fraud/enforcement/north-haven-counselor-sentenced-to-more-than-3-years-in-federal-prison-for-defrauding-medicaid-of-more-than-16-million/
Pittsford Resident Arraigned for Neglect of a Vulnerable Adult and Medicaid Fraud,2025-02-25,Pittsford Resident Arraigned for Neglect of a Vulnerable Adult and Medicaid Fraud,https://oig.hhs.gov/fraud/enforcement/pittsford-resident-arraigned-for-neglect-of-a-vulnerable-adult-and-medicaid-fraud/
"Jeffersonville Resident Sentenced For Medicaid Fraud, Driving Under The Influence, And Abuse Of A Vulnerable Adult",2025-02-25,"Jeffersonville Resident Sentenced For Medicaid Fraud, Driving Under The Influence, And Abuse Of A Vulnerable Adult",https://oig.hhs.gov/fraud/enforcement/attorney-general-james-announces-guilty-verdict-of-physician-who-subjected-patients-to-unnecessary-and-invasive-tests-1/
Lab Operator Convicted of $4M Medicare Fraud Scheme,2025-02-25,Lab Operator Convicted of $4M Medicare Fraud Scheme,https://oig.hhs.gov/fraud/enforcement/lab-operator-convicted-of-4m-medicare-fraud-scheme/
Danville Woman Pleads Guilty to Health Care Fraud,2025-02-25,Danville Woman Pleads Guilty to Health Care Fraud,https://oig.hhs.gov/fraud/enforcement/danville-woman-pleads-guilty-to-health-care-fraud/
"United States Sues Skilled Nursing Company, Executives and Consultant for Fraudulent Billing",2025-02-25,"United States Sues Skilled Nursing Company, Executives and Consultant for Fraudulent Billing",https://oig.hhs.gov/fraud/enforcement/united-states-sues-skilled-nursing-company-executives-and-consultant-for-fraudulent-billing/
National Sales Director for New York-Based Mobile Diagnostic Company Charged in Kickback Scheme,2025-02-25,National Sales Director for New York-Based Mobile Diagnostic Company Charged in Kickback Scheme,https://oig.hhs.gov/fraud/enforcement/national-sales-director-for-new-york-based-mobile-diagnostic-company-charged-in-kickback-scheme/
Woman Previously Convicted of Fraud and Identity Theft Offenses Sentenced to Additional Prison Time for Violating Supervised Release Conditions,2025-02-26,Woman Previously Convicted of Fraud and Identity Theft Offenses Sentenced to Additional Prison Time for Violating Supervised Release Conditions,https://oig.hhs.gov/fraud/enforcement/woman-previously-convicted-of-fraud-and-identity-theft-offenses-sentenced-to-additional-prison-time-for-violating-supervised-release-conditions/
"Ascension Resurrection Agreed to Pay $133,420 for Allegedly Violating Patient Dumping Statute by Failing to Provide Appropriate Medical Screening Examination",2025-02-26,"Ascension Resurrection Agreed to Pay $133,420 for Allegedly Violating Patient Dumping Statute by Failing to Provide Appropriate Medical Screening Examination",https://oig.hhs.gov/fraud/enforcement/ascension-resurrection-agreed-to-pay-133420-for-allegedly-violating-patient-dumping-statute-by-failing-to-provide-appropriate-medical-screening-examination/
Former Director of Tuscola County Peer Center Charged with Embezzling from Center,2025-02-26,Former Director of Tuscola County Peer Center Charged with Embezzling from Center,https://oig.hhs.gov/fraud/enforcement/former-director-of-tuscola-county-peer-center-charged-with-embezzling-from-center/
"Essex County Man Convicted, Sentenced After Trial For Submitting False MassHealth Claims For Autism Behavioral Health Treatment",2025-02-26,"Essex County Man Convicted, Sentenced After Trial For Submitting False MassHealth Claims For Autism Behavioral Health Treatment",https://oig.hhs.gov/fraud/enforcement/essex-county-man-convicted-sentenced-after-trial-for-submitting-false-masshealth-claims-for-autism-behavioral-health-treatment/
"Community Health Care Solutions, LLC and the Estate of Yolanda Burnom Agree to Pay $4.6 Million in Medicaid Fraud Lawsuit",2025-02-27,"Community Health Care Solutions, LLC and the Estate of Yolanda Burnom Agree to Pay $4.6 Million in Medicaid Fraud Lawsuit",https://oig.hhs.gov/fraud/enforcement/community-health-care-solutions-llc-and-the-estate-of-yolanda-burnom-agree-to-pay-46-million-in-medicaid-fraud-lawsuit/
"Acting United States Attorney Fondren Announces Federal Indictment Against Gynecologist for Sexually Abusing Patients, Adulterating Medical Devices for Reuse on Patients, and Healthcare Fraud",2025-02-28,"Acting United States Attorney Fondren Announces Federal Indictment Against Gynecologist for Sexually Abusing Patients, Adulterating Medical Devices for Reuse on Patients, and Healthcare Fraud",https://oig.hhs.gov/fraud/enforcement/acting-united-states-attorney-fondren-announces-federal-indictment-against-gynecologist-for-sexually-abusing-patients-adulterating-medical-devices-for-reuse-on-patients-and-healthcare-fraud/
Owner of Oahu Physical Therapy Clinic Sentenced to 9 Months in Federal Prison for Health Care Fraud,2025-02-28,Owner of Oahu Physical Therapy Clinic Sentenced to 9 Months in Federal Prison for Health Care Fraud,https://oig.hhs.gov/fraud/enforcement/owner-of-oahu-physical-therapy-clinic-sentenced-to-9-months-in-federal-prison-for-health-care-fraud/
Attorney General Coleman Announces Medicaid Felony Indictments For Five In Louisville,2025-03-03,Attorney General Coleman Announces Medicaid Felony Indictments For Five In Louisville,https://oig.hhs.gov/fraud/enforcement/attorney-general-coleman-announces-medicaid-felony-indictments-for-five-in-louisville/
Attorney General Ken Paxton’s Investigation Leads To 10-Year Prison Sentence And Over $26 Million In Restitution For Texas Doctor,2025-03-03,Attorney General Ken Paxton’s Investigation Leads To 10-Year Prison Sentence And Over $26 Million In Restitution For Texas Doctor,https://oig.hhs.gov/fraud/enforcement/attorney-general-ken-paxtons-investigation-leads-to-10-year-prison-sentence-and-over-26-million-in-restitution-for-texas-doctor/
"Friendly Medical Transport Agreed to Pay $119,000 for Allegedly Violating the Civil Monetary Penalties Law by Submitting Claims for Mileage Greater Than Provided",2025-03-03,"Friendly Medical Transport Agreed to Pay $119,000 for Allegedly Violating the Civil Monetary Penalties Law by Submitting Claims for Mileage Greater Than Provided",https://oig.hhs.gov/fraud/enforcement/friendly-medical-transport-agreed-to-pay-119000-for-allegedly-violating-the-civil-monetary-penalties-law-by-submitting-claims-for-mileage-greater-than-provided/
Harrisburg Woman Sentenced To 41 Months in Prison for Health Care Fraud And Bank Fraud Charges,2025-03-03,Harrisburg Woman Sentenced To 41 Months in Prison for Health Care Fraud And Bank Fraud Charges,https://oig.hhs.gov/fraud/enforcement/harrisburg-woman-sentenced-to-41-months-in-prison-for-health-care-fraud-and-bank-fraud-charges/
Walgreens Agrees To Pay Nearly $98 Million To Resolve Allegations It Billed The Government For Uncollected Prescriptions,2025-03-04,Walgreens Agrees To Pay Nearly $98 Million To Resolve Allegations It Billed The Government For Uncollected Prescriptions,https://oig.hhs.gov/fraud/enforcement/walgreens-agrees-to-pay-nearly-98-million-to-resolve-allegations-it-billed-the-government-for-uncollected-prescriptions/
Madison County Man Faces Charges Of Financial Exploitation Of Vulnerable Adults,2025-03-04,Madison County Man Faces Charges Of Financial Exploitation Of Vulnerable Adults,https://oig.hhs.gov/fraud/enforcement/madison-county-man-faces-charges-of-financial-exploitation-of-vulnerable-adults/
Attorney General Alan Wilson Announces Former Assisted Living Facility Employee Sent To Prison For Stealing From Resident,2025-03-04,Attorney General Alan Wilson Announces Former Assisted Living Facility Employee Sent To Prison For Stealing From Resident,https://oig.hhs.gov/fraud/enforcement/attorney-general-alan-wilson-announces-former-assisted-living-facility-employee-sent-to-prison-for-stealing-from-resident/
Parkville Woman Pleads Guilty To Over $3.6 Million In Medicaid Fraud,2025-03-04,Parkville Woman Pleads Guilty To Over $3.6 Million In Medicaid Fraud,https://oig.hhs.gov/fraud/enforcement/parkville-woman-pleads-guilty-to-over-36-million-in-medicaid-fraud/
"Addiction Treatment Center Supervisor Sentenced in Scheme to Defraud Federal, State, and Private Health Care Insurers",2025-03-05,"Addiction Treatment Center Supervisor Sentenced in Scheme to Defraud Federal, State, and Private Health Care Insurers",https://oig.hhs.gov/fraud/enforcement/addiction-treatment-center-supervisor-sentenced-in-scheme-to-defraud-federal-state-and-private-health-care-insurers/
The New Mexico Department Of Justice Charges Nancy Marshall With 18 Felony Counts Related To Fraudulent Medicaid Claims Totaling Nearly $1 Million,2025-03-05,The New Mexico Department Of Justice Charges Nancy Marshall With 18 Felony Counts Related To Fraudulent Medicaid Claims Totaling Nearly $1 Million,https://oig.hhs.gov/fraud/enforcement/the-new-mexico-department-of-justice-charges-nancy-marshall-with-18-felony-counts-related-to-fraudulent-medicaid-claims-totaling-nearly-1-million/
Buffalo Business Owner Sentenced For Medicaid Fraud,2025-03-05,Buffalo Business Owner Sentenced For Medicaid Fraud,https://oig.hhs.gov/fraud/enforcement/buffalo-business-owner-sentenced-for-medicaid-fraud/
"Lake Charles Physician, Wife, And Clinic Agree To Pay Medicare For Improper Billing Related To Implanted Neurostimulators",2025-03-06,"Lake Charles Physician, Wife, And Clinic Agree To Pay Medicare For Improper Billing Related To Implanted Neurostimulators",https://oig.hhs.gov/fraud/enforcement/lake-charles-physician-wife-and-clinic-agree-to-pay-medicare-for-improper-billing-related-to-implanted-neurostimulators/
"Alex De Jesus, MD Was Excluded for Defaulting on Payment Obligations",2025-03-06,"Alex De Jesus, MD Was Excluded for Defaulting on Payment Obligations",https://oig.hhs.gov/fraud/enforcement/alex-de-jesus-md-was-excluded-for-defaulting-on-payment-obligations/
Health Care Providers And Laboratory Marketers Agree To Pay Over $1.9 Million To Settle Kickback Allegations,2025-03-06,Health Care Providers And Laboratory Marketers Agree To Pay Over $1.9 Million To Settle Kickback Allegations,https://oig.hhs.gov/fraud/enforcement/health-care-providers-and-laboratory-marketers-agree-to-pay-over-19-million-to-settle-kickback-allegations/
Medical Billing Company Owner Sentenced For Health Care Fraud,2025-03-06,Medical Billing Company Owner Sentenced For Health Care Fraud,https://oig.hhs.gov/fraud/enforcement/medical-billing-company-owner-sentenced-for-health-care-fraud/
Owner Of Marketing Companies And DME Company Convicted For Role In $100 Million Scheme To Defraud Medicare And Other Insurers And To Violate The Anti-Kickback Statute,2025-03-06,Owner Of Marketing Companies And DME Company Convicted For Role In $100 Million Scheme To Defraud Medicare And Other Insurers And To Violate The Anti-Kickback Statute,https://oig.hhs.gov/fraud/enforcement/owner-of-marketing-companies-and-dme-company-convicted-for-role-in-100-million-scheme-to-defraud-medicare-and-other-insurers-and-to-violate-the-anti-kickback-statute/
Attorney General Ken Paxton Secures $40 Million For Texas Following Medicaid Fraud Investigation Of Molina Healthcare,2025-03-07,Attorney General Ken Paxton Secures $40 Million For Texas Following Medicaid Fraud Investigation Of Molina Healthcare,https://oig.hhs.gov/fraud/enforcement/attorney-general-ken-paxton-secures-40-million-for-texas-following-medicaid-fraud-investigation-of-molina-healthcare/
"Clinton Woman Indicted, Accused Of Abusing Vulnerable Adult",2025-03-10,"Clinton Woman Indicted, Accused Of Abusing Vulnerable Adult",https://oig.hhs.gov/fraud/enforcement/clinton-woman-indicted-accused-of-abusing-vulnerable-adult/
"Doctor Agrees To Pay $468,000 To Settle Civil False Claims Act Allegations",2025-03-10,"Doctor Agrees To Pay $468,000 To Settle Civil False Claims Act Allegations",https://oig.hhs.gov/fraud/enforcement/doctor-agrees-to-pay-468000-to-settle-civil-false-claims-act-allegations/
Baton Rouge Man Falsely Holding Himself As A Medical Doctor Pleads Guilty To False Statements Relating To Health Care Matters,2025-03-10,Baton Rouge Man Falsely Holding Himself As A Medical Doctor Pleads Guilty To False Statements Relating To Health Care Matters,https://oig.hhs.gov/fraud/enforcement/baton-rouge-man-falsely-holding-himself-as-a-medical-doctor-pleads-guilty-to-false-statements-relating-to-health-care-matters/
Slidell Doctor Charged With Health Care Fraud,2025-03-11,Slidell Doctor Charged With Health Care Fraud,https://oig.hhs.gov/fraud/enforcement/slidell-doctor-charged-with-health-care-fraud/
Three Former Executives for Magellan Diagnostics Plead Guilty to False Statements and FDCA Violations,2025-03-11,Three Former Executives for Magellan Diagnostics Plead Guilty to False Statements and FDCA Violations,https://oig.hhs.gov/fraud/enforcement/three-former-executives-for-magellan-diagnostics-plead-guilty-to-false-statements-and-fdca-violations/
"Apria Agreed to pay $75,000 for Allegedly Violating the Civil Monetary Penalties Law by Employing an Excluded Individual",2025-03-11,"Apria Agreed to pay $75,000 for Allegedly Violating the Civil Monetary Penalties Law by Employing an Excluded Individual",https://oig.hhs.gov/fraud/enforcement/apria-agreed-to-pay-75000-for-allegedly-violating-the-civil-monetary-penalties-law-by-employing-an-excluded-individual/
Hampton Man Sentenced To Over Nine Years In Prison For Defrauding Virginia Medicaid And Virginia Unemployment,2025-03-12,Hampton Man Sentenced To Over Nine Years In Prison For Defrauding Virginia Medicaid And Virginia Unemployment,https://oig.hhs.gov/fraud/enforcement/hampton-man-sentenced-to-over-nine-years-in-prison-for-defrauding-virginia-medicaid-and-virginia-unemployment/
"Home Health Agencies, Laboratory, And Physician Indicted For MassHealth Fraud And Kickback Schemes Involving Over $7.8 Million In False Claims",2025-03-12,"Home Health Agencies, Laboratory, And Physician Indicted For MassHealth Fraud And Kickback Schemes Involving Over $7.8 Million In False Claims",https://oig.hhs.gov/fraud/enforcement/home-health-agencies-laboratory-and-physician-indicted-for-masshealth-fraud-and-kickback-schemes-involving-over-78-million-in-false-claims/
Attorney General Griffin Announces 6 Medicaid Fraud Convictions And 1 Civil Settlement,2025-03-12,Attorney General Griffin Announces 6 Medicaid Fraud Convictions And 1 Civil Settlement,https://oig.hhs.gov/fraud/enforcement/attorney-general-griffin-announces-6-medicaid-fraud-convictions-and-1-civil-settlement/
"Madison Heights Nurse Charged With Practicing Medicine Without A License, Falsifying Medical Records",2025-03-12,"Madison Heights Nurse Charged With Practicing Medicine Without A License, Falsifying Medical Records",https://oig.hhs.gov/fraud/enforcement/madison-heights-nurse-charged-with-practicing-medicine-without-a-license-falsifying-medical-records/
Joseph Bye Sentenced To New Hampshire State Prison For Medicaid Fraud,2025-03-13,Joseph Bye Sentenced To New Hampshire State Prison For Medicaid Fraud,https://oig.hhs.gov/fraud/enforcement/joseph-bye-sentenced-to-new-hampshire-state-prison-for-medicaid-fraud/
Doctor Sentenced For Health Care Fraud And Money Laundering,2025-03-14,Doctor Sentenced For Health Care Fraud And Money Laundering,https://oig.hhs.gov/fraud/enforcement/doctor-sentenced-for-health-care-fraud-and-money-laundering/
Attorney General Jeff Jackson Announces Money Laundering And Health Care Fraud Sentencing,2025-03-14,Attorney General Jeff Jackson Announces Money Laundering And Health Care Fraud Sentencing,https://oig.hhs.gov/fraud/enforcement/attorney-general-jeff-jackson-announces-money-laundering-and-health-care-fraud-sentencing/
Medical Equipment Business Owner Sentenced To Federal Prison And Ordered To Pay Restitution In The Amount Of Over $1.3 Million,2025-03-14,Medical Equipment Business Owner Sentenced To Federal Prison And Ordered To Pay Restitution In The Amount Of Over $1.3 Million,https://oig.hhs.gov/fraud/enforcement/medical-equipment-business-owner-sentenced-to-federal-prison-and-ordered-to-pay-restitution-in-the-amount-of-over-13-million/
Marshalltown Woman Pleads Guilty To Charges Related To Drug Diversion,2025-03-14,Marshalltown Woman Pleads Guilty To Charges Related To Drug Diversion,https://oig.hhs.gov/fraud/enforcement/marshalltown-woman-pleads-guilty-to-charges-related-to-drug-diversion/
Miami Inspector Pleads Guilty in a Scheme to Obstruct the U.S. Department of Health and Human Services’ Oversight of the Medicare Program,2025-03-14,Miami Inspector Pleads Guilty in a Scheme to Obstruct the U.S. Department of Health and Human Services’ Oversight of the Medicare Program,https://oig.hhs.gov/fraud/enforcement/miami-inspector-pleads-guilty-in-a-scheme-to-obstruct-the-us-department-of-health-and-human-services-oversight-of-the-medicare-program/
"Robert Burkich, M.D. Settles Case Alleging That He Submitted False Claims For Chelation Therapy To Medicare",2025-03-14,"Robert Burkich, M.D. Settles Case Alleging That He Submitted False Claims For Chelation Therapy To Medicare",https://oig.hhs.gov/fraud/enforcement/robert-burkich-md-settles-case-alleging-that-he-submitted-false-claims-for-chelation-therapy-to-medicare/
"Attorney General Brown Announces $143,000 Settlement With Pikesville Vision Care Center And Optometrist Settlement Resolves Allegations Of Medicaid Fraud",2025-03-17,"Attorney General Brown Announces $143,000 Settlement With Pikesville Vision Care Center And Optometrist Settlement Resolves Allegations Of Medicaid Fraud",https://oig.hhs.gov/fraud/enforcement/attorney-general-brown-announces-143000-settlement-with-pikesville-vision-care-center-and-optometrist-settlement-resolves-allegations-of-medicaid-fraud/
Report: PA. Attorney General’s Medicaid Fraud Control Section Charged More Medicaid Fraud Cases Than Any Other State In The 2024 Fiscal Year,2025-03-17,Report: PA. Attorney General’s Medicaid Fraud Control Section Charged More Medicaid Fraud Cases Than Any Other State In The 2024 Fiscal Year,https://oig.hhs.gov/fraud/enforcement/report-pa-attorney-generals-medicaid-fraud-control-section-charged-more-medicaid-fraud-cases-than-any-other-state-in-the-2024-fiscal-year/
Dayton Woman Pleads Guilty To $1.5 Million Theft From Medicaid Program,2025-03-17,Dayton Woman Pleads Guilty To $1.5 Million Theft From Medicaid Program,https://oig.hhs.gov/fraud/enforcement/dayton-woman-pleads-guilty-to-15-million-theft-from-medicaid-program/
Non-Profit Executive Sentenced To 27 Months In Prison For Conspiring To Defraud Federal Government And To Obstruct Federal Administrative Investigation,2025-03-18,Non-Profit Executive Sentenced To 27 Months In Prison For Conspiring To Defraud Federal Government And To Obstruct Federal Administrative Investigation,https://oig.hhs.gov/fraud/enforcement/non-profit-executive-sentenced-to-27-months-in-prison-for-conspiring-to-defraud-federal-government-and-to-obstruct-federal-administrative-investigation/
"Former Long Island Business Owner Charged With Orchestrating $22 Million Health Care Fraud, Kickback And Money Laundering Scheme",2025-03-18,"Former Long Island Business Owner Charged With Orchestrating $22 Million Health Care Fraud, Kickback And Money Laundering Scheme",https://oig.hhs.gov/fraud/enforcement/former-long-island-business-owner-charged-with-orchestrating-22-million-health-care-fraud-kickback-and-money-laundering-scheme/
TennCare Fraud Investigation Leads To Arrest Of Memphis Doctor,2025-03-19,TennCare Fraud Investigation Leads To Arrest Of Memphis Doctor,https://oig.hhs.gov/fraud/enforcement/tenncare-fraud-investigation-leads-to-arrest-of-memphis-doctor/
Investigation Into TennCare Fraud Leads To Arrest Of Memphis Woman,2025-03-19,Investigation Into TennCare Fraud Leads To Arrest Of Memphis Woman,https://oig.hhs.gov/fraud/enforcement/investigation-into-tenncare-fraud-leads-to-arrest-of-memphis-woman/
Attorney General Alan Wilson Announces Murrells Inlet Nurse Charged With Stealing Drugs From Patients,2025-03-19,Attorney General Alan Wilson Announces Murrells Inlet Nurse Charged With Stealing Drugs From Patients,https://oig.hhs.gov/fraud/enforcement/attorney-general-alan-wilson-announces-murrells-inlet-nurse-charged-with-stealing-drugs-from-patients/
Former Director of Tuscola County Peer Center Pleads Guilty to Embezzling from Center,2025-03-19,Former Director of Tuscola County Peer Center Pleads Guilty to Embezzling from Center,https://oig.hhs.gov/fraud/enforcement/former-director-of-tuscola-county-peer-center-pleads-guilty-to-embezzling-from-center/
Putnam County Nurse Practitioner Pleads Guilty to Health Care Fraud,2025-03-19,Putnam County Nurse Practitioner Pleads Guilty to Health Care Fraud,https://oig.hhs.gov/fraud/enforcement/putnam-county-nurse-practitioner-pleads-guilty-to-health-care-fraud/
Assure Holdings and Assure Neuromonitoring Were Excluded for Defaulting on Payment Obligations,2025-03-20,Assure Holdings and Assure Neuromonitoring Were Excluded for Defaulting on Payment Obligations,https://oig.hhs.gov/fraud/enforcement/assure-holdings-and-assure-neuromonitoring-were-excluded-for-defaulting-on-payment-obligations/
New Jersey Pain Clinic Admits Health Care Fraud And Agrees To Criminal And Civil Penalties,2025-03-20,New Jersey Pain Clinic Admits Health Care Fraud And Agrees To Criminal And Civil Penalties,https://oig.hhs.gov/fraud/enforcement/new-jersey-pain-clinic-admits-health-care-fraud-and-agrees-to-criminal-and-civil-penalties/
Defense Contractor President Pleads Guilty To Bribery Scheme Involving $16 Million In Small Business Government Contracts,2025-03-20,Defense Contractor President Pleads Guilty To Bribery Scheme Involving $16 Million In Small Business Government Contracts,https://oig.hhs.gov/fraud/enforcement/defense-contractor-president-pleads-guilty-to-bribery-scheme-involving-16-million-in-small-business-government-contracts/
"Two California Doctors Agree To Settlements Totaling $375,000 To Resolve Allegations Of Fraud Schemes Related To “Electroacupuncture” Devices",2025-03-20,"Two California Doctors Agree To Settlements Totaling $375,000 To Resolve Allegations Of Fraud Schemes Related To “Electroacupuncture” Devices",https://oig.hhs.gov/fraud/enforcement/two-california-doctors-agree-to-settlements-totaling-375000-to-resolve-allegations-of-fraud-schemes-related-to-electroacupuncture-devices/
Attorney General Griffin Announces Arrest of Faulkner County Couple for Fraud and Exploitation,2025-03-20,Attorney General Griffin Announces Arrest of Faulkner County Couple for Fraud and Exploitation,https://oig.hhs.gov/fraud/enforcement/attorney-general-griffin-announces-arrest-of-faulkner-county-couple-for-fraud-and-exploitation/
Attorney General Bonta: Owner Of Placer County Residential Care Home Arrested And Charged With Medi-Cal Fraud,2025-03-20,Attorney General Bonta: Owner Of Placer County Residential Care Home Arrested And Charged With Medi-Cal Fraud,https://oig.hhs.gov/fraud/enforcement/attorney-general-bonta-owner-of-placer-county-residential-care-home-arrested-and-charged-with-medi-cal-fraud/
Attorney General McCuskey: Nurse Practitioner Pleads Guilty To Health Care Fraud,2025-03-20,Attorney General McCuskey: Nurse Practitioner Pleads Guilty To Health Care Fraud,https://oig.hhs.gov/fraud/enforcement/attorney-general-mccuskey-nurse-practitioner-pleads-guilty-to-health-care-fraud/
"Attorney General Steve Marshall Announces Indictment Of Former State Employee For Theft Of Over $100,000 From Alabama Medicaid Agency",2025-03-20,"Attorney General Steve Marshall Announces Indictment Of Former State Employee For Theft Of Over $100,000 From Alabama Medicaid Agency",https://oig.hhs.gov/fraud/enforcement/attorney-general-steve-marshall-announces-indictment-of-former-state-employee-for-theft-of-over-100000-from-alabama-medicaid-agency/
Attorney General Brown Announces Sentencing Of Caregiver For Financial Exploitation Of A Vulnerable Adult,2025-03-21,Attorney General Brown Announces Sentencing Of Caregiver For Financial Exploitation Of A Vulnerable Adult,https://oig.hhs.gov/fraud/enforcement/attorney-general-brown-announces-sentencing-of-caregiver-for-financial-exploitation-of-a-vulnerable-adult/
Three Convicted For Fraudulently Billing Over $8 Million To Medicare And Medicaid Through Opioid Addiction Treatment Clinics In Kentucky,2025-03-21,Three Convicted For Fraudulently Billing Over $8 Million To Medicare And Medicaid Through Opioid Addiction Treatment Clinics In Kentucky,https://oig.hhs.gov/fraud/enforcement/three-convicted-for-fraudulently-billing-over-8-million-to-medicare-and-medicaid-through-opioid-addiction-treatment-clinics-in-kentucky/
Jury Finds Physician Guilty Of Operating A Pill Mill From His D.C. Medical Practice,2025-03-21,Jury Finds Physician Guilty Of Operating A Pill Mill From His D.C. Medical Practice,https://oig.hhs.gov/fraud/enforcement/jury-finds-physician-guilty-of-operating-a-pill-mill-from-his-dc-medical-practice/
Attorney General James Uthmeier Announces Arrest Of Home Services Provider For Defrauding Florida Taxpayers,2025-03-24,Attorney General James Uthmeier Announces Arrest Of Home Services Provider For Defrauding Florida Taxpayers,https://oig.hhs.gov/fraud/enforcement/attorney-general-james-uthmeier-announces-arrest-of-home-services-provider-for-defrauding-florida-taxpayers/
Cuban National Sentenced To Over Five Years In $7.6 Million Medicare Fraud Scheme,2025-03-24,Cuban National Sentenced To Over Five Years In $7.6 Million Medicare Fraud Scheme,https://oig.hhs.gov/fraud/enforcement/cuban-national-sentenced-to-over-five-years-in-76-million-medicare-fraud-scheme/
River Hills Man Sentenced To 21 Months’ Imprisonment For Paying Healthcare Kickbacks,2025-03-24,River Hills Man Sentenced To 21 Months’ Imprisonment For Paying Healthcare Kickbacks,https://oig.hhs.gov/fraud/enforcement/river-hills-man-sentenced-to-21-months-imprisonment-for-paying-healthcare-kickbacks/
Health Plus Was Excluded for 10 Years for Failing to Supply Payment Information Required in an OIG Subpoena,2025-03-24,Health Plus Was Excluded for 10 Years for Failing to Supply Payment Information Required in an OIG Subpoena,https://oig.hhs.gov/fraud/enforcement/health-plus-was-excluded-for-10-years-for-failing-to-supply-payment-information-required-in-an-oig-subpoena/
"Radiology Regional Center Agreed to Pay $92,000 for Allegedly Violating the Civil Monetary Penalties Law by Submitting Claims for Services Provided by an Unlicensed Individual",2025-03-25,"Radiology Regional Center Agreed to Pay $92,000 for Allegedly Violating the Civil Monetary Penalties Law by Submitting Claims for Services Provided by an Unlicensed Individual",https://oig.hhs.gov/fraud/enforcement/radiology-regional-center-agreed-to-pay-92000-for-allegedly-violating-the-civil-monetary-penalties-law-by-submitting-claims-for-services-provided-by-an-unlicensed-individual/
Koreatown-Based Medicare Advantage Provider Seoul Medical Group And Related Parties To Pay More Than $62 Million To Settle False Claims Lawsuit,2025-03-26,Koreatown-Based Medicare Advantage Provider Seoul Medical Group And Related Parties To Pay More Than $62 Million To Settle False Claims Lawsuit,https://oig.hhs.gov/fraud/enforcement/koreatown-based-medicare-advantage-provider-seoul-medical-group-and-related-parties-to-pay-more-than-62-million-to-settle-false-claims-lawsuit/
Behavioral Health Care Company Executive Sentenced For Health Care Fraud,2025-03-26,Behavioral Health Care Company Executive Sentenced For Health Care Fraud,https://oig.hhs.gov/fraud/enforcement/behavioral-health-care-company-executive-sentenced-for-health-care-fraud/
Brooksville Man Sentenced To Prison For Electronic Prescribing Fraud Scheme,2025-03-26,Brooksville Man Sentenced To Prison For Electronic Prescribing Fraud Scheme,https://oig.hhs.gov/fraud/enforcement/brooksville-man-sentenced-to-prison-for-electronic-prescribing-fraud-scheme/
Acting U.S. Attorney Announces $5 Million False Claims Act Settlement With Providers Of Programs For Adults With Developmental Disabilities,2025-03-26,Acting U.S. Attorney Announces $5 Million False Claims Act Settlement With Providers Of Programs For Adults With Developmental Disabilities,https://oig.hhs.gov/fraud/enforcement/acting-us-attorney-announces-5-million-false-claims-act-settlement-with-providers-of-programs-for-adults-with-developmental-disabilities/
"Medical Device Manufacturer And Its Owner Agree To Pay $550,000 To Resolve False Claims Act Allegations",2025-03-26,"Medical Device Manufacturer And Its Owner Agree To Pay $550,000 To Resolve False Claims Act Allegations",https://oig.hhs.gov/fraud/enforcement/medical-device-manufacturer-and-its-owner-agree-to-pay-550000-to-resolve-false-claims-act-allegations/
"Convicted Nurse Practitioner To Forfeit Over $40 Million From Foreign Accounts For Health Care Fraud, Money Laundering",2025-03-26,"Convicted Nurse Practitioner To Forfeit Over $40 Million From Foreign Accounts For Health Care Fraud, Money Laundering",https://oig.hhs.gov/fraud/enforcement/convicted-nurse-practitioner-to-forfeit-over-40-million-from-foreign-accounts-for-health-care-fraud-money-laundering-1/
Medicare Advantage Provider Seoul Medical Group And Related Parties To Pay Over $62M To Settle False Claims Act Suit,2025-03-26,Medicare Advantage Provider Seoul Medical Group And Related Parties To Pay Over $62M To Settle False Claims Act Suit,https://oig.hhs.gov/fraud/enforcement/medicare-advantage-provider-seoul-medical-group-and-related-parties-to-pay-over-62m-to-settle-false-claims-act-suit/
"Attorney General Alan Wilson Announces Darlington Woman Charged With Forgery, Medicaid Fraud",2025-03-26,"Attorney General Alan Wilson Announces Darlington Woman Charged With Forgery, Medicaid Fraud",https://oig.hhs.gov/fraud/enforcement/attorney-general-alan-wilson-announces-darlington-woman-charged-with-forgery-medicaid-fraud/
[Dominican] National Pleads Guilty To Passport Fraud And Other Offenses,2025-03-27,[Dominican] National Pleads Guilty To Passport Fraud And Other Offenses,https://oig.hhs.gov/fraud/enforcement/dominican-national-pleads-guilty-to-passport-fraud-and-other-offenses/
Attorney General James Recovers Over $5 Million From Nonprofit For Failing To Serve New York City Residents With Developmental Disabilities,2025-03-27,Attorney General James Recovers Over $5 Million From Nonprofit For Failing To Serve New York City Residents With Developmental Disabilities,https://oig.hhs.gov/fraud/enforcement/attorney-general-james-recovers-over-5-million-from-nonprofit-for-failing-to-serve-new-york-city-residents-with-developmental-disabilities/
Leader Of $23 Million Health Care Fraud Scheme Pleads Guilty,2025-03-27,Leader Of $23 Million Health Care Fraud Scheme Pleads Guilty,https://oig.hhs.gov/fraud/enforcement/leader-of-23-million-health-care-fraud-scheme-pleads-guilty/
Walgreen Co. Agrees To Pay Over $2.8 Million To Settle Allegations Of Overbilling Medicaid Programs,2025-03-27,Walgreen Co. Agrees To Pay Over $2.8 Million To Settle Allegations Of Overbilling Medicaid Programs,https://oig.hhs.gov/fraud/enforcement/walgreen-co-agrees-to-pay-over-28-million-to-settle-allegations-of-overbilling-medicaid-programs/
Leominster Woman Indicted For Posing As Caregiver To Steal From Elderly Victims In Worcester And Middlesex Counties,2025-03-28,Leominster Woman Indicted For Posing As Caregiver To Steal From Elderly Victims In Worcester And Middlesex Counties,https://oig.hhs.gov/fraud/enforcement/leominster-woman-indicted-for-posing-as-caregiver-to-steal-from-elderly-victims-in-worcester-and-middlesex-counties/
"Diligent Urgent Care Agreed to Pay $614,000 for Allegedly Violating the Civil Monetary Penalties Law by Submitting Claims for Incident-to Services that Identified the Incorrect Rendering Provider and Were Upcoded",2025-03-28,"Diligent Urgent Care Agreed to Pay $614,000 for Allegedly Violating the Civil Monetary Penalties Law by Submitting Claims for Incident-to Services that Identified the Incorrect Rendering Provider and Were Upcoded",https://oig.hhs.gov/fraud/enforcement/diligent-urgent-care-agreed-to-pay-614000-for-allegedly-violating-the-civil-monetary-penalties-law-by-submitting-claims-for-incident-to-services-that-identified-the-incorrect-rendering-provider-and-were-upcoded/
"Diopsys, Inc. Agrees To Pay Up To $14.25 Million To Resolve Alleged Federal False Claims Act And State Law Violations Relating To Vision Testing",2025-03-28,"Diopsys, Inc. Agrees To Pay Up To $14.25 Million To Resolve Alleged Federal False Claims Act And State Law Violations Relating To Vision Testing",https://oig.hhs.gov/fraud/enforcement/diopsys-inc-agrees-to-pay-up-to-1425-million-to-resolve-alleged-federal-false-claims-act-and-state-law-violations-relating-to-vision-testing/
Attorney General Alan Wilson Announces Upstate Man Charged With Stealing Thousands Of Dollars And A Car From Vulnerable Adult,2025-03-28,Attorney General Alan Wilson Announces Upstate Man Charged With Stealing Thousands Of Dollars And A Car From Vulnerable Adult,https://oig.hhs.gov/fraud/enforcement/attorney-general-alan-wilson-announces-upstate-man-charged-with-stealing-thousands-of-dollars-and-a-car-from-vulnerable-adult/
"Worcester-Based Medical Transportation Company And Its Owner Indicted For MassHealth Fraud, Patient Abuse And Neglect, And Money Laundering",2025-04-01,"Worcester-Based Medical Transportation Company And Its Owner Indicted For MassHealth Fraud, Patient Abuse And Neglect, And Money Laundering",https://oig.hhs.gov/fraud/enforcement/worcester-based-medical-transportation-company-and-its-owner-indicted-for-masshealth-fraud-patient-abuse-and-neglect-and-money-laundering/
Louisiana Chiropractor Convicted Of Health Care Fraud And Unemployment Insurance Fraud,2025-04-02,Louisiana Chiropractor Convicted Of Health Care Fraud And Unemployment Insurance Fraud,https://oig.hhs.gov/fraud/enforcement/louisiana-chiropractor-convicted-of-health-care-fraud-and-unemployment-insurance-fraud/
Florida Man Pleads Guilty To Multi-Million Dollar Scheme To Defraud Medicare,2025-04-02,Florida Man Pleads Guilty To Multi-Million Dollar Scheme To Defraud Medicare,https://oig.hhs.gov/fraud/enforcement/florida-man-pleads-guilty-to-multi-million-dollar-scheme-to-defraud-medicare/
"Beckley Medical Clinic And Physician Agree To Pay $152,382.70 To Resolve False Claims Act Allegations",2025-04-02,"Beckley Medical Clinic And Physician Agree To Pay $152,382.70 To Resolve False Claims Act Allegations",https://oig.hhs.gov/fraud/enforcement/beckley-medical-clinic-and-physician-agree-to-pay-15238270-to-resolve-false-claims-act-allegations/
Lancaster County Trio Pleads Guilty To Conspiracy To Commit Health Care Fraud,2025-04-02,Lancaster County Trio Pleads Guilty To Conspiracy To Commit Health Care Fraud,https://oig.hhs.gov/fraud/enforcement/lancaster-county-trio-pleads-guilty-to-conspiracy-to-commit-health-care-fraud/
National Sales Director For New York-Based Mobile Diagnostic Company Pleads Guilty To Kickback Scheme,2025-04-02,National Sales Director For New York-Based Mobile Diagnostic Company Pleads Guilty To Kickback Scheme,https://oig.hhs.gov/fraud/enforcement/national-sales-director-for-new-york-based-mobile-diagnostic-company-pleads-guilty-to-kickback-scheme/
"Advancare Healthcare Services Agreed to Pay $41,000 for Allegedly Violating the Civil Monetary Penalties Law by Employing an Excluded Individual",2025-04-03,"Advancare Healthcare Services Agreed to Pay $41,000 for Allegedly Violating the Civil Monetary Penalties Law by Employing an Excluded Individual",https://oig.hhs.gov/fraud/enforcement/advancare-healthcare-services-agreed-to-pay-41000-for-allegedly-violating-the-civil-monetary-penalties-law-by-employing-an-excluded-individual/
"Diagnostic Clinic of Longview Agreed to Pay $77,000 for Allegedly Violating the Civil Monetary Penalties Law by Employing an Excluded Individual",2025-04-03,"Diagnostic Clinic of Longview Agreed to Pay $77,000 for Allegedly Violating the Civil Monetary Penalties Law by Employing an Excluded Individual",https://oig.hhs.gov/fraud/enforcement/diagnostic-clinic-of-longview-agreed-to-pay-77000-for-allegedly-violating-the-civil-monetary-penalties-law-by-employing-an-excluded-individual/
Lamoille Residents Charged With Medicaid Fraud,2025-04-03,Lamoille Residents Charged With Medicaid Fraud,https://oig.hhs.gov/fraud/enforcement/lamoille-residents-charged-with-medicaid-fraud/
Piedmont Health Services Agreed to Pay $4.7 Million for Allegedly Violating the Civil Monetary Penalties Law by Submitting Claims for Services that Did Not Meet Medicare Requirements,2025-04-03,Piedmont Health Services Agreed to Pay $4.7 Million for Allegedly Violating the Civil Monetary Penalties Law by Submitting Claims for Services that Did Not Meet Medicare Requirements,https://oig.hhs.gov/fraud/enforcement/piedmont-health-services-agreed-to-pay-47-million-for-allegedly-violating-the-civil-monetary-penalties-law-by-submitting-claims-for-services-that-did-not-meet-medicare-requirements/
Nurse Anesthetist Sentenced To Federal Prison For Fentanyl Diversion At Dubuque Hospital,2025-04-03,Nurse Anesthetist Sentenced To Federal Prison For Fentanyl Diversion At Dubuque Hospital,https://oig.hhs.gov/fraud/enforcement/nurse-anesthetist-sentenced-to-federal-prison-for-fentanyl-diversion-at-dubuque-hospital/
ALJ Upholds OIG's Demand for Stipulated Penalties from Dr. Azizulah Kamali for Breaching Integrity Agreement,2025-04-03,ALJ Upholds OIG's Demand for Stipulated Penalties from Dr. Azizulah Kamali for Breaching Integrity Agreement,https://oig.hhs.gov/fraud/enforcement/alj-upholds-oig%C3%A6s-demand-for-stipulated-penalties-from-dr-azizulah-kamali-for-breaching-integrity-agreement/
United States Files False Claims Act Complaint Against Vohra Wound Physicians Management And Its Owner Alleging False Claims For Wound Care Services,2025-04-04,United States Files False Claims Act Complaint Against Vohra Wound Physicians Management And Its Owner Alleging False Claims For Wound Care Services,https://oig.hhs.gov/fraud/enforcement/united-states-files-false-claims-act-complaint-against-vohra-wound-physicians-management-and-its-owner-alleging-false-claims-for-wound-care-services/
Kansas Doctor Admits Accepting Kickbacks To Commit Health Care Fraud,2025-04-04,Kansas Doctor Admits Accepting Kickbacks To Commit Health Care Fraud,https://oig.hhs.gov/fraud/enforcement/kansas-doctor-admits-accepting-kickbacks-to-commit-health-care-fraud/
Former Traveling Nurse Sentenced To Prison For Tampering With Morphine,2025-04-04,Former Traveling Nurse Sentenced To Prison For Tampering With Morphine,https://oig.hhs.gov/fraud/enforcement/former-traveling-nurse-sentenced-to-prison-for-tampering-with-morphine/
Pain Management Clinic Owners And Operators Indicted On Health Care Fraud Charges,2025-04-07,Pain Management Clinic Owners And Operators Indicted On Health Care Fraud Charges,https://oig.hhs.gov/fraud/enforcement/pain-management-clinic-owners-and-operators-indicted-on-health-care-fraud-charges/
"Attorney General’s Medicaid Fraud And Vulnerable Victims Unit Secures A $1,289,679 Settlement And Corporate Oversight Of Elkton Nursing And Rehabilitation Center In Cecil County",2025-04-07,"Attorney General’s Medicaid Fraud And Vulnerable Victims Unit Secures A $1,289,679 Settlement And Corporate Oversight Of Elkton Nursing And Rehabilitation Center In Cecil County",https://oig.hhs.gov/fraud/enforcement/attorney-generals-medicaid-fraud-and-vulnerable-victims-unit-secures-a-1289679-settlement-and-corporate-oversight-of-elkton-nursing-and-rehabilitation-center-in-cecil-county/
Home Health Care Companies Owner Sentenced To More Than 3 Years In Prison For $5.7 Million Medicaid Fraud,2025-04-08,Home Health Care Companies Owner Sentenced To More Than 3 Years In Prison For $5.7 Million Medicaid Fraud,https://oig.hhs.gov/fraud/enforcement/home-health-care-companies-owner-sentenced-to-more-than-3-years-in-prison-for-57-million-medicaid-fraud/
Attorney General Jeff Jackson Announces Health Care Fraud And Money Laundering Guilty Plea,2025-04-09,Attorney General Jeff Jackson Announces Health Care Fraud And Money Laundering Guilty Plea,https://oig.hhs.gov/fraud/enforcement/attorney-general-jeff-jackson-announces-health-care-fraud-and-money-laundering-guilty-plea/
Greensboro Woman Pleads Guilty To Health Care Fraud And Money Laundering In Connection With Multi-Million Dollar Urine Drug Testing Scheme,2025-04-09,Greensboro Woman Pleads Guilty To Health Care Fraud And Money Laundering In Connection With Multi-Million Dollar Urine Drug Testing Scheme,https://oig.hhs.gov/fraud/enforcement/greensboro-woman-pleads-guilty-to-health-care-fraud-and-money-laundering-in-connection-with-multi-million-dollar-urine-drug-testing-scheme/
Minnesota Couple Indicted In $15 Million Medical Billing Fraud Scheme,2025-04-10,Minnesota Couple Indicted In $15 Million Medical Billing Fraud Scheme,https://oig.hhs.gov/fraud/enforcement/minnesota-couple-indicted-in-15-million-medical-billing-fraud-scheme/
Florida Pharmacy Pleads Guilty To Health Care Fraud And Agrees To Pay More Than $1 Million Settlement,2025-04-10,Florida Pharmacy Pleads Guilty To Health Care Fraud And Agrees To Pay More Than $1 Million Settlement,https://oig.hhs.gov/fraud/enforcement/florida-pharmacy-pleads-guilty-to-health-care-fraud-and-agrees-to-pay-more-than-1-million-settlement/
Attorney General Griffin Announces 2 Fraud And Exploitation Arrests,2025-04-11,Attorney General Griffin Announces 2 Fraud And Exploitation Arrests,https://oig.hhs.gov/fraud/enforcement/attorney-general-griffin-announces-2-fraud-and-exploitation-arrests/
North Ridgeville Doctor Pleads Guilty To Health Care Fraud Conspiracy,2025-04-11,North Ridgeville Doctor Pleads Guilty To Health Care Fraud Conspiracy,https://oig.hhs.gov/fraud/enforcement/north-ridgeville-doctor-pleads-guilty-to-health-care-fraud-conspiracy/
Ashland City Doctor Sentenced To 3 Years For Conspiracy To Commit Health Care Fraud,2025-04-14,Ashland City Doctor Sentenced To 3 Years For Conspiracy To Commit Health Care Fraud,https://oig.hhs.gov/fraud/enforcement/ashland-city-doctor-sentenced-to-3-years-for-conspiracy-to-commit-health-care-fraud/
Florida Woman Pleads Guilty To Conspiring To Defraud Medicare Of $3.3 Million,2025-04-15,Florida Woman Pleads Guilty To Conspiring To Defraud Medicare Of $3.3 Million,https://oig.hhs.gov/fraud/enforcement/florida-woman-pleads-guilty-to-conspiring-to-defraud-medicare-of-33-million/
"Christopher Mallavarapu, MD Agreed to Pay $305,000 for Allegedly Violating the Civil Monetary Penalties Law by Receiving Remuneration in Exchange for Ordering Durable Medical Equipment, Genetic Testing, and Prescription Medications",2025-04-15,"Christopher Mallavarapu, MD Agreed to Pay $305,000 for Allegedly Violating the Civil Monetary Penalties Law by Receiving Remuneration in Exchange for Ordering Durable Medical Equipment, Genetic Testing, and Prescription Medications",https://oig.hhs.gov/fraud/enforcement/christopher-mallavarapu-md-agreed-to-pay-305000-for-allegedly-violating-the-civil-monetary-penalties-law-by-receiving-remuneration-in-exchange-for-ordering-durable-medical-equipment-genetic-testing-and-prescription-medications/
"Baptist Health Medical Group Agreed to Pay $47,000 for Allegedly Violating the Civil Monetary Penalties Law by Employing an Excluded Individual",2025-04-16,"Baptist Health Medical Group Agreed to Pay $47,000 for Allegedly Violating the Civil Monetary Penalties Law by Employing an Excluded Individual",https://oig.hhs.gov/fraud/enforcement/baptist-health-medical-group-agreed-to-pay-47000-for-allegedly-violating-the-civil-monetary-penalties-law-by-employing-an-excluded-individual/
Physician Convicted At Trial For Illegal Distribution Of Opioids And Health Care Fraud Conspiracies,2025-04-16,Physician Convicted At Trial For Illegal Distribution Of Opioids And Health Care Fraud Conspiracies,https://oig.hhs.gov/fraud/enforcement/physician-convicted-at-trial-for-illegal-distribution-of-opioids-and-health-care-fraud-conspiracies/
Federal Jury Convicts Would-Be Smuggler Of Three-Year-Old Child,2025-04-16,Federal Jury Convicts Would-Be Smuggler Of Three-Year-Old Child,https://oig.hhs.gov/fraud/enforcement/federal-jury-convicts-would-be-smuggler-of-three-year-old-child/
Former Owner Of Collapsed Nursing Home Empire Sentenced To 36 Months’ Imprisonment For $38 Million Tax Fraud Scheme,2025-04-17,Former Owner Of Collapsed Nursing Home Empire Sentenced To 36 Months’ Imprisonment For $38 Million Tax Fraud Scheme,https://oig.hhs.gov/fraud/enforcement/former-owner-of-collapsed-nursing-home-empire-sentenced-to-36-months-imprisonment-for-38-million-tax-fraud-scheme/
New England Doctor Sentenced For Drug Conspiracy,2025-04-17,New England Doctor Sentenced For Drug Conspiracy,https://oig.hhs.gov/fraud/enforcement/new-england-doctor-sentenced-for-drug-conspiracy/
Florida Doctor Found Guilty Of Unlawfully Dispensing And Distributing Opioids,2025-04-17,Florida Doctor Found Guilty Of Unlawfully Dispensing And Distributing Opioids,https://oig.hhs.gov/fraud/enforcement/florida-doctor-found-guilty-of-unlawfully-dispensing-and-distributing-opioids/
Dayton Woman Gets Prison For $1.5 Million Theft From Medicaid Program,2025-04-17,Dayton Woman Gets Prison For $1.5 Million Theft From Medicaid Program,https://oig.hhs.gov/fraud/enforcement/dayton-woman-gets-prison-for-15-million-theft-from-medicaid-program/
Waterbury Man Arrested In Scheme To Defraud Medicaid,2025-04-17,Waterbury Man Arrested In Scheme To Defraud Medicaid,https://oig.hhs.gov/fraud/enforcement/waterbury-man-arrested-in-scheme-to-defraud-medicaid/
"Charles Nevels, MD Pays $74,000 Stipulated Penalty for Breaching Integrity Agreement",2025-04-17,"Charles Nevels, MD Pays $74,000 Stipulated Penalty for Breaching Integrity Agreement",https://oig.hhs.gov/fraud/enforcement/charles-nevels-md-pays-74000-stipulated-penalty-for-breaching-integrity-agreement/
Pharmacist Indicted In $2 Million Health Care Fraud Scheme,2025-04-17,Pharmacist Indicted In $2 Million Health Care Fraud Scheme,https://oig.hhs.gov/fraud/enforcement/pharmacist-indicted-in-2-million-health-care-fraud-scheme/
"Connex Family Services Pays $1,600 Stipulated Penalty for Breaching Integrity Agreement",2025-04-18,"Connex Family Services Pays $1,600 Stipulated Penalty for Breaching Integrity Agreement",https://oig.hhs.gov/fraud/enforcement/connex-family-services-pays-1600-stipulated-penalty-for-breaching-integrity-agreement/
Executive Vice President Of Insurance Brokerage Pleads Guilty In $133M Affordable Care Act Fraud Scheme,2025-04-18,Executive Vice President Of Insurance Brokerage Pleads Guilty In $133M Affordable Care Act Fraud Scheme,https://oig.hhs.gov/fraud/enforcement/executive-vice-president-of-insurance-brokerage-pleads-guilty-in-133m-affordable-care-act-fraud-scheme/
Walgreens Agrees to Pay Up to $350M for Illegally Filling Unlawful Opioid Prescriptions and for Submitting False Claims to the Federal Government,2025-04-21,Walgreens Agrees to Pay Up to $350M for Illegally Filling Unlawful Opioid Prescriptions and for Submitting False Claims to the Federal Government,https://oig.hhs.gov/fraud/enforcement/walgreens-agrees-to-pay-up-to-350m-for-illegally-filling-unlawful-opioid-prescriptions-and-for-submitting-false-claims-to-the-federal-government/
Owner of Pharmaceutical Company Pleads Guilty to Unlawful Distribution of $60 Million in Diverted HIV Drugs,2025-04-21,Owner of Pharmaceutical Company Pleads Guilty to Unlawful Distribution of $60 Million in Diverted HIV Drugs,https://oig.hhs.gov/fraud/enforcement/owner-of-pharmaceutical-company-pleads-guilty-to-unlawful-distribution-of-60-million-in-diverted-hiv-drugs/
Operators of New Jersey Company Sentenced to Prison and Enter into Related Civil Settlement Agreement for Roles in $127 Million Health Care Fraud and Kickback Scheme,2025-04-21,Operators of New Jersey Company Sentenced to Prison and Enter into Related Civil Settlement Agreement for Roles in $127 Million Health Care Fraud and Kickback Scheme,https://oig.hhs.gov/fraud/enforcement/operators-of-new-jersey-company-sentenced-to-prison-and-enter-into-related-civil-settlement-agreement-for-roles-in-127-million-health-care-fraud-and-kickback-scheme/
"CHI St. Joseph Health - Saint Joseph Hospital Agreed to Pay $133,000 for Allegedly Violating Patient Dumping Statute by Failing to Accept an Appropriate Transfer",2025-04-22,"CHI St. Joseph Health - Saint Joseph Hospital Agreed to Pay $133,000 for Allegedly Violating Patient Dumping Statute by Failing to Accept an Appropriate Transfer",https://oig.hhs.gov/fraud/enforcement/chi-st-joseph-health-saint-joseph-hospital-agreed-to-pay-133000-for-allegedly-violating-patient-dumping-statute-by-failing-to-accept-an-appropriate-transfer/
A Leader of Notorious Philadelphia ‘10th and O Crew’ Sentenced to Six Years for Opioid Drug Conspiracy,2025-04-22,A Leader of Notorious Philadelphia ‘10th and O Crew’ Sentenced to Six Years for Opioid Drug Conspiracy,https://oig.hhs.gov/fraud/enforcement/a-leader-of-notorious-philadelphia-10th-and-o-crew-sentenced-to-six-years-for-opioid-drug-conspiracy/
Kyle Perkins Indicted for Conspiracy To Commit Medicaid Fraud,2025-04-22,Kyle Perkins Indicted for Conspiracy To Commit Medicaid Fraud,https://oig.hhs.gov/fraud/enforcement/kyle-perkins-indicted-for-conspiracy-to-commit-medicaid-fraud/
Vault Agrees to Pay $8 Million to Settle Allegations of Billing False Claims to the COVID-19 Uninsured Program for Patients with Health Insurance,2025-04-23,Vault Agrees to Pay $8 Million to Settle Allegations of Billing False Claims to the COVID-19 Uninsured Program for Patients with Health Insurance,https://oig.hhs.gov/fraud/enforcement/vault-agrees-to-pay-8-million-to-settle-allegations-of-billing-false-claims-to-the-covid-19-uninsured-program-for-patients-with-health-insurance/
"Genetic Testing Marketing Companies Genexe, LLC and Immerge, Inc. and Two Executives Agree to Pay $6 Million to Resolve Allegations of Fraudulent Medicare Claims",2025-04-23,"Genetic Testing Marketing Companies Genexe, LLC and Immerge, Inc. and Two Executives Agree to Pay $6 Million to Resolve Allegations of Fraudulent Medicare Claims",https://oig.hhs.gov/fraud/enforcement/genetic-testing-marketing-companies-genexe-llc-and-immerge-inc-and-two-executives-agree-to-pay-6-million-to-resolve-allegations-of-fraudulent-medicare-claims/
Former Detroit Pharmacist Charged With Fraud,2025-04-23,Former Detroit Pharmacist Charged With Fraud,https://oig.hhs.gov/fraud/enforcement/former-detroit-pharmacist-charged-with-fraud/
Kadlec Regional Medical Center Agreed to Pay $8.9 Million for Allegedly Violating the Civil Monetary Penalties Law by Submitting Claims for Services that Did Not Meet Coverage Criteria,2025-04-23,Kadlec Regional Medical Center Agreed to Pay $8.9 Million for Allegedly Violating the Civil Monetary Penalties Law by Submitting Claims for Services that Did Not Meet Coverage Criteria,https://oig.hhs.gov/fraud/enforcement/kadlec-regional-medical-center-agreed-to-pay-89-million-for-allegedly-violating-the-civil-monetary-penalties-law-by-submitting-claims-for-services-that-did-not-meet-coverage-criteria/
"GreenField Health System Agreed to Pay $286,000 for Allegedly Violating the Civil Monetary Penalties Law by Requesting Payment from Beneficiaries in Violation of an Assignment Agreement",2025-04-23,"GreenField Health System Agreed to Pay $286,000 for Allegedly Violating the Civil Monetary Penalties Law by Requesting Payment from Beneficiaries in Violation of an Assignment Agreement",https://oig.hhs.gov/fraud/enforcement/greenfield-health-system-agreed-to-pay-286000-for-allegedly-violating-the-civil-monetary-penalties-law-by-requesting-payment-from-beneficiaries-in-violation-of-an-assignment-agreement/
"Maxim Healthcare Services Agreed to Pay $676,000 for Allegedly Violating the Civil Monetary Penalties Law by Submitting Claims for Services Not Performed or that Did Not Meet Coverage Criteria",2025-04-24,"Maxim Healthcare Services Agreed to Pay $676,000 for Allegedly Violating the Civil Monetary Penalties Law by Submitting Claims for Services Not Performed or that Did Not Meet Coverage Criteria",https://oig.hhs.gov/fraud/enforcement/maxim-healthcare-services-agreed-to-pay-676000-for-allegedly-violating-the-civil-monetary-penalties-law-by-submitting-claims-for-services-not-performed-or-that-did-not-meet-coverage-criteria/
"John H. Stroger, Jr. Hospital of Cook County Agreed to Pay $456,000 for Allegedly Violating the Civil Monetary Penalties Law by Employing Individuals Excluded from Illinois Medicaid",2025-04-24,"John H. Stroger, Jr. Hospital of Cook County Agreed to Pay $456,000 for Allegedly Violating the Civil Monetary Penalties Law by Employing Individuals Excluded from Illinois Medicaid",https://oig.hhs.gov/fraud/enforcement/john-h-stroger-jr-hospital-of-cook-county-agreed-to-pay-456000-for-allegedly-violating-the-civil-monetary-penalties-law-by-employing-individuals-excluded-from-illinois-medicaid/
"Former Owner Of York Pain Management Practice Sentenced To 42 Months For Health Care Fraud, Money Laundering, And Theft Of Public Money",2025-04-24,"Former Owner Of York Pain Management Practice Sentenced To 42 Months For Health Care Fraud, Money Laundering, And Theft Of Public Money",https://oig.hhs.gov/fraud/enforcement/former-owner-of-york-pain-management-practice-sentenced-to-42-months-for-health-care-fraud-money-laundering-and-theft-of-public-money/
Former Director Of Tuscola County Peer Center Sentenced For Embezzling From Center,2025-04-24,Former Director Of Tuscola County Peer Center Sentenced For Embezzling From Center,https://oig.hhs.gov/fraud/enforcement/former-director-of-tuscola-county-peer-center-sentenced-for-embezzling-from-center/
Two Former Laboratory Sales Executives Sentenced To Federal Prison For Roles In Health Care Kickback Conspiracy,2025-04-25,Two Former Laboratory Sales Executives Sentenced To Federal Prison For Roles In Health Care Kickback Conspiracy,https://oig.hhs.gov/fraud/enforcement/two-former-laboratory-sales-executives-sentenced-to-federal-prison-for-roles-in-health-care-kickback-conspiracy/
Massachusetts Doctor Agrees To Plead Guilty To $35.5 Million Medicare Fraud Scheme,2025-04-25,Massachusetts Doctor Agrees To Plead Guilty To $35.5 Million Medicare Fraud Scheme,https://oig.hhs.gov/fraud/enforcement/massachusetts-doctor-agrees-to-plead-guilty-to-355-million-medicare-fraud-scheme/
"Home Health Agency To Pay $100,000 In Settlement Over Incomplete Patient Care Records",2025-04-28,"Home Health Agency To Pay $100,000 In Settlement Over Incomplete Patient Care Records",https://oig.hhs.gov/fraud/enforcement/home-health-agency-to-pay-100000-in-settlement-over-incomplete-patient-care-records/
Attorney General James Uthmeier Announces Final Arrest In Massive Medicaid Fraud Case,2025-04-28,Attorney General James Uthmeier Announces Final Arrest In Massive Medicaid Fraud Case,https://oig.hhs.gov/fraud/enforcement/attorney-general-james-uthmeier-announces-final-arrest-in-massive-medicaid-fraud-case/
Attorney General Griffin Announces Convictions Of Van Buren Father And Son For Medicaid Fraud,2025-04-28,Attorney General Griffin Announces Convictions Of Van Buren Father And Son For Medicaid Fraud,https://oig.hhs.gov/fraud/enforcement/attorney-general-griffin-announces-convictions-of-van-buren-father-and-son-for-medicaid-fraud/
"Southfield Doctor Convicted Of Illegally Prescribing More Than 200,000 Opioid Pills",2025-04-28,"Southfield Doctor Convicted Of Illegally Prescribing More Than 200,000 Opioid Pills",https://oig.hhs.gov/fraud/enforcement/southfield-doctor-convicted-of-illegally-prescribing-more-than-200000-opioid-pills/
"Philadelphia Man Pleads Guilty To Defrauding The Government Of More Than $1 Million In SNAP, Medicaid Benefits",2025-04-29,"Philadelphia Man Pleads Guilty To Defrauding The Government Of More Than $1 Million In SNAP, Medicaid Benefits",https://oig.hhs.gov/fraud/enforcement/philadelphia-man-pleads-guilty-to-defrauding-the-government-of-more-than-1-million-in-snap-medicaid-benefits/
U.S. Attorney Announces $202 Million Settlement With Gilead Sciences For Using Speaker Programs To Pay Kickbacks To Doctors To Induce Them To Prescribe Gilead’s Drugs,2025-04-29,U.S. Attorney Announces $202 Million Settlement With Gilead Sciences For Using Speaker Programs To Pay Kickbacks To Doctors To Induce Them To Prescribe Gilead’s Drugs,https://oig.hhs.gov/fraud/enforcement/us-attorney-announces-202-million-settlement-with-gilead-sciences-for-using-speaker-programs-to-pay-kickbacks-to-doctors-to-induce-them-to-prescribe-gileads-drugs/
Jury Convicts Florida Man For Stealing $10.9 Million From Medicare,2025-04-29,Jury Convicts Florida Man For Stealing $10.9 Million From Medicare,https://oig.hhs.gov/fraud/enforcement/jury-convicts-florida-man-for-stealing-109-million-from-medicare/
Harlingen Couple Guilty In Multimillion-Dollar Medicare Fraud Scheme,2025-04-29,Harlingen Couple Guilty In Multimillion-Dollar Medicare Fraud Scheme,https://oig.hhs.gov/fraud/enforcement/harlingen-couple-guilty-in-multimillion-dollar-medicare-fraud-scheme/
Cumberland County Drug and Alcohol Rehabilitation Center Agrees to Pay $19.75 Million to Resolve False Claims Act Allegations,2025-04-30,Cumberland County Drug and Alcohol Rehabilitation Center Agrees to Pay $19.75 Million to Resolve False Claims Act Allegations,https://oig.hhs.gov/fraud/enforcement/cumberland-county-drug-and-alcohol-rehabilitation-center-agrees-to-pay-1975-million-to-resolve-false-claims-act-allegations/
Wethersfield Woman Admits Role in Scheme that Defrauded Connecticut’s Medicaid Program of More Than $1.8 Million,2025-04-30,Wethersfield Woman Admits Role in Scheme that Defrauded Connecticut’s Medicaid Program of More Than $1.8 Million,https://oig.hhs.gov/fraud/enforcement/wethersfield-woman-admits-role-in-scheme-that-defrauded-connecticuts-medicaid-program-of-more-than-18-million/
"New York Man Convicted of Medicaid Fraud and Tax Evasion, Will Pay $1.8 Million in Restitution",2025-05-01,"New York Man Convicted of Medicaid Fraud and Tax Evasion, Will Pay $1.8 Million in Restitution",https://oig.hhs.gov/fraud/enforcement/new-york-man-convicted-of-medicaid-fraud-and-tax-evasion-will-pay-18-million-in-restitution/
"Mountain View of Cascadia Agreed to Pay $33,000 for Allegedly Violating the Civil Monetary Penalties Law by Submitting Claims for Services Provided by an Unlicensed Individual",2025-05-01,"Mountain View of Cascadia Agreed to Pay $33,000 for Allegedly Violating the Civil Monetary Penalties Law by Submitting Claims for Services Provided by an Unlicensed Individual",https://oig.hhs.gov/fraud/enforcement/mountain-view-of-cascadia-agreed-to-pay-33000-for-allegedly-violating-the-civil-monetary-penalties-law-by-submitting-claims-for-services-provided-by-an-unlicensed-individual/
Emory Healthcare Network Agreed to Pay $1 Million for Allegedly Violating the Civil Monetary Penalties Law by Paying Remuneration to Physicians,2025-05-01,Emory Healthcare Network Agreed to Pay $1 Million for Allegedly Violating the Civil Monetary Penalties Law by Paying Remuneration to Physicians,https://oig.hhs.gov/fraud/enforcement/emory-healthcare-network-agreed-to-pay-1-million-for-allegedly-violating-the-civil-monetary-penalties-law-by-paying-remuneration-to-physicians/
The United States Files False Claims Act Complaint Against Three National Health Insurance Companies and Three Brokers Alleging Unlawful Kickbacks and Discrimination Against Disabled Americans,2025-05-01,The United States Files False Claims Act Complaint Against Three National Health Insurance Companies and Three Brokers Alleging Unlawful Kickbacks and Discrimination Against Disabled Americans,https://oig.hhs.gov/fraud/enforcement/the-united-states-files-false-claims-act-complaint-against-three-national-health-insurance-companies-and-three-brokers-alleging-unlawful-kickbacks-and-discrimination-against-disabled-americans/
Louisiana Nurse Practitioner Convicted of $2M Medicare Fraud,2025-05-02,Louisiana Nurse Practitioner Convicted of $2M Medicare Fraud,https://oig.hhs.gov/fraud/enforcement/louisiana-nurse-practitioner-convicted-of-2m-medicare-fraud/
Nurse Practitioner from Opelousas Convicted of Medicare Fraud by Federal Jury,2025-05-02,Nurse Practitioner from Opelousas Convicted of Medicare Fraud by Federal Jury,https://oig.hhs.gov/fraud/enforcement/nurse-practitioner-from-opelousas-convicted-of-medicare-fraud-by-federal-jury/
Capital Cardiology Associates Agreed to Pay $2.8 Million for Allegedly Violating the Civil Monetary Penalties Law by Submitting Claims for Services Performed by Non-Enrolled Providers,2025-05-02,Capital Cardiology Associates Agreed to Pay $2.8 Million for Allegedly Violating the Civil Monetary Penalties Law by Submitting Claims for Services Performed by Non-Enrolled Providers,https://oig.hhs.gov/fraud/enforcement/capital-cardiology-associates-agreed-to-pay-28-million-for-allegedly-violating-the-civil-monetary-penalties-law-by-submitting-claims-for-services-performed-by-non-enrolled-providers/
Attorney General Jackley Announces Pierre Woman Indicted on Charges to Defraud Medicaid Program,2025-05-02,Attorney General Jackley Announces Pierre Woman Indicted on Charges to Defraud Medicaid Program,https://oig.hhs.gov/fraud/enforcement/attorney-general-jackley-announces-pierre-woman-indicted-on-charges-to-defraud-medicaid-program/
"The Little Clinic and Affiliated Entities Agreed to Pay $89,000 for Allegedly Violating the Civil Monetary Penalties Law by Submitting Claims for Telehealth Services Not Provided as Claimed",2025-05-02,"The Little Clinic and Affiliated Entities Agreed to Pay $89,000 for Allegedly Violating the Civil Monetary Penalties Law by Submitting Claims for Telehealth Services Not Provided as Claimed",https://oig.hhs.gov/fraud/enforcement/the-little-clinic-and-affiliated-entities-agreed-to-pay-89000-for-allegedly-violating-the-civil-monetary-penalties-law-by-submitting-claims-for-telehealth-services-not-provided-as-claimed/
"Attorney General Alan Wilson Announces Camden Woman Charged With Stealing More Than $10,000 From Nursing Center Resident",2025-05-05,"Attorney General Alan Wilson Announces Camden Woman Charged With Stealing More Than $10,000 From Nursing Center Resident",https://oig.hhs.gov/fraud/enforcement/attorney-general-alan-wilson-announces-camden-woman-charged-with-stealing-more-than-10000-from-nursing-center-resident/
"Encore at Turf Valley Agreed to Pay $36,000 for Allegedly Violating the Civil Monetary Penalties Law by Submitting Claims for Services Provided by Unlicensed Individuals",2025-05-05,"Encore at Turf Valley Agreed to Pay $36,000 for Allegedly Violating the Civil Monetary Penalties Law by Submitting Claims for Services Provided by Unlicensed Individuals",https://oig.hhs.gov/fraud/enforcement/encore-at-turf-valley-agreed-to-pay-36000-for-allegedly-violating-the-civil-monetary-penalties-law-by-submitting-claims-for-services-provided-by-unlicensed-individuals/
Charlotte Clinic Owner Agrees To Settle Allegations Of Medicaid Fraud,2025-05-05,Charlotte Clinic Owner Agrees To Settle Allegations Of Medicaid Fraud,https://oig.hhs.gov/fraud/enforcement/charlotte-clinic-owner-agrees-to-settle-allegations-of-medicaid-fraud/
Attorney General Griffin Announces Conviction of Blytheville Woman for Medicaid Fraud,2025-05-06,Attorney General Griffin Announces Conviction of Blytheville Woman for Medicaid Fraud,https://oig.hhs.gov/fraud/enforcement/attorney-general-griffin-announces-conviction-of-blytheville-woman-for-medicaid-fraud/
"Lorien Mt. Airy Agreed to Pay $46,000 for Allegedly Violating the Civil Monetary Penalties Law by Submitting Claims for Services Provided by Unlicensed Individuals",2025-05-06,"Lorien Mt. Airy Agreed to Pay $46,000 for Allegedly Violating the Civil Monetary Penalties Law by Submitting Claims for Services Provided by Unlicensed Individuals",https://oig.hhs.gov/fraud/enforcement/lorien-mt-airy-agreed-to-pay-46000-for-allegedly-violating-the-civil-monetary-penalties-law-by-submitting-claims-for-services-provided-by-unlicensed-individuals/
"Lorien Bulle Rock Agreed to Pay $90,000 for Allegedly Violating the Civil Monetary Penalties Law by Submitting Claims for Services Provided by Unlicensed Individuals",2025-05-06,"Lorien Bulle Rock Agreed to Pay $90,000 for Allegedly Violating the Civil Monetary Penalties Law by Submitting Claims for Services Provided by Unlicensed Individuals",https://oig.hhs.gov/fraud/enforcement/lorien-bulle-rock-agreed-to-pay-90000-for-allegedly-violating-the-civil-monetary-penalties-law-by-submitting-claims-for-services-provided-by-unlicensed-individuals/
California Man Sentenced to 12 Years’ Imprisonment in Connection with $17M Medicare Fraud Schemes,2025-05-06,California Man Sentenced to 12 Years’ Imprisonment in Connection with $17M Medicare Fraud Schemes,https://oig.hhs.gov/fraud/enforcement/california-man-sentenced-to-12-years-imprisonment-in-connection-with-17m-medicare-fraud-schemes/
Leader Of $48 Million Healthcare Fraud Scheme Sentenced To 14 Months In Prison,2025-05-06,Leader Of $48 Million Healthcare Fraud Scheme Sentenced To 14 Months In Prison,https://oig.hhs.gov/fraud/enforcement/leader-of-48-million-healthcare-fraud-scheme-sentenced-to-14-months-in-prison/
"Tulse Bone and Joint Associates Agreed to Pay $769,000 for Allegedly Violating the Civil Monetary Penalties Law by Submitting Claims for Medically Unnecessary Services Related to Knee Replacement Surgeries",2025-05-07,"Tulse Bone and Joint Associates Agreed to Pay $769,000 for Allegedly Violating the Civil Monetary Penalties Law by Submitting Claims for Medically Unnecessary Services Related to Knee Replacement Surgeries",https://oig.hhs.gov/fraud/enforcement/tulse-bone-and-joint-associates-agreed-to-pay-769000-for-allegedly-violating-the-civil-monetary-penalties-law-by-submitting-claims-for-medically-unnecessary-services-related-to-knee-replacement-surgeries/
Chalmette Woman Arrested By Louisiana Bureau Of Investigation Agents For Medicaid Recipient Fraud,2025-05-07,Chalmette Woman Arrested By Louisiana Bureau Of Investigation Agents For Medicaid Recipient Fraud,https://oig.hhs.gov/fraud/enforcement/chalmette-woman-arrested-by-louisiana-bureau-of-investigation-agents-for-medicaid-recipient-fraud/
AG Campbell Sues CVS For Failure To Comply With MassHealth Prescription Drug Pricing Regulations,2025-05-07,AG Campbell Sues CVS For Failure To Comply With MassHealth Prescription Drug Pricing Regulations,https://oig.hhs.gov/fraud/enforcement/ag-campbell-sues-cvs-for-failure-to-comply-with-masshealth-prescription-drug-pricing-regulations/
Attorney General James Uthmeier Announces Arrests in $345K Medicaid Transportation Fraud Scheme,2025-05-07,Attorney General James Uthmeier Announces Arrests in $345K Medicaid Transportation Fraud Scheme,https://oig.hhs.gov/fraud/enforcement/attorney-general-james-uthmeier-announces-arrests-in-345k-medicaid-transportation-fraud-scheme/
Middlesex Social Worker Charged With Medicaid Fraud,2025-05-08,Middlesex Social Worker Charged With Medicaid Fraud,https://oig.hhs.gov/fraud/enforcement/middlesex-social-worker-charged-with-medicaid-fraud/
"The University of Texas Health Science Center at Houston and U.T. Physicians Agreed to Pay $78,000 for Allegedly Violating the Civil Monetary Penalties Law by Submitting Claims for Orders or Referrals Signed by Medical Assistants",2025-05-08,"The University of Texas Health Science Center at Houston and U.T. Physicians Agreed to Pay $78,000 for Allegedly Violating the Civil Monetary Penalties Law by Submitting Claims for Orders or Referrals Signed by Medical Assistants",https://oig.hhs.gov/fraud/enforcement/the-university-of-texas-health-science-center-at-houston-and-ut-physicians-agreed-to-pay-78000-for-allegedly-violating-the-civil-monetary-penalties-law-by-submitting-claims-for-orders-or-referrals-signed-by-medical-assistants/
Four Sentenced In $110 Million-Dollar Kickback Conspiracy,2025-05-08,Four Sentenced In $110 Million-Dollar Kickback Conspiracy,https://oig.hhs.gov/fraud/enforcement/four-sentenced-in-110-million-dollar-kickback-conspiracy/
Dominican National Sentenced For Passport Fraud And Stealing U.S. Citizen's Identity,2025-05-08,Dominican National Sentenced For Passport Fraud And Stealing U.S. Citizen's Identity,https://oig.hhs.gov/fraud/enforcement/dominican-national-sentenced-for-passport-fraud-and-stealing-us-citizens-identity/
"Brentwood Behavioral Healthcare of Mississippi Agreed to Pay $350,000 for Allegedly Violating Patient Dumping Statute by Failing to Accept Appropriate Transfers",2025-05-09,"Brentwood Behavioral Healthcare of Mississippi Agreed to Pay $350,000 for Allegedly Violating Patient Dumping Statute by Failing to Accept Appropriate Transfers",https://oig.hhs.gov/fraud/enforcement/brentwood-behavioral-healthcare-of-mississippi-agreed-to-pay-350000-for-allegedly-violating-patient-dumping-statute-by-failing-to-accept-appropriate-transfers/
"ECU Health Medical Center Agreed to Pay $119,000 for Allegedly Violating Patient Dumping Statute by Failing to Provide an Appropriate Medical Screening Examination",2025-05-09,"ECU Health Medical Center Agreed to Pay $119,000 for Allegedly Violating Patient Dumping Statute by Failing to Provide an Appropriate Medical Screening Examination",https://oig.hhs.gov/fraud/enforcement/ecu-health-medical-center-agreed-to-pay-119000-for-allegedly-violating-patient-dumping-statute-by-failing-to-provide-an-appropriate-medical-screening-examination/
Three Baton Rouge Individuals Plead Guilty In Federal Court In Connection With The Department Of Justice’s 2024 National Health Care Fraud Enforcement Action,2025-05-09,Three Baton Rouge Individuals Plead Guilty In Federal Court In Connection With The Department Of Justice’s 2024 National Health Care Fraud Enforcement Action,https://oig.hhs.gov/fraud/enforcement/three-baton-rouge-individuals-plead-guilty-in-federal-court-in-connection-with-the-department-of-justices-2024-national-health-care-fraud-enforcement-action/
Indian Citizen Charged In Multi-Million-Dollar Health Care Fraud Scheme,2025-05-09,Indian Citizen Charged In Multi-Million-Dollar Health Care Fraud Scheme,https://oig.hhs.gov/fraud/enforcement/indian-citizen-charged-in-multi-million-dollar-health-care-fraud-scheme/
Norwalk Dentists Pay More Than $600K To Settle False Claims Allegations,2025-05-09,Norwalk Dentists Pay More Than $600K To Settle False Claims Allegations,https://oig.hhs.gov/fraud/enforcement/norwalk-dentists-pay-more-than-600k-to-settle-false-claims-allegations/
New Jersey Woman Sentenced To Prison For Forced Labor And Other Federal Crimes,2025-05-09,New Jersey Woman Sentenced To Prison For Forced Labor And Other Federal Crimes,https://oig.hhs.gov/fraud/enforcement/new-jersey-woman-sentenced-to-prison-for-forced-labor-and-other-federal-crimes/
"Attorney General Tong Announces $495,721 False Claims Settlement with Dentists Over Prohibited Patient Recruiting Fees",2025-05-09,"Attorney General Tong Announces $495,721 False Claims Settlement with Dentists Over Prohibited Patient Recruiting Fees",https://oig.hhs.gov/fraud/enforcement/attorney-general-tong-announces-495721-false-claims-settlement-with-dentists-over-prohibited-patient-recruiting-fees/
"Delmarva Spine and Pain Agreed to Pay $311,000 for Allegedly Violating the Civil Monetary Penalties Law by Submitting Upcoded Evaluation and Management Claims and Claims that Misidentified the Place of Services",2025-05-09,"Delmarva Spine and Pain Agreed to Pay $311,000 for Allegedly Violating the Civil Monetary Penalties Law by Submitting Upcoded Evaluation and Management Claims and Claims that Misidentified the Place of Services",https://oig.hhs.gov/fraud/enforcement/delmarva-spine-and-pain-agreed-to-pay-311000-for-allegedly-violating-the-civil-monetary-penalties-law-by-submitting-upcoded-evaluation-and-management-claims-and-claims-that-misidentified-the-place-of-services/
Pharmaceutical Manufacturer Assertio Therapeutics Inc. Agrees To Pay $3.6M To Resolve Allegations That It Violated The False Claims Act In Connection With Marketing Its Fentanyl Product,2025-05-09,Pharmaceutical Manufacturer Assertio Therapeutics Inc. Agrees To Pay $3.6M To Resolve Allegations That It Violated The False Claims Act In Connection With Marketing Its Fentanyl Product,https://oig.hhs.gov/fraud/enforcement/pharmaceutical-manufacturer-assertio-therapeutics-inc-agrees-to-pay-36m-to-resolve-allegations-that-it-violated-the-false-claims-act-in-connection-with-marketing-its-fentanyl-product/
"Capital Health System Agreed to Pay $528,000 for Allegedly Violating the Civil Monetary Penalties Law by Submitting Claims for Remote Physiologic Monitoring that Did Not Meet Coverage and Payment Requirements",2025-05-09,"Capital Health System Agreed to Pay $528,000 for Allegedly Violating the Civil Monetary Penalties Law by Submitting Claims for Remote Physiologic Monitoring that Did Not Meet Coverage and Payment Requirements",https://oig.hhs.gov/fraud/enforcement/capital-health-system-agreed-to-pay-528000-for-allegedly-violating-the-civil-monetary-penalties-law-by-submitting-claims-for-remote-physiologic-monitoring-that-did-not-meet-coverage-and-payment-requirements/
Second Leader Of Notorious Philadelphia ‘10th And O Crew’ Sentenced To Over Four Years For Opioid Drug Conspiracy,2025-05-09,Second Leader Of Notorious Philadelphia ‘10th And O Crew’ Sentenced To Over Four Years For Opioid Drug Conspiracy,https://oig.hhs.gov/fraud/enforcement/second-leader-of-notorious-philadelphia-10th-and-o-crew-sentenced-to-over-four-years-for-opioid-drug-conspiracy/
"City of Bristol, Tennessee Agreed to Pay $20,000 for Allegedly Violating the Civil Monetary Penalties Law by Submitting Claims for Services Provided by an Unlicensed Individual",2025-05-09,"City of Bristol, Tennessee Agreed to Pay $20,000 for Allegedly Violating the Civil Monetary Penalties Law by Submitting Claims for Services Provided by an Unlicensed Individual",https://oig.hhs.gov/fraud/enforcement/city-of-bristol-tennessee-agreed-to-pay-20000-for-allegedly-violating-the-civil-monetary-penalties-law-by-submitting-claims-for-services-provided-by-an-unlicensed-individual/
Carr: Brookhaven Woman Convicted in $305k Medicaid Fraud Scheme,2025-05-12,Carr: Brookhaven Woman Convicted in $305k Medicaid Fraud Scheme,https://oig.hhs.gov/fraud/enforcement/carr-brookhaven-woman-convicted-in-305k-medicaid-fraud-scheme/
"Community Mental Health Affiliates Agreed to Pay $130,000 for Allegedly Violating the Civil Monetary Penalties Law by Employing an Excluded Individual",2025-05-12,"Community Mental Health Affiliates Agreed to Pay $130,000 for Allegedly Violating the Civil Monetary Penalties Law by Employing an Excluded Individual",https://oig.hhs.gov/fraud/enforcement/community-mental-health-affiliates-agreed-to-pay-130000-for-allegedly-violating-the-civil-monetary-penalties-law-by-employing-an-excluded-individual/
Attorney General Jeff Jackson Reaches $4.7 Million Medicaid Fraud Settlement,2025-05-13,Attorney General Jeff Jackson Reaches $4.7 Million Medicaid Fraud Settlement,https://oig.hhs.gov/fraud/enforcement/attorney-general-jeff-jackson-reaches-47-million-medicaid-fraud-settlement/
Attorney General Griffin Announces Arrest of Conway Woman for Abuse of a Vulnerable Person,2025-05-13,Attorney General Griffin Announces Arrest of Conway Woman for Abuse of a Vulnerable Person,https://oig.hhs.gov/fraud/enforcement/attorney-general-griffin-announces-arrest-of-conway-woman-for-abuse-of-a-vulnerable-person/
Attorney General Mayes Secures Over $34 Million in Fines and Restitution from Company Convicted of Defrauding AHCCCS Behavioral Health Program,2025-05-13,Attorney General Mayes Secures Over $34 Million in Fines and Restitution from Company Convicted of Defrauding AHCCCS Behavioral Health Program,https://oig.hhs.gov/fraud/enforcement/attorney-general-mayes-secures-over-34-million-in-fines-and-restitution-from-company-convicted-of-defrauding-ahcccs-behavioral-health-program/
New Hampshire Doctor Pleads Guilty to Illegally Prescribing Opioids,2025-05-13,New Hampshire Doctor Pleads Guilty to Illegally Prescribing Opioids,https://oig.hhs.gov/fraud/enforcement/new-hampshire-doctor-pleads-guilty-to-illegally-prescribing-opioids/
Fresno-Based Community Health System Agree to Pay $31.5 Million to Resolve Allegations of False Claims Act Violations,2025-05-14,Fresno-Based Community Health System Agree to Pay $31.5 Million to Resolve Allegations of False Claims Act Violations,https://oig.hhs.gov/fraud/enforcement/fresno-based-community-health-system-agree-to-pay-315-million-to-resolve-allegations-of-false-claims-act-violations/
Oakton Doctor Sentenced To 13 Years In Prison For Running Urgent Care Center As Opioid Pill Mill,2025-05-14,Oakton Doctor Sentenced To 13 Years In Prison For Running Urgent Care Center As Opioid Pill Mill,https://oig.hhs.gov/fraud/enforcement/oakton-doctor-sentenced-to-13-years-in-prison-for-running-urgent-care-center-as-opioid-pill-mill/
"Children’s Hospital of Philadelphia Agreed to Pay $23,000 for Allegedly Violating the Civil Monetary Penalties Law by Employing an Individual Excluded from Pennsylvania Medicaid",2025-05-15,"Children’s Hospital of Philadelphia Agreed to Pay $23,000 for Allegedly Violating the Civil Monetary Penalties Law by Employing an Individual Excluded from Pennsylvania Medicaid",https://oig.hhs.gov/fraud/enforcement/childrens-hospital-of-philadelphia-agreed-to-pay-23000-for-allegedly-violating-the-civil-monetary-penalties-law-by-employing-an-individual-excluded-from-pennsylvania-medicaid/
"Florida Ophthalmology Practice Agrees To Pay $615,000 To Resolve Allegations Of Fraudulent Claims To Medicare And Medicaid For Cranial Ultrasounds",2025-05-16,"Florida Ophthalmology Practice Agrees To Pay $615,000 To Resolve Allegations Of Fraudulent Claims To Medicare And Medicaid For Cranial Ultrasounds",https://oig.hhs.gov/fraud/enforcement/florida-ophthalmology-practice-agrees-to-pay-615000-to-resolve-allegations-of-fraudulent-claims-to-medicare-and-medicaid-for-cranial-ultrasounds/
Florida Pharmacy Pleads Guilty to Health Care Fraud and Agrees to Pay More Than $1 Million Settlement,2025-05-16,Florida Pharmacy Pleads Guilty to Health Care Fraud and Agrees to Pay More Than $1 Million Settlement,https://oig.hhs.gov/fraud/enforcement/florida-pharmacy-pleads-guilty-to-health-care-fraud-and-agrees-to-pay-more-than-1-million-settlement-1/
Middletown Man Admits Role in Scheme that Defrauded Connecticut’s Medicaid Program of More Than $1.8 Million,2025-05-16,Middletown Man Admits Role in Scheme that Defrauded Connecticut’s Medicaid Program of More Than $1.8 Million,https://oig.hhs.gov/fraud/enforcement/middletown-man-admits-role-in-scheme-that-defrauded-connecticuts-medicaid-program-of-more-than-18-million/
"Connecticut Physiatrist and Practice Pay $427k to Settle False Claims, Improper Billing Allegations",2025-05-16,"Connecticut Physiatrist and Practice Pay $427k to Settle False Claims, Improper Billing Allegations",https://oig.hhs.gov/fraud/enforcement/connecticut-physiatrist-and-practice-pay-427k-to-settle-false-claims-improper-billing-allegations/
"Quivvy Tech Corporation, Reliable Document Solutions and Franklyn Michelin Agreed to Be Excluded for 25 Years for Allegedly Submitting and Causing the Submission of Medically Unnecessary Durable Medical Equipment and Pharmaceuticals",2025-05-16,"Quivvy Tech Corporation, Reliable Document Solutions and Franklyn Michelin Agreed to Be Excluded for 25 Years for Allegedly Submitting and Causing the Submission of Medically Unnecessary Durable Medical Equipment and Pharmaceuticals",https://oig.hhs.gov/fraud/enforcement/quivvy-tech-corporation-reliable-document-solutions-and-franklyn-michelin-agreed-to-be-excluded-for-25-years-for-allegedly-submitting-and-causing-the-submission-of-medically-unnecessary-durable-medical-equipment-and-pharmaceuticals/
Catholic Health Agrees To Pay Nearly $3.3 Million To Resolve Alleged False Claims Act Violations,2025-05-16,Catholic Health Agrees To Pay Nearly $3.3 Million To Resolve Alleged False Claims Act Violations,https://oig.hhs.gov/fraud/enforcement/catholic-health-agrees-to-pay-nearly-33-million-to-resolve-alleged-false-claims-act-violations/
Laci Silgjord Found Guilty In Financial Exploitation Case,2025-05-19,Laci Silgjord Found Guilty In Financial Exploitation Case,https://oig.hhs.gov/fraud/enforcement/laci-silgjord-found-guilty-in-financial-exploitation-case/
Attorney General Brown Announces Guilty Pleas of Three Individuals to Over $3.6 Million in Medicaid Fraud,2025-05-19,Attorney General Brown Announces Guilty Pleas of Three Individuals to Over $3.6 Million in Medicaid Fraud,https://oig.hhs.gov/fraud/enforcement/attorney-general-brown-announces-guilty-pleas-of-three-individuals-to-over-36-million-in-medicaid-fraud/
CEO of Spine Device Company Pleads Guilty to False Statements in Connection with Mandatory Reporting to CMS,2025-05-19,CEO of Spine Device Company Pleads Guilty to False Statements in Connection with Mandatory Reporting to CMS,https://oig.hhs.gov/fraud/enforcement/ceo-of-spine-device-company-pleads-guilty-to-false-statements-in-connection-with-mandatory-reporting-to-cms/
Former Tulare County Medical Doctor Pleads Guilty to Distributing Misbranded Drugs Using False Claims about COVID-19,2025-05-19,Former Tulare County Medical Doctor Pleads Guilty to Distributing Misbranded Drugs Using False Claims about COVID-19,https://oig.hhs.gov/fraud/enforcement/former-tulare-county-medical-doctor-pleads-guilty-to-distributing-misbranded-drugs-using-false-claims-about-covid-19/
"13 Members and Associates of Rival Armenian Syndicates Arrested on Federal Complaints Alleging Attempted Murder, Kidnapping, Theft",2025-05-20,"13 Members and Associates of Rival Armenian Syndicates Arrested on Federal Complaints Alleging Attempted Murder, Kidnapping, Theft",https://oig.hhs.gov/fraud/enforcement/13-members-and-associates-of-rival-armenian-syndicates-arrested-on-federal-complaints-alleging-attempted-murder-kidnapping-theft/
Director of Mobile Medical Diagnostics Company Agrees to Plead Guilty to Kickback Scheme,2025-05-20,Director of Mobile Medical Diagnostics Company Agrees to Plead Guilty to Kickback Scheme,https://oig.hhs.gov/fraud/enforcement/director-of-mobile-medical-diagnostics-company-agrees-to-plead-guilty-to-kickback-scheme/
Pittsburgh-Area Nursing Home Companies Ordered to Pay More Than $15 Million in Restitution for Health Care Fraud,2025-05-20,Pittsburgh-Area Nursing Home Companies Ordered to Pay More Than $15 Million in Restitution for Health Care Fraud,https://oig.hhs.gov/fraud/enforcement/pittsburgh-area-nursing-home-companies-ordered-to-pay-more-than-15-million-in-restitution-for-health-care-fraud/
"Florida Ophthalmology Practice Agrees to Pay $615,000 to Resolve Allegations of Fraudulent Claims to Medicare and Medicaid for Cranial Ultrasounds",2025-05-20,"Florida Ophthalmology Practice Agrees to Pay $615,000 to Resolve Allegations of Fraudulent Claims to Medicare and Medicaid for Cranial Ultrasounds",https://oig.hhs.gov/fraud/enforcement/florida-ophthalmology-practice-agrees-to-pay-615000-to-resolve-allegations-of-fraudulent-claims-to-medicare-and-medicaid-for-cranial-ultrasounds-1/
Foreign National Sentenced for $3.2 Million Medicare Fraud Scheme,2025-05-20,Foreign National Sentenced for $3.2 Million Medicare Fraud Scheme,https://oig.hhs.gov/fraud/enforcement/foreign-national-sentenced-for-32-million-medicare-fraud-scheme/
Business Owner Pleads Guilty to Fraud and Money Laundering Schemes,2025-05-20,Business Owner Pleads Guilty to Fraud and Money Laundering Schemes,https://oig.hhs.gov/fraud/enforcement/business-owner-pleads-guilty-to-fraud-and-money-laundering-schemes/
Omaha Woman Fined for Medicaid Fraud,2025-05-21,Omaha Woman Fined for Medicaid Fraud,https://oig.hhs.gov/fraud/enforcement/omaha-woman-fined-for-medicaid-fraud/
Texas Doctor Who Falsely Diagnosed Patients Sentenced to 10 Years’ Imprisonment in Connection with $118M in Fraudulent Health Care Claims,2025-05-21,Texas Doctor Who Falsely Diagnosed Patients Sentenced to 10 Years’ Imprisonment in Connection with $118M in Fraudulent Health Care Claims,https://oig.hhs.gov/fraud/enforcement/texas-doctor-who-falsely-diagnosed-patients-sentenced-to-10-years-imprisonment-in-connection-with-118m-in-fraudulent-health-care-claims/
Jury Convicts Home Health Agency Owner In Medicare Fraud And Identity Theft Scheme,2025-05-21,Jury Convicts Home Health Agency Owner In Medicare Fraud And Identity Theft Scheme,https://oig.hhs.gov/fraud/enforcement/jury-convicts-home-health-agency-owner-in-medicare-fraud-and-identity-theft-scheme/
"Agendia, Inc., Knoxville Comprehensive Breast Center, PLLC, And Knoxville Dermatopathology Laboratory, LLC Agree To Settle False Claims Act Allegations For More Than $3,750,000",2025-05-21,"Agendia, Inc., Knoxville Comprehensive Breast Center, PLLC, And Knoxville Dermatopathology Laboratory, LLC Agree To Settle False Claims Act Allegations For More Than $3,750,000",https://oig.hhs.gov/fraud/enforcement/agendia-inc-knoxville-comprehensive-breast-center-pllc-and-knoxville-dermatopathology-laboratory-llc-agree-to-settle-false-claims-act-allegations-for-more-than-3750000/
"Perry Avenue Family Medical Center Agreed to Pay $600,000 for Allegedly Violating the Civil Monetary Penalties Law by Submitting Claims for Services Not Provided as Claimed",2025-05-22,"Perry Avenue Family Medical Center Agreed to Pay $600,000 for Allegedly Violating the Civil Monetary Penalties Law by Submitting Claims for Services Not Provided as Claimed",https://oig.hhs.gov/fraud/enforcement/perry-avenue-family-medical-center-agreed-to-pay-600000-for-allegedly-violating-the-civil-monetary-penalties-law-by-submitting-claims-for-services-not-provided-as-claimed/
Two Charged in $227M Medicare Fraud Scheme,2025-05-22,Two Charged in $227M Medicare Fraud Scheme,https://oig.hhs.gov/fraud/enforcement/two-charged-in-227m-medicare-fraud-scheme/
Irondequoit Man Claiming To Be A Physician Charged With Fraud And Illegally Dispensing Controlled Substances,2025-05-22,Irondequoit Man Claiming To Be A Physician Charged With Fraud And Illegally Dispensing Controlled Substances,https://oig.hhs.gov/fraud/enforcement/irondequoit-man-claiming-to-be-a-physician-charged-with-fraud-and-illegally-dispensing-controlled-substances/
Two St. Louis Area Doctors Admit Health Crimes,2025-05-22,Two St. Louis Area Doctors Admit Health Crimes,https://oig.hhs.gov/fraud/enforcement/two-st-louis-area-doctors-admit-health-crimes/
Owner of Durable Medical Equipment Companies Agrees to Plead Guilty in Nearly $30 Million Fraud Scheme,2025-05-23,Owner of Durable Medical Equipment Companies Agrees to Plead Guilty in Nearly $30 Million Fraud Scheme,https://oig.hhs.gov/fraud/enforcement/owner-of-durable-medical-equipment-companies-agrees-to-plead-guilty-in-nearly-30-million-fraud-scheme/
Former Senior Partner at McKinsey & Company Sentenced,2025-05-23,Former Senior Partner at McKinsey & Company Sentenced,https://oig.hhs.gov/fraud/enforcement/former-senior-partner-at-mckinsey-company-sentenced/
Three People Sentenced To Prison For Scheme To Bill Medicare For Millions Of Dollars In Unnecessary Medical Equipment,2025-05-23,Three People Sentenced To Prison For Scheme To Bill Medicare For Millions Of Dollars In Unnecessary Medical Equipment,https://oig.hhs.gov/fraud/enforcement/three-people-sentenced-to-prison-for-scheme-to-bill-medicare-for-millions-of-dollars-in-unnecessary-medical-equipment/
Medical Equipment Business Owner Sentenced to Federal Prison and Ordered to Pay Over $6 Million in Restitution for a Conspiracy to Commit Health Care Fraud,2025-05-27,Medical Equipment Business Owner Sentenced to Federal Prison and Ordered to Pay Over $6 Million in Restitution for a Conspiracy to Commit Health Care Fraud,https://oig.hhs.gov/fraud/enforcement/medical-equipment-business-owner-sentenced-to-federal-prison-and-ordered-to-pay-over-6-million-in-restitution-for-a-conspiracy-to-commit-health-care-fraud/
Chula Vista Man Pleads Guilty in $51 Million Medicare Fraud Scheme,2025-05-27,Chula Vista Man Pleads Guilty in $51 Million Medicare Fraud Scheme,https://oig.hhs.gov/fraud/enforcement/chula-vista-man-pleads-guilty-in-51-million-medicare-fraud-scheme/
Slidell Doctor Convicted Of Health Care Fraud,2025-05-27,Slidell Doctor Convicted Of Health Care Fraud,https://oig.hhs.gov/fraud/enforcement/slidell-doctor-convicted-of-health-care-fraud/
"Parkwest Medical Center Agreed to Pay $80,000 for Allegedly Violating Patient Dumping Statute by Failing to Provide an Appropriate Medical Screening Examination",2025-05-27,"Parkwest Medical Center Agreed to Pay $80,000 for Allegedly Violating Patient Dumping Statute by Failing to Provide an Appropriate Medical Screening Examination",https://oig.hhs.gov/fraud/enforcement/parkwest-medical-center-agreed-to-pay-80000-for-allegedly-violating-patient-dumping-statute-by-failing-to-provide-an-appropriate-medical-screening-examination/
"Jeffrey Parnell, Stanley Jones, and LGRB Management Services Agreed to Be Excluded for 10 Years for Allegedly Paying Improper Remuneration",2025-05-27,"Jeffrey Parnell, Stanley Jones, and LGRB Management Services Agreed to Be Excluded for 10 Years for Allegedly Paying Improper Remuneration",https://oig.hhs.gov/fraud/enforcement/jeffrey-parnell-stanley-jones-and-lgrb-management-services-agreed-to-be-excluded-for-10-years-for-allegedly-paying-improper-remuneration/
"Emerald Health and Rehab Center Agreed to Pay $65,000 for Allegedly Violating the Civil Monetary Penalties Law by Submitting Claims for Services Provided by an Unlicensed Individual",2025-05-27,"Emerald Health and Rehab Center Agreed to Pay $65,000 for Allegedly Violating the Civil Monetary Penalties Law by Submitting Claims for Services Provided by an Unlicensed Individual",https://oig.hhs.gov/fraud/enforcement/emerald-health-and-rehab-center-agreed-to-pay-65000-for-allegedly-violating-the-civil-monetary-penalties-law-by-submitting-claims-for-services-provided-by-an-unlicensed-individual/
"Autumn Care of Saluda, Autumn Care of Waynesville, and Valley Hill Health and Rehab Center Agreed to pay $33,000 for Allegedly Violating the Civil Monetary Penalties Law by Submitting Claims for Services Provided by an Unlicensed Individual",2025-05-27,"Autumn Care of Saluda, Autumn Care of Waynesville, and Valley Hill Health and Rehab Center Agreed to pay $33,000 for Allegedly Violating the Civil Monetary Penalties Law by Submitting Claims for Services Provided by an Unlicensed Individual",https://oig.hhs.gov/fraud/enforcement/autumn-care-of-saluda-autumn-care-of-waynesville-and-valley-hill-health-and-rehab-center-agreed-to-pay-33000-for-allegedly-violating-the-civil-monetary-penalties-law-by-submitting-claims-for-services-provided-by-an-unlicensed-individual/
"City of Wheeling, West Virginia Fire Department Agreed to Pay $36,000 for Allegedly Violating the Civil Monetary Penalties Law by Submitting Claims for Ambulance Services with False Signatures",2025-05-28,"City of Wheeling, West Virginia Fire Department Agreed to Pay $36,000 for Allegedly Violating the Civil Monetary Penalties Law by Submitting Claims for Ambulance Services with False Signatures",https://oig.hhs.gov/fraud/enforcement/city-of-wheeling-west-virginia-fire-department-agreed-to-pay-36000-for-allegedly-violating-the-civil-monetary-penalties-law-by-submitting-claims-for-ambulance-services-with-false-signatures/
Illinois Woman Sentenced for Prescription Drug Diversion,2025-05-28,Illinois Woman Sentenced for Prescription Drug Diversion,https://oig.hhs.gov/fraud/enforcement/illinois-woman-sentenced-for-prescription-drug-diversion/
South Carolina Man Charged for Multimillion-Dollar Medicare Fraud and Ponzi Schemes,2025-05-28,South Carolina Man Charged for Multimillion-Dollar Medicare Fraud and Ponzi Schemes,https://oig.hhs.gov/fraud/enforcement/south-carolina-man-charged-for-multimillion-dollar-medicare-fraud-and-ponzi-schemes/
Skilled Nursing Facilities Agreed to Pay $1.5 Million for Allegedly Violating the Civil Monetary Penalties Law by Employing Excluded Individuals,2025-05-29,Skilled Nursing Facilities Agreed to Pay $1.5 Million for Allegedly Violating the Civil Monetary Penalties Law by Employing Excluded Individuals,https://oig.hhs.gov/fraud/enforcement/skilled-nursing-facilities-agreed-to-pay-15-million-for-allegedly-violating-the-civil-monetary-penalties-law-by-employing-excluded-individuals/
Missouri Man Pleads Guilty to Multimillion-Dollar Medicare Fraud Conspiracy,2025-05-29,Missouri Man Pleads Guilty to Multimillion-Dollar Medicare Fraud Conspiracy,https://oig.hhs.gov/fraud/enforcement/missouri-man-pleads-guilty-to-multimillion-dollar-medicare-fraud-conspiracy/
"Sovereign Health Group Founder and Ex-CEO Arrested on Indictment Alleging Long-Running, Massive Fraud Against Health Insurers",2025-05-29,"Sovereign Health Group Founder and Ex-CEO Arrested on Indictment Alleging Long-Running, Massive Fraud Against Health Insurers",https://oig.hhs.gov/fraud/enforcement/sovereign-health-group-founder-and-ex-ceo-arrested-on-indictment-alleging-long-running-massive-fraud-against-health-insurers/
Carr: Richmond County Provider Charged with $255k in Medicaid Fraud,2025-05-29,Carr: Richmond County Provider Charged with $255k in Medicaid Fraud,https://oig.hhs.gov/fraud/enforcement/carr-richmond-county-provider-charged-with-255k-in-medicaid-fraud/
Former Detroit Pharmacist to Stand Trial for Medicaid Fraud,2025-05-29,Former Detroit Pharmacist to Stand Trial for Medicaid Fraud,https://oig.hhs.gov/fraud/enforcement/former-detroit-pharmacist-to-stand-trial-for-medicaid-fraud/
"Cook County Health Agreed to Pay $451,000 for Allegedly Violating the Civil Monetary Penalties Law by Submitting Claims for Services that Were Ineligible for Payment",2025-05-29,"Cook County Health Agreed to Pay $451,000 for Allegedly Violating the Civil Monetary Penalties Law by Submitting Claims for Services that Were Ineligible for Payment",https://oig.hhs.gov/fraud/enforcement/cook-county-health-agreed-to-pay-451000-for-allegedly-violating-the-civil-monetary-penalties-law-by-submitting-claims-for-services-that-were-ineligible-for-payment/
"Attorney General Alan Wilson Announces Moncks Corner Couple Charged With Stealing Over $20,000 From Vulnerable Adult",2025-05-30,"Attorney General Alan Wilson Announces Moncks Corner Couple Charged With Stealing Over $20,000 From Vulnerable Adult",https://oig.hhs.gov/fraud/enforcement/attorney-general-alan-wilson-announces-moncks-corner-couple-charged-with-stealing-over-20000-from-vulnerable-adult/
AG Sunday Announces Guilty Pleas in $12 Million Medicaid Fraud Scheme at Philadelphia Pharmacy; Two Scheme Leaders Jailed,2025-05-30,AG Sunday Announces Guilty Pleas in $12 Million Medicaid Fraud Scheme at Philadelphia Pharmacy; Two Scheme Leaders Jailed,https://oig.hhs.gov/fraud/enforcement/ag-sunday-announces-guilty-pleas-in-12-million-medicaid-fraud-scheme-at-philadelphia-pharmacy-two-scheme-leaders-jailed/
Florida Man Sentenced To 42 Months For Multimillion-Dollar Medicare Fraud Scheme,2025-05-30,Florida Man Sentenced To 42 Months For Multimillion-Dollar Medicare Fraud Scheme,https://oig.hhs.gov/fraud/enforcement/florida-man-sentenced-to-42-months-for-multimillion-dollar-medicare-fraud-scheme/
Former CEO Of Silver State Health Services And Real Estate Investor Indicted For Embezzling Over $2 Million Dollars In Federal Grant Money,2025-05-30,Former CEO Of Silver State Health Services And Real Estate Investor Indicted For Embezzling Over $2 Million Dollars In Federal Grant Money,https://oig.hhs.gov/fraud/enforcement/former-ceo-of-silver-state-health-services-and-real-estate-investor-indicted-for-embezzling-over-2-million-dollars-in-federal-grant-money/
Louisville Couple Sentenced to Federal Prison for Fraud Conspiracy and Ordered to Pay Restitution,2025-05-30,Louisville Couple Sentenced to Federal Prison for Fraud Conspiracy and Ordered to Pay Restitution,https://oig.hhs.gov/fraud/enforcement/louisville-couple-sentenced-to-federal-prison-for-fraud-conspiracy-and-ordered-to-pay-restitution/
Collin County Physician Agrees To Pay $3.5 Million To Resolve False Claims Act Allegations Of Billing False Claims To The COVID-19 Uninsured Program For Evaluation & Management Services Not Rendered,2025-05-30,Collin County Physician Agrees To Pay $3.5 Million To Resolve False Claims Act Allegations Of Billing False Claims To The COVID-19 Uninsured Program For Evaluation & Management Services Not Rendered,https://oig.hhs.gov/fraud/enforcement/collin-county-physician-agrees-to-pay-35-million-to-resolve-false-claims-act-allegations-of-billing-false-claims-to-the-covid-19-uninsured-program-for-evaluation-management-services-not-rendered/
Attorney General Ford Announces The Sentencing Of Behavioral  Health Company Owners In Medicaid Fraud Case,2025-06-02,Attorney General Ford Announces The Sentencing Of Behavioral  Health Company Owners In Medicaid Fraud Case,https://oig.hhs.gov/fraud/enforcement/attorney-general-ford-announces-the-sentencing-of-behavioral-health-company-owners-in-medicaid-fraud-case/
"Residential Treatment Provider Agrees to Pay $346,369 to Settle False Claims Act Allegations",2025-06-02,"Residential Treatment Provider Agrees to Pay $346,369 to Settle False Claims Act Allegations",https://oig.hhs.gov/fraud/enforcement/residential-treatment-provider-agrees-to-pay-346369-to-settle-false-claims-act-allegations/
Ohio Based Nonprofit And Affiliated Nursing Homes Agree To Pay $3.61 Million To Resolve False Claims Act Liability,2025-06-03,Ohio Based Nonprofit And Affiliated Nursing Homes Agree To Pay $3.61 Million To Resolve False Claims Act Liability,https://oig.hhs.gov/fraud/enforcement/ohio-based-nonprofit-and-affiliated-nursing-homes-agree-to-pay-361m-to-resolve-false-claims-act-liability/
CEO Of Health Care Software Company Convicted Of $1 Billion Fraud Conspiracy,2025-06-03,CEO Of Health Care Software Company Convicted Of $1 Billion Fraud Conspiracy,https://oig.hhs.gov/fraud/enforcement/ceo-of-health-care-software-company-convicted-of-1b-fraud-conspiracy/
Houston Doctor Pays Six Figures To Settle False Claims Act Liability Involving Neurostimulator Devices,2025-06-03,Houston Doctor Pays Six Figures To Settle False Claims Act Liability Involving Neurostimulator Devices,https://oig.hhs.gov/fraud/enforcement/houston-doctor-pays-six-figures-to-settle-false-claims-act-liability-involving-neurostimulator-devices/
United States Files False Claims Act Complaint Alleging Genetic Testing Medicare Fraud,2025-06-03,United States Files False Claims Act Complaint Alleging Genetic Testing Medicare Fraud,https://oig.hhs.gov/fraud/enforcement/united-states-files-false-claims-act-complaint-alleging-genetic-testing-medicare-fraud/
Florida Man Sentenced To 22 Months’ Imprisonment For Conspiracy To Pay And Receive Health Care Kickbacks,2025-06-03,Florida Man Sentenced To 22 Months’ Imprisonment For Conspiracy To Pay And Receive Health Care Kickbacks,https://oig.hhs.gov/fraud/enforcement/florida-man-sentenced-to-22-months-imprisonment-for-conspiracy-to-pay-and-receive-healthcare-kickbacks/
Rosedale Woman Pleads Guilty To Conspiracy To Distribute Controlled Substances And Money Laundering,2025-06-04,Rosedale Woman Pleads Guilty To Conspiracy To Distribute Controlled Substances And Money Laundering,https://oig.hhs.gov/fraud/enforcement/rosedale-woman-pleads-guilty-to-conspiracy-to-distribute-controlled-substances-and-money-laundering/
"Advanced Clinical Laboratory Agreed to Pay $33,000 for Allegedly Violating the Civil Monetary Penalties Law by Employing an Excluded Individual",2025-06-04,"Advanced Clinical Laboratory Agreed to Pay $33,000 for Allegedly Violating the Civil Monetary Penalties Law by Employing an Excluded Individual",https://oig.hhs.gov/fraud/enforcement/advanced-clinical-laboratory-agreed-to-pay-33000-for-allegedly-violating-the-civil-monetary-penalties-law-by-employing-an-excluded-individual/
Avon Woman Convicted In Medicaid Fraud Scheme,2025-06-04,Avon Woman Convicted In Medicaid Fraud Scheme,https://oig.hhs.gov/fraud/enforcement/avon-woman-convicted-in-medicaid-fraud-scheme/
"Pinnacle Peak Recovery Agreed to Pay $31,000 for Allegedly Violating the Civil Monetary Penalties Law by Employing an Excluded Individual",2025-06-04,"Pinnacle Peak Recovery Agreed to Pay $31,000 for Allegedly Violating the Civil Monetary Penalties Law by Employing an Excluded Individual",https://oig.hhs.gov/fraud/enforcement/pinnacle-peak-recovery-agreed-to-pay-31000-for-allegedly-violating-the-civil-monetary-penalties-law-by-employing-an-excluded-individual/
"Northwell Healthcare Agreed to Pay $411,000 for Allegedly Violating the Civil Monetary Penalties Law by Submitting Claims for Services Not Performed, that Did Not Meet Coverage Criteria, or Were Upcoded",2025-06-04,"Northwell Healthcare Agreed to Pay $411,000 for Allegedly Violating the Civil Monetary Penalties Law by Submitting Claims for Services Not Performed, that Did Not Meet Coverage Criteria, or Were Upcoded",https://oig.hhs.gov/fraud/enforcement/northwell-healthcare-agreed-to-pay-411000-for-allegedly-violating-the-civil-monetary-penalties-law-by-submitting-claims-for-services-not-performed-that-did-not-meet-coverage-criteria-or-were-upcoded/
Attorney General Griffin Announces Conviction of Heber Springs Woman for Exploitation of an Impaired Person,2025-06-05,Attorney General Griffin Announces Conviction of Heber Springs Woman for Exploitation of an Impaired Person,https://oig.hhs.gov/fraud/enforcement/attorney-general-griffin-announces-conviction-of-heber-springs-woman-for-exploitation-of-an-impaired-person/
Louisiana Man Pleads Guilty to $3.8 Million Durable Medical Equipment Fraud Scheme,2025-06-05,Louisiana Man Pleads Guilty to $3.8 Million Durable Medical Equipment Fraud Scheme,https://oig.hhs.gov/fraud/enforcement/louisiana-man-pleads-guilty-to-38-million-durable-medical-equipment-fraud-scheme/
Jorden Borders Guilty On All Counts In Child Torture And Medicaid Fraud Case,2025-06-06,Jorden Borders Guilty On All Counts In Child Torture And Medicaid Fraud Case,https://oig.hhs.gov/fraud/enforcement/jorden-borders-guilty-on-all-counts-in-child-torture-and-medicaid-fraud-case/
Southern California Nurse Indicted for Multi-Million Dollar Hospice Fraud in Fresno and Kern Counties,2025-06-06,Southern California Nurse Indicted for Multi-Million Dollar Hospice Fraud in Fresno and Kern Counties,https://oig.hhs.gov/fraud/enforcement/southern-california-nurse-indicted-for-multi-million-dollar-hospice-fraud-in-fresno-and-kern-counties/
Man Sentenced for Obtaining a Controlled Substance by Fraud and Making a False Statement to the Government,2025-06-06,Man Sentenced for Obtaining a Controlled Substance by Fraud and Making a False Statement to the Government,https://oig.hhs.gov/fraud/enforcement/man-sentenced-for-obtaining-a-controlled-substance-by-fraud-and-making-a-false-statement-to-the-government/
Woman Convicted of Two Felonies for Violations of the Medicaid False Claims Act and Public Assistance Fraud,2025-06-09,Woman Convicted of Two Felonies for Violations of the Medicaid False Claims Act and Public Assistance Fraud,https://oig.hhs.gov/fraud/enforcement/woman-convicted-of-two-felonies-for-violations-of-the-medicaid-false-claims-act-and-public-assistance-fraud/
Nurse Practitioner Convicted of Prescribing Drugs Without a Medical Purpose,2025-06-09,Nurse Practitioner Convicted of Prescribing Drugs Without a Medical Purpose,https://oig.hhs.gov/fraud/enforcement/nurse-practitioner-convicted-of-prescribing-drugs-without-a-medical-purpose/
"Lorien Nursing & Rehab Center-Elkridge Agreed to Pay $117,000 for Allegedly Violating the Civil Monetary Penalties Law by Submitting Claims for Services Provided by Unlicensed Individuals",2025-06-09,"Lorien Nursing & Rehab Center-Elkridge Agreed to Pay $117,000 for Allegedly Violating the Civil Monetary Penalties Law by Submitting Claims for Services Provided by Unlicensed Individuals",https://oig.hhs.gov/fraud/enforcement/lorien-nursing-rehab-center-elkridge-agreed-to-pay-117000-for-allegedly-violating-the-civil-monetary-penalties-law-by-submitting-claims-for-services-provided-by-unlicensed-individuals/
Suburban Chicago Physician Sentenced to Ten Years in Prison for Health Care Fraud,2025-06-10,Suburban Chicago Physician Sentenced to Ten Years in Prison for Health Care Fraud,https://oig.hhs.gov/fraud/enforcement/suburban-chicago-physician-sentenced-to-ten-years-in-prison-for-health-care-fraud/
"CareLink Home Health Agreed to Pay $35,000 for Allegedly Violating the Civil Monetary Penalties Law by Employing an Excluded Individual",2025-06-10,"CareLink Home Health Agreed to Pay $35,000 for Allegedly Violating the Civil Monetary Penalties Law by Employing an Excluded Individual",https://oig.hhs.gov/fraud/enforcement/carelink-home-health-agreed-to-pay-35000-for-allegedly-violating-the-civil-monetary-penalties-law-by-employing-an-excluded-individual/
"Adventist Health System Agreed to Pay $628,000 for Allegedly Violating the Civil Monetary Penalties Law by Submitting Claims for Services in Spaces Not Identified for Clinical Use or Supplemental Outpatient Services",2025-06-10,"Adventist Health System Agreed to Pay $628,000 for Allegedly Violating the Civil Monetary Penalties Law by Submitting Claims for Services in Spaces Not Identified for Clinical Use or Supplemental Outpatient Services",https://oig.hhs.gov/fraud/enforcement/adventist-health-system-agreed-to-pay-628000-for-allegedly-violating-the-civil-monetary-penalties-law-by-submitting-claims-for-services-in-spaces-not-identified-for-clinical-use-or-supplemental-outpatient-services/
Attorney General Alan Wilson announces Florence Co. health worker charged with Medicaid fraud,2025-06-10,Attorney General Alan Wilson announces Florence Co. health worker charged with Medicaid fraud,https://oig.hhs.gov/fraud/enforcement/attorney-general-alan-wilson-announces-florence-co-health-worker-charged-with-medicaid-fraud/
AG’s Office Secures Indictments Against Randolph Autism Service Provider For Allegedly Submitting More Than $1 Million In False Claims,2025-06-10,AG’s Office Secures Indictments Against Randolph Autism Service Provider For Allegedly Submitting More Than $1 Million In False Claims,https://oig.hhs.gov/fraud/enforcement/ags-office-secures-indictments-against-randolph-autism-service-provider-for-allegedly-submitting-more-than-1-million-in-false-claims/
"Great Neck Gastroenterologist Charged with More Than $100,000 Social Security Benefits Fraud",2025-06-10,"Great Neck Gastroenterologist Charged with More Than $100,000 Social Security Benefits Fraud",https://oig.hhs.gov/fraud/enforcement/great-neck-gastroenterologist-charged-with-more-than-100000-social-security-benefits-fraud/
Chester County Caretakers Plead Guilty to Neglecting Patient who Required Emergency Care,2025-06-10,Chester County Caretakers Plead Guilty to Neglecting Patient who Required Emergency Care,https://oig.hhs.gov/fraud/enforcement/chester-county-caretakers-plead-guilty-to-neglecting-patient-who-required-emergency-care/
"Citadel Care Center – Sterling Agreed to Pay $639,000 for Allegedly Violating the Civil Monetary Penalties Law by Employing an Excluded Individual",2025-06-10,"Citadel Care Center – Sterling Agreed to Pay $639,000 for Allegedly Violating the Civil Monetary Penalties Law by Employing an Excluded Individual",https://oig.hhs.gov/fraud/enforcement/citadel-care-center-sterling-agreed-to-pay-639000-for-allegedly-violating-the-civil-monetary-penalties-law-by-employing-an-excluded-individual/
"Doctor at L5 Pain Clinic Sentenced to 40 Months in Prison, Ordered to Pay $35,000 Fine and $200K in Forfeiture",2025-06-11,"Doctor at L5 Pain Clinic Sentenced to 40 Months in Prison, Ordered to Pay $35,000 Fine and $200K in Forfeiture",https://oig.hhs.gov/fraud/enforcement/doctor-at-l5-pain-clinic-sentenced-to-40-months-in-prison-ordered-to-pay-35000-fine-and-200k-in-forfeiture/
"Attorney General Alan Wilson announces Dillon woman charged with defrauding Medicaid of more than $10,000",2025-06-11,"Attorney General Alan Wilson announces Dillon woman charged with defrauding Medicaid of more than $10,000",https://oig.hhs.gov/fraud/enforcement/attorney-general-alan-wilson-announces-dillon-woman-charged-with-defrauding-medicaid-of-more-than-10000/
"Doctor at L5 Pain Clinic Sentenced to 40 Months in Prison, Ordered to Pay $35,000 Fine and $200,000 in Forfeiture",2025-06-11,"Doctor at L5 Pain Clinic Sentenced to 40 Months in Prison, Ordered to Pay $35,000 Fine and $200,000 in Forfeiture",https://oig.hhs.gov/fraud/enforcement/doctor-at-l5-pain-clinic-sentenced-to-40-months-in-prison-ordered-to-pay-35000-fine-and-200000-in-forfeiture/
Mahlega Abdsharafat and Creative Hospice Settle Health Care Kickback Claims for $9.2 Million,2025-06-11,Mahlega Abdsharafat and Creative Hospice Settle Health Care Kickback Claims for $9.2 Million,https://oig.hhs.gov/fraud/enforcement/mahlega-abdsharafat-and-creative-hospice-settle-health-care-kickback-claims-for-92-million/
Owner of Long Island Ambulette Services Pleads Guilty to Leading Multimillion Dollar Healthcare Fraud Scheme,2025-06-11,Owner of Long Island Ambulette Services Pleads Guilty to Leading Multimillion Dollar Healthcare Fraud Scheme,https://oig.hhs.gov/fraud/enforcement/owner-of-long-island-ambulette-services-pleads-guilty-to-leading-multimillion-dollar-healthcare-fraud-scheme/
New York Man Pleads Guilty to $70 Million Kickback Scheme,2025-06-11,New York Man Pleads Guilty to $70 Million Kickback Scheme,https://oig.hhs.gov/fraud/enforcement/new-york-man-pleads-guilty-to-70-million-kickback-scheme/
Riverside Recovery Services Was Excluded for Defaulting on Payment Obligations,2025-06-11,Riverside Recovery Services Was Excluded for Defaulting on Payment Obligations,https://oig.hhs.gov/fraud/enforcement/riverside-recovery-services-was-excluded-for-defaulting-on-payment-obligations/
Four Charged With Health Care Fraud And Related Crimes,2025-06-12,Four Charged With Health Care Fraud And Related Crimes,https://oig.hhs.gov/fraud/enforcement/four-charged-with-health-care-fraud-and-related-crimes/
Fugitive Physician Sentenced to Prison in Medicare Fraud Scheme,2025-06-12,Fugitive Physician Sentenced to Prison in Medicare Fraud Scheme,https://oig.hhs.gov/fraud/enforcement/fugitive-physician-sentenced-to-prison-in-medicare-fraud-scheme/
Attorney General Alan Wilson announces Spartanburg Co. woman charged with Medicaid fraud,2025-06-12,Attorney General Alan Wilson announces Spartanburg Co. woman charged with Medicaid fraud,https://oig.hhs.gov/fraud/enforcement/attorney-general-alan-wilson-announces-spartanburg-co-woman-charged-with-medicaid-fraud/
Attorney General Alan Wilson announces Greenville woman charged with Medicaid fraud,2025-06-13,Attorney General Alan Wilson announces Greenville woman charged with Medicaid fraud,https://oig.hhs.gov/fraud/enforcement/attorney-general-alan-wilson-announces-greenville-woman-charged-with-medicaid-fraud/
"Owner of Berks County Home Care Agency Sentenced to Prison, Ordered to Pay More Than $235K in Restitution After Pleading Guilty to Medicaid Fraud Scheme",2025-06-13,"Owner of Berks County Home Care Agency Sentenced to Prison, Ordered to Pay More Than $235K in Restitution After Pleading Guilty to Medicaid Fraud Scheme",https://oig.hhs.gov/fraud/enforcement/owner-of-berks-county-home-care-agency-sentenced-to-prison-ordered-to-pay-more-than-235k-in-restitution-after-pleading-guilty-to-medicaid-fraud-scheme/
"All Star Physical Therapy Specialists, Confluent Health, and Confluent Health California Agreed to Pay $636,000 for Allegedly Violating the Civil Monetary Penalties Law by Submitting Claims for Services by Non-enrolled or Uncredentialed Providers",2025-06-13,"All Star Physical Therapy Specialists, Confluent Health, and Confluent Health California Agreed to Pay $636,000 for Allegedly Violating the Civil Monetary Penalties Law by Submitting Claims for Services by Non-enrolled or Uncredentialed Providers",https://oig.hhs.gov/fraud/enforcement/all-star-physical-therapy-specialists-confluent-health-and-confluent-health-california-agreed-to-pay-636000-for-allegedly-violating-the-civil-monetary-penalties-law-by-submitting-claims-for-services-by-non-enrolled-or-uncredentialed-providers/
All Star Physical Therapy Agreed to Pay $1.2 Million for Allegedly Violating the Civil Monetary Penalties Law by Submitting Claims for Services by Non-enrolled or Uncredentialed Providers,2025-06-16,All Star Physical Therapy Agreed to Pay $1.2 Million for Allegedly Violating the Civil Monetary Penalties Law by Submitting Claims for Services by Non-enrolled or Uncredentialed Providers,https://oig.hhs.gov/fraud/enforcement/all-star-physical-therapy-agreed-to-pay-12-million-for-allegedly-violating-the-civil-monetary-penalties-law-by-submitting-claims-for-services-by-non-enrolled-or-uncredentialed-providers/
Baltimore Man Pleads Guilty in Connection With Murder-For-Hire Plot,2025-06-16,Baltimore Man Pleads Guilty in Connection With Murder-For-Hire Plot,https://oig.hhs.gov/fraud/enforcement/baltimore-man-pleads-guilty-in-connection-with-murder-for-hire-plot/
Attorney General Griffin Announces an Arrest and Two Medicaid Fraud Convictions,2025-06-17,Attorney General Griffin Announces an Arrest and Two Medicaid Fraud Convictions,https://oig.hhs.gov/fraud/enforcement/attorney-general-griffin-announces-an-arrest-and-two-medicaid-fraud-convictions/
Former South Deerfield Resident Pleads Guilty To Defrauding MassHealth's Personal Care Attendant Program,2025-06-18,Former South Deerfield Resident Pleads Guilty To Defrauding MassHealth's Personal Care Attendant Program,https://oig.hhs.gov/fraud/enforcement/former-south-deerfield-resident-pleads-guilty-to-defrauding-masshealths-personal-care-attendant-program/
Chicago Lab Owner Sentenced to Seven Years in Prison in Connection with $14M COVID-19 Fraud Scheme,2025-06-18,Chicago Lab Owner Sentenced to Seven Years in Prison in Connection with $14M COVID-19 Fraud Scheme,https://oig.hhs.gov/fraud/enforcement/chicago-lab-owner-sentenced-to-seven-years-in-prison-in-connection-with-14m-covid-19-fraud-scheme/
Wahid Makki Agreed to Be Excluded for 10 Years for Allegedly Submitting Claims for Prescriptions Never Dispensed,2025-06-18,Wahid Makki Agreed to Be Excluded for 10 Years for Allegedly Submitting Claims for Prescriptions Never Dispensed,https://oig.hhs.gov/fraud/enforcement/wahid-makki-agreed-to-be-excluded-for-10-years-for-allegedly-submitting-claims-for-prescriptions-never-dispensed/
Chesterfield Doctor Sentenced to 5 Years in Prison for Health Care Fraud,2025-06-20,Chesterfield Doctor Sentenced to 5 Years in Prison for Health Care Fraud,https://oig.hhs.gov/fraud/enforcement/chesterfield-doctor-sentenced-to-5-years-in-prison-for-health-care-fraud/
Attorney General Ford Announces Sentencing of Ringleaders and Accomplices in Behavioral Health Fraud Ring,2025-06-20,Attorney General Ford Announces Sentencing of Ringleaders and Accomplices in Behavioral Health Fraud Ring,https://oig.hhs.gov/fraud/enforcement/attorney-general-ford-announces-sentencing-of-ringleaders-and-accomplices-in-behavioral-health-fraud-ring/
"South Florida Medical Providers Agree to Pay $810,301 to Resolve Allegations of Fraudulently Billing Medicare",2025-06-20,"South Florida Medical Providers Agree to Pay $810,301 to Resolve Allegations of Fraudulently Billing Medicare",https://oig.hhs.gov/fraud/enforcement/south-florida-medical-providers-agree-to-pay-810301-to-resolve-allegations-of-fraudulently-billing-medicar/
Florida Nonprofit Founder and Accountant Charged with Stealing Over $100M from Special Needs Victims,2025-06-23,Florida Nonprofit Founder and Accountant Charged with Stealing Over $100M from Special Needs Victims,https://oig.hhs.gov/fraud/enforcement/florida-nonprofit-founder-and-accountant-charged-with-stealing-over-100m-from-special-needs-victims/
California Man Pleads Guilty In Connection With Laundering Proceeds Of $16 Million Hospice Fraud Scheme,2025-06-23,California Man Pleads Guilty In Connection With Laundering Proceeds Of $16 Million Hospice Fraud Scheme,https://oig.hhs.gov/fraud/enforcement/california-man-pleads-guilty-in-connection-with-laundering-proceeds-of-16m-hospice-fraud-scheme/
Menachem Lieberman Sentenced To 52 Months For Fraud On Federal Childcare Programs,2025-06-23,Menachem Lieberman Sentenced To 52 Months For Fraud On Federal Childcare Programs,https://oig.hhs.gov/fraud/enforcement/menachem-lieberman-sentenced-to-52-months-for-fraud-on-federal-childcare-programs/
Ex-Doctor Sentenced in $1.5 Million Medicaid Scheme,2025-06-24,Ex-Doctor Sentenced in $1.5 Million Medicaid Scheme,https://oig.hhs.gov/fraud/enforcement/ex-doctor-sentenced-in-15-million-medicaid-scheme/
Florida Man Convicted In Multimillion-Dollar Medicare Fraud Scheme,2025-06-24,Florida Man Convicted In Multimillion-Dollar Medicare Fraud Scheme,https://oig.hhs.gov/fraud/enforcement/florida-man-convicted-in-multimillion-dollar-medicare-fraud-scheme/
Personal Care Attendant Pleads Guilty To Defrauding MassHealth While Incarcerated,2025-06-25,Personal Care Attendant Pleads Guilty To Defrauding MassHealth While Incarcerated,https://oig.hhs.gov/fraud/enforcement/personal-care-attendant-pleads-guilty-to-defrauding-masshealth-while-incarcerated/
"University of California Irvine Health Agreed to Pay $482,000 for Allegedly Violating the Civil Monetary Penalties Law by Submitting Claims for Improperly Billed Critical Care Services",2025-06-25,"University of California Irvine Health Agreed to Pay $482,000 for Allegedly Violating the Civil Monetary Penalties Law by Submitting Claims for Improperly Billed Critical Care Services",https://oig.hhs.gov/fraud/enforcement/university-of-california-irvine-health-agreed-to-pay-482000-for-allegedly-violating-the-civil-monetary-penalties-law-by-submitting-claims-for-improperly-billed-critical-care-services/
Eureka Chiropractor Sentenced to 20 Months in Prison and Ordered to Repay More than $2.3 Million for Defrauding Medicare,2025-06-25,Eureka Chiropractor Sentenced to 20 Months in Prison and Ordered to Repay More than $2.3 Million for Defrauding Medicare,https://oig.hhs.gov/fraud/enforcement/eureka-chiropractor-sentenced-to-20-months-in-prison-and-ordered-to-repay-more-than-23-million-for-defrauding-medicare/
"NUWAY Alliance Agrees to Pay $18,500,000 Settlement in Medicaid Kickbacks Scheme, False Claims Act Violations",2025-06-26,"NUWAY Alliance Agrees to Pay $18,500,000 Settlement in Medicaid Kickbacks Scheme, False Claims Act Violations",https://oig.hhs.gov/fraud/enforcement/nuway-alliance-agrees-to-pay-18500000-settlement-in-medicaid-kickbacks-scheme-false-claims-act-violations/
Physician Sentenced to 18 Years in Prison for Operating a Pill Mill from His Northwest D.C. Medical Practice,2025-06-26,Physician Sentenced to 18 Years in Prison for Operating a Pill Mill from His Northwest D.C. Medical Practice,https://oig.hhs.gov/fraud/enforcement/physician-sentenced-to-18-years-in-prison-for-operating-a-pill-mill-from-his-northwest-dc-medical-practice/
Michigan Doctor Sentenced to Four Years for $6.3M Medicare Fraud Scheme,2025-06-26,Michigan Doctor Sentenced to Four Years for $6.3M Medicare Fraud Scheme,https://oig.hhs.gov/fraud/enforcement/michigan-doctor-sentenced-to-four-years-for-63m-medicare-fraud-scheme/
Remote Patient Monitoring Company Settles False Claims Act Lawsuit for $1.29 Million,2025-06-26,Remote Patient Monitoring Company Settles False Claims Act Lawsuit for $1.29 Million,https://oig.hhs.gov/fraud/enforcement/remote-patient-monitoring-company-settles-false-claims-act-lawsuit-for-129-million/
Attorney General Bonta Secures Sentencing of Southern California Health Care Operator for Medi-Cal Fraud,2025-06-27,Attorney General Bonta Secures Sentencing of Southern California Health Care Operator for Medi-Cal Fraud,https://oig.hhs.gov/fraud/enforcement/attorney-general-bonta-secures-sentencing-of-southern-california-health-care-operator-for-medi-cal-fraud/
"MP Primary Care Services Agreed to Pay $72,000 for Allegedly Violating the Civil Monetary Penalties Law by Submitting Claims for Services Not Provided",2025-06-27,"MP Primary Care Services Agreed to Pay $72,000 for Allegedly Violating the Civil Monetary Penalties Law by Submitting Claims for Services Not Provided",https://oig.hhs.gov/fraud/enforcement/mp-primary-care-services-agreed-to-pay-72000-for-allegedly-violating-the-civil-monetary-penalties-law-by-submitting-claims-for-services-not-provided/
"Lab Owner, Marketing Company Owner, and Doctor All Sentenced in Multi-Million Dollar Medicare and Medicaid Kickback Conspiracy",2025-06-27,"Lab Owner, Marketing Company Owner, and Doctor All Sentenced in Multi-Million Dollar Medicare and Medicaid Kickback Conspiracy",https://oig.hhs.gov/fraud/enforcement/lab-owner-marketing-company-owner-and-doctor-all-sentenced-in-multi-million-dollar-medicare-and-medicaid-kickback-conspiracy/
District of New Jersey: National Health Care Fraud Takedown Results in 324 Defendants Charged in Connection with Over $14.6 Billion in Alleged Fraud,2025-06-30,District of New Jersey: National Health Care Fraud Takedown Results in 324 Defendants Charged in Connection with Over $14.6 Billion in Alleged Fraud,https://oig.hhs.gov/fraud/enforcement/new-jersey-national-health-care-fraud-takedown-results-in-324-defendants-charged-in-connection-with-over-146-billion-in-alleged-fraud/
Eastern District of North Carolina: Multiple Eastern North Carolina Healthcare Professionals Charged in Connection With 2025 National Healthcare Fraud Takedown,2025-06-30,Eastern District of North Carolina: Multiple Eastern North Carolina Healthcare Professionals Charged in Connection With 2025 National Healthcare Fraud Takedown,https://oig.hhs.gov/fraud/enforcement/multiple-eastern-north-carolina-healthcare-professionals-charged-in-connection-with-2025-national-healthcare-fraud-takedown/
"Eastern District of New York: 11 Defendants Indicted in Multi-Billion Health Care Fraud Scheme, the Largest Case by Loss Amount Ever Charged by the Department Of Justice",2025-06-30,"Eastern District of New York: 11 Defendants Indicted in Multi-Billion Health Care Fraud Scheme, the Largest Case by Loss Amount Ever Charged by the Department Of Justice",https://oig.hhs.gov/fraud/enforcement/11-defendants-indicted-in-multi-billion-health-care-fraud-scheme-the-largest-case-by-loss-amount-ever-charged-by-the-department-of-justice/
Eastern District of Michigan: National Health Care Fraud Enforcement Action Results in 324 Defendants Charged and Over $14.6 Billion in Intended Fraud Loss Charged,2025-06-30,Eastern District of Michigan: National Health Care Fraud Enforcement Action Results in 324 Defendants Charged and Over $14.6 Billion in Intended Fraud Loss Charged,https://oig.hhs.gov/fraud/enforcement/michigan-national-health-care-fraud-enforcement-action-results-in-324-defendants-charged-and-over-146-billion-in-intended-fraud-loss-charged/
District of South Carolina: Cases Among Hundreds Announced in National Health Care Fraud Takedown,2025-06-30,District of South Carolina: Cases Among Hundreds Announced in National Health Care Fraud Takedown,https://oig.hhs.gov/fraud/enforcement/sc-cases-among-hundreds-announced-in-national-health-care-fraud-takedown/
District of North Dakota: National Health Care Fraud Takedown Results in 324 Defendants Charged in Connection with Over $14.6 Billion in Alleged Fraud,2025-06-30,District of North Dakota: National Health Care Fraud Takedown Results in 324 Defendants Charged in Connection with Over $14.6 Billion in Alleged Fraud,https://oig.hhs.gov/fraud/enforcement/district-of-north-dakota-national-health-care-fraud-takedown-results-in-324-defendants-charged-in-connection-with-over-146-billion-in-alleged-fraud/
District of Nevada: U.S. Attorney's Office Participates In Record-Setting National Health Care Fraud Takedown,2025-06-30,District of Nevada: U.S. Attorney's Office Participates In Record-Setting National Health Care Fraud Takedown,https://oig.hhs.gov/fraud/enforcement/nevada-us-attorneys-office-participates-in-record-setting-national-health-care-fraud-takedown/
Central District of California: Orange County Man Charged in Federal Complaint Alleging He Helped $270 Million Medi-Cal Scam Involving Medication Reimbursement,2025-06-30,Central District of California: Orange County Man Charged in Federal Complaint Alleging He Helped $270 Million Medi-Cal Scam Involving Medication Reimbursement,https://oig.hhs.gov/fraud/enforcement/orange-county-man-charged-in-federal-complaint-alleging-he-helped-270-million-medi-cal-scam-involving-medication-reimbursement/
District of Maine: Lewiston Man Charged with Identity Theft and Fraud Charges as Part of National Health Care Fraud Takedown,2025-06-30,District of Maine: Lewiston Man Charged with Identity Theft and Fraud Charges as Part of National Health Care Fraud Takedown,https://oig.hhs.gov/fraud/enforcement/maine-lewiston-man-charged-with-identity-theft-and-fraud-charges-as-part-of-national-health-care-fraud-takedown/
District of Connecticut: National Health Care Fraud Takedown Results in 324 Defendants Charged in Connection with Over $14.6 Billion in Alleged Fraud,2025-06-30,District of Connecticut: National Health Care Fraud Takedown Results in 324 Defendants Charged in Connection with Over $14.6 Billion in Alleged Fraud,https://oig.hhs.gov/fraud/enforcement/connecticut-national-health-care-fraud-takedown-results-in-324-defendants-charged-in-connection-with-over-146-billion-in-alleged-fraud/
District of Columbia: U.S. Attorney’s Office Participates in Record-Setting National Health Care Fraud Takedown,2025-06-30,District of Columbia: U.S. Attorney’s Office Participates in Record-Setting National Health Care Fraud Takedown,https://oig.hhs.gov/fraud/enforcement/us-attorneys-office-participates-in-record-setting-national-health-care-fraud-takedown/
District of Columbia: Personal Health Care Aide Charged with Health Care Fraud,2025-06-30,District of Columbia: Personal Health Care Aide Charged with Health Care Fraud,https://oig.hhs.gov/fraud/enforcement/personal-health-care-aide-charged-with-health-care-fraud/
District of Arizona: District of Arizona Charges 7 Defendants as Part of National Health Care Fraud Takedown,2025-06-30,District of Arizona: District of Arizona Charges 7 Defendants as Part of National Health Care Fraud Takedown,https://oig.hhs.gov/fraud/enforcement/district-of-arizona-charges-7-defendants-as-part-of-national-health-care-fraud-takedown/
Eastern District of Pennsylvania: Bensalem Woman Charged in Home Care Fraud Kickback Scheme That Caused Loss to Medicaid of Nearly $1.1 Million,2025-06-30,Eastern District of Pennsylvania: Bensalem Woman Charged in Home Care Fraud Kickback Scheme That Caused Loss to Medicaid of Nearly $1.1 Million,https://oig.hhs.gov/fraud/enforcement/bensalem-woman-charged-in-home-care-fraud-kickback-scheme-that-caused-loss-to-medicaid-of-nearly-11-million/
"Nirmal Mulye, PhD Was Excluded for Defaulting on Payment Obligations",2025-06-30,"Nirmal Mulye, PhD Was Excluded for Defaulting on Payment Obligations",https://oig.hhs.gov/fraud/enforcement/nirmal-mulye-phd-was-excluded-for-defaulting-on-payment-obligations/
District of Massachusetts: Canton Man Charged in National Health Care Fraud Takedown,2025-06-30,District of Massachusetts: Canton Man Charged in National Health Care Fraud Takedown,https://oig.hhs.gov/fraud/enforcement/canton-man-charged-in-national-health-care-fraud-takedown/
Eastern District of Virginia: U.S. Attorney Erik S. Siebert Announces Charges As Part Of DOJ’s National Health Care Fraud Enforcement Action,2025-06-30,Eastern District of Virginia: U.S. Attorney Erik S. Siebert Announces Charges As Part Of DOJ’s National Health Care Fraud Enforcement Action,https://oig.hhs.gov/fraud/enforcement/eastern-district-of-virginia-us-attorney-erik-s-siebert-announces-charges-as-part-of-dojs-national-health-care-fraud-enforcement-action/
Southern District of Ohio: U.S. Attorney’s Office Announces Charges Filed As Part Of National Health Care Fraud Takedown,2025-06-30,Southern District of Ohio: U.S. Attorney’s Office Announces Charges Filed As Part Of National Health Care Fraud Takedown,https://oig.hhs.gov/fraud/enforcement/southern-district-of-ohio-us-attorneys-office-announces-charges-filed-as-part-of-national-health-care-fraud-takedown/
Middle District of Louisiana: National Health Care Fraud Takedown Results In 324 Defendants Charged In Connection With Over $14.6 Billion In Alleged Fraud,2025-06-30,Middle District of Louisiana: National Health Care Fraud Takedown Results In 324 Defendants Charged In Connection With Over $14.6 Billion In Alleged Fraud,https://oig.hhs.gov/fraud/enforcement/louisiana-national-health-care-fraud-takedown-results-in-324-defendants-charged-in-connection-with-over-146-billion-in-alleged-fraud/
13 Medicaid Providers Facing Fraud Charges,2025-06-30,13 Medicaid Providers Facing Fraud Charges,https://oig.hhs.gov/fraud/enforcement/13-medicaid-providers-facing-fraud-charges/
Attorney General James Secures More Than $13 Million in Sweeping Takedown of Transportation Companies for Defrauding Medicaid,2025-06-30,Attorney General James Secures More Than $13 Million in Sweeping Takedown of Transportation Companies for Defrauding Medicaid,https://oig.hhs.gov/fraud/enforcement/attorney-general-james-secures-more-than-13-million-in-sweeping-takedown-of-transportation-companies-for-defrauding-medicaid/
Missouri Attorney General Bailey Joins National Health Care Fraud Takedown Resulting In Over $275K In Alleged Fraud,2025-06-30,Missouri Attorney General Bailey Joins National Health Care Fraud Takedown Resulting In Over $275K In Alleged Fraud,https://oig.hhs.gov/fraud/enforcement/missouri-attorney-general-bailey-joins-national-health-care-fraud-takedown-resulting-in-over-275k-in-alleged-fraud/
Owner of Durable Medical Equipment Company Charged by Federal Indictment in $5.4 Million Medicaid Fraud Scheme,2025-06-30,Owner of Durable Medical Equipment Company Charged by Federal Indictment in $5.4 Million Medicaid Fraud Scheme,https://oig.hhs.gov/fraud/enforcement/owner-of-durable-medical-equipment-company-charged-by-federal-indictment-in-54-million-medicaid-fraud-scheme/
Attorney General Griffin Announces Three Medicaid Fraud Arrests,2025-06-30,Attorney General Griffin Announces Three Medicaid Fraud Arrests,https://oig.hhs.gov/fraud/enforcement/attorney-general-griffin-announces-three-medicaid-fraud-arrests/
National Health Care Fraud Takedown Results in 324 Defendants Charged in Connection with Over $14.6 Billion in Alleged Fraud,2025-06-30,National Health Care Fraud Takedown Results in 324 Defendants Charged in Connection with Over $14.6 Billion in Alleged Fraud,https://oig.hhs.gov/fraud/enforcement/national-health-care-fraud-takedown-results-in-324-defendants-charged-in-connection-with-over-146-billion-in-alleged-fraud/
Middle District of Florida: National Health Care Fraud Takedown Results In 324 Defendants Charged In Connection With Over $14.6 Billion In Alleged Fraud,2025-06-30,Middle District of Florida: National Health Care Fraud Takedown Results In 324 Defendants Charged In Connection With Over $14.6 Billion In Alleged Fraud,https://oig.hhs.gov/fraud/enforcement/florida-national-health-care-fraud-takedown-results-in-324-defendants-charged-in-connection-with-over-146-billion-in-alleged-fraud/
Western District of Oklahoma: Oklahoma City Man Charged with Medicare Fraud as Part of National Takedown,2025-06-30,Western District of Oklahoma: Oklahoma City Man Charged with Medicare Fraud as Part of National Takedown,https://oig.hhs.gov/fraud/enforcement/oklahoma-city-man-charged-with-medicare-fraud-as-part-of-national-takedown/
Western District of Washington: Largest Ever Nationwide Healthcare Fraud Takedown Includes Two Cases From Western Washington,2025-06-30,Western District of Washington: Largest Ever Nationwide Healthcare Fraud Takedown Includes Two Cases From Western Washington,https://oig.hhs.gov/fraud/enforcement/largest-ever-nationwide-healthcare-fraud-takedown-includes-two-cases-from-western-washington/
Western District of New York: National Health Care Fraud Takedown results in 324 defendants charged in connection with over $14.6 billion in alleged fraud,2025-06-30,Western District of New York: National Health Care Fraud Takedown results in 324 defendants charged in connection with over $14.6 billion in alleged fraud,https://oig.hhs.gov/fraud/enforcement/new-york-national-health-care-fraud-takedown-results-in-324-defendants-charged-in-connection-with-over-146-billion-in-alleged-fraud/
Western District of Michigan: National Health Care Fraud Takedown Results In 324 Defendants Charged In Connection With Over $14.6 Billion In Alleged Fraud,2025-06-30,Western District of Michigan: National Health Care Fraud Takedown Results In 324 Defendants Charged In Connection With Over $14.6 Billion In Alleged Fraud,https://oig.hhs.gov/fraud/enforcement/western-district-of-michigan-national-health-care-fraud-takedown-results-in-324-defendants-charged-in-connection-with-over-146-billion-in-alleged-fraud/
Southern District of Texas: Nearly 50 Charged In Southern District Of Texas As Part Of National Health Care Fraud Takedown,2025-06-30,Southern District of Texas: Nearly 50 Charged In Southern District Of Texas As Part Of National Health Care Fraud Takedown,https://oig.hhs.gov/fraud/enforcement/nearly-50-charged-in-southern-district-of-texas-as-part-of-national-health-care-fraud-takedown/
Southern District of Florida: National Health Care Fraud Takedown Results in 324 Defendants Charged in Connection with Over $14.6 Billion in Alleged Fraud,2025-06-30,Southern District of Florida: National Health Care Fraud Takedown Results in 324 Defendants Charged in Connection with Over $14.6 Billion in Alleged Fraud,https://oig.hhs.gov/fraud/enforcement/fl-national-health-care-fraud-takedown-results-in-324-defendants-charged-in-connection-with-over-146-billion-in-alleged-fraud/
Northern District of Mississippi: National Health Care Fraud Takedown Results in 324 Defendants Charged in Connection with Over $14.6 Billion in Alleged Fraud,2025-06-30,Northern District of Mississippi: National Health Care Fraud Takedown Results in 324 Defendants Charged in Connection with Over $14.6 Billion in Alleged Fraud,https://oig.hhs.gov/fraud/enforcement/mississippi-national-health-care-fraud-takedown-results-in-324-defendants-charged-in-connection-with-over-146-billion-in-alleged-fraud/
Northern District of California: Five Defendants Charged For Their Roles In Health Care Fraud And Illegal Drug Diversion Schemes,2025-06-30,Northern District of California: Five Defendants Charged For Their Roles In Health Care Fraud And Illegal Drug Diversion Schemes,https://oig.hhs.gov/fraud/enforcement/five-defendants-charged-for-their-roles-in-health-care-fraud-and-illegal-drug-diversion-schemes/
Middle District of Tennessee: Hendersonville Doctor and Her Office Manager Husband Indicted as Part of the Department of Justice's 2025 National Health Care Fraud Takedown,2025-06-30,Middle District of Tennessee: Hendersonville Doctor and Her Office Manager Husband Indicted as Part of the Department of Justice's 2025 National Health Care Fraud Takedown,https://oig.hhs.gov/fraud/enforcement/hendersonville-doctor-and-her-office-manager-husband-indicted-as-part-of-the-department-of-justices-2025-national-health-care-fraud-takedown/
Western District of North Carolina: Federal And State Officials Announce Efforts To Crack Down On Healthcare Fraud Schemes,2025-06-30,Western District of North Carolina: Federal And State Officials Announce Efforts To Crack Down On Healthcare Fraud Schemes,https://oig.hhs.gov/fraud/enforcement/federal-and-state-officials-announce-efforts-to-crack-down-on-healthcare-fraud-schemes/
District of Oregon: U.S. Attorney’s Office Participates in National Health Care Fraud Takedown Resulting in $2 Million Civil Settlement,2025-07-01,District of Oregon: U.S. Attorney’s Office Participates in National Health Care Fraud Takedown Resulting in $2 Million Civil Settlement,https://oig.hhs.gov/fraud/enforcement/district-of-oregon-us-attorneys-office-participates-in-national-health-care-fraud-takedown-resulting-in-2-million-civil-settlement/
Eastern District of Louisiana: National Health Care Fraud Takedown Results in 324 Defendants Charged in Fraud Scheme Totaling Over $14.6 Billion,2025-07-01,Eastern District of Louisiana: National Health Care Fraud Takedown Results in 324 Defendants Charged in Fraud Scheme Totaling Over $14.6 Billion,https://oig.hhs.gov/fraud/enforcement/eastern-district-of-louisiana-national-health-care-fraud-takedown-results-in-324-defendants-charged-in-fraud-scheme-totaling-over-146-billion/
"Ambulance Company And Its Owners Agree To Pay $900,000 To Settle False Claims Act Allegations Of Medically Unnecessary Ambulance Services",2025-07-01,"Ambulance Company And Its Owners Agree To Pay $900,000 To Settle False Claims Act Allegations Of Medically Unnecessary Ambulance Services",https://oig.hhs.gov/fraud/enforcement/ambulance-company-and-its-owners-agree-to-pay-900000-to-settle-false-claims-act-allegations-of-medically-unnecessary-ambulance-services/
"Northern District of Illinois: National Health Care Fraud Takedown Results in Charges Against 324 Individuals, Including 13 in Northern District of Illinois",2025-07-01,"Northern District of Illinois: National Health Care Fraud Takedown Results in Charges Against 324 Individuals, Including 13 in Northern District of Illinois",https://oig.hhs.gov/fraud/enforcement/northern-district-of-illinois-national-health-care-fraud-takedown-results-in-charges-against-324-individuals-including-13-in-northern-district-of-illinois/
Western District of Kentucky: U.S. Attorney’s Office Announces 5 Individuals Charged as Part of Department of Justice’s 2025 National Health Care Fraud Takedown,2025-07-01,Western District of Kentucky: U.S. Attorney’s Office Announces 5 Individuals Charged as Part of Department of Justice’s 2025 National Health Care Fraud Takedown,https://oig.hhs.gov/fraud/enforcement/western-district-of-kentucky-us-attorneys-office-announces-5-individuals-charged-as-part-of-department-of-justices-2025-national-health-care-fraud-takedown/
Northern District of Texas: Four Individuals Charged in Northern District of Texas with Health Care Fraud Schemes Totaling over $210 Million as part of National Takedown,2025-07-01,Northern District of Texas: Four Individuals Charged in Northern District of Texas with Health Care Fraud Schemes Totaling over $210 Million as part of National Takedown,https://oig.hhs.gov/fraud/enforcement/northern-district-of-texas-four-individuals-charged-in-northern-district-of-texas-with-health-care-fraud-schemes-totaling-over-210-million-as-part-of-national-takedown/
Durable Medical Equipment Owner Sentenced to 12 Years for $61 Million Medicare Fraud Scheme,2025-07-01,Durable Medical Equipment Owner Sentenced to 12 Years for $61 Million Medicare Fraud Scheme,https://oig.hhs.gov/fraud/enforcement/durable-medical-equipment-owner-sentenced-to-12-years-for-61-million-medicare-fraud-scheme/
AG Sunday Charges PA. Therapist Accused Of Sexploiting Patient As Part Of the 2025 National Health Care Fraud Takedown,2025-07-01,AG Sunday Charges PA. Therapist Accused Of Sexploiting Patient As Part Of the 2025 National Health Care Fraud Takedown,https://oig.hhs.gov/fraud/enforcement/ag-sunday-charges-pa-therapist-accused-of-sexploiting-patient-as-part-of-national-health-care-fraud-take-downs/
ICYMI: Attorney General Alan Wilson announces indictments in $21 million health care fraud schemes,2025-07-01,ICYMI: Attorney General Alan Wilson announces indictments in $21 million health care fraud schemes,https://oig.hhs.gov/fraud/enforcement/icymi-attorney-general-alan-wilson-announces-indictments-in-21-million-health-care-fraud-schemes/
Centers Healthcare Pays Over $6 Million for False Statements on Medicare Cost Reports,2025-07-01,Centers Healthcare Pays Over $6 Million for False Statements on Medicare Cost Reports,https://oig.hhs.gov/fraud/enforcement/centers-healthcare-pays-over-6-million-for-false-statements-on-medicare-cost-reports/
Attorney General Nessel Announces $4.5 Million Settlement with Detroit Nursing Homes Over Substandard Care Allegations,2025-07-02,Attorney General Nessel Announces $4.5 Million Settlement with Detroit Nursing Homes Over Substandard Care Allegations,https://oig.hhs.gov/fraud/enforcement/attorney-general-nessel-announces-45-million-settlement-with-detroit-nursing-homes-over-substandard-care-allegations/
Attorney General Liz Murrill's Medicaid Fraud Control Unit arrests Baton Rouge woman for Cruelty to Persons with Infirmities,2025-07-02,Attorney General Liz Murrill's Medicaid Fraud Control Unit arrests Baton Rouge woman for Cruelty to Persons with Infirmities,https://oig.hhs.gov/fraud/enforcement/attorney-general-liz-murrills-medicaid-fraud-control-unit-arrests-baton-rouge-woman-for-cruelty-to-persons-with-infirmities/
Bonita Man Pleads Guilty in $5.8 Million Medicare Fraud Scheme,2025-07-02,Bonita Man Pleads Guilty in $5.8 Million Medicare Fraud Scheme,https://oig.hhs.gov/fraud/enforcement/bonita-man-pleads-guilty-in-58-million-medicare-fraud-scheme/
Pharmacy Owner Sentenced to 87 Months in Prison and Administrator Sentenced to 72 Months for their Respective Roles in a Health Care Fraud and Kickback Scheme,2025-07-02,Pharmacy Owner Sentenced to 87 Months in Prison and Administrator Sentenced to 72 Months for their Respective Roles in a Health Care Fraud and Kickback Scheme,https://oig.hhs.gov/fraud/enforcement/pharmacy-owner-sentenced-to-87-months-in-prison-and-administrator-sentenced-to-72-months-for-their-respective-roles-in-a-health-care-fraud-and-kickback-scheme/
"Shelby County Caregiver Indicted, Charged with Stealing from Vulnerable Adults",2025-07-03,"Shelby County Caregiver Indicted, Charged with Stealing from Vulnerable Adults",https://oig.hhs.gov/fraud/enforcement/shelby-county-caregiver-indicted-charged-with-stealing-from-vulnerable-adults/
Adult Foster Home Owner Pleads Guilty to Neglect and Theft Charges Involving Medicaid Recipients,2025-07-03,Adult Foster Home Owner Pleads Guilty to Neglect and Theft Charges Involving Medicaid Recipients,https://oig.hhs.gov/fraud/enforcement/adult-foster-home-owner-pleads-guilty-to-neglect-and-theft-charges-involving-medicaid-recipients/
United States Files False Claim Act Complaint Against Delaware Medical Provider,2025-07-07,United States Files False Claim Act Complaint Against Delaware Medical Provider,https://oig.hhs.gov/fraud/enforcement/united-states-files-false-claim-act-complaint-against-delaware-medical-provider/
Former Delaware Nurse Practitioner Resolves Health Care Fraud Allegations,2025-07-07,Former Delaware Nurse Practitioner Resolves Health Care Fraud Allegations,https://oig.hhs.gov/fraud/enforcement/former-delaware-nurse-practitioner-resolves-health-care-fraud-allegations/
Former Chief Operating Officer of Pain Care Centers Sentenced,2025-07-08,Former Chief Operating Officer of Pain Care Centers Sentenced,https://oig.hhs.gov/fraud/enforcement/jennifer-adams-to-serve-36-months-for-concealing-fraud-and-drug-conspiracies/
Two California Residents Plead Guilty in Connection with $16M Hospice Fraud Scheme and Money Laundering Scheme,2025-07-08,Two California Residents Plead Guilty in Connection with $16M Hospice Fraud Scheme and Money Laundering Scheme,https://oig.hhs.gov/fraud/enforcement/two-california-residents-plead-guilty-in-connection-with-16m-hospice-fraud-scheme-and-money-laundering-scheme/
Attorney General Murrill secures over $200 million from Gilead Sciences for paying Illegal Kickbacks,2025-07-08,Attorney General Murrill secures over $200 million from Gilead Sciences for paying Illegal Kickbacks,https://oig.hhs.gov/fraud/enforcement/attorney-general-murrill-secures-over-200-million-from-gilead-sciences-for-paying-illegal-kickbacks/
"St. Joseph Living Center Agreed to Pay $88,000 for Allegedly Violating the Civil Monetary Penalties Law by Employing an Excluded Individual",2025-07-09,"St. Joseph Living Center Agreed to Pay $88,000 for Allegedly Violating the Civil Monetary Penalties Law by Employing an Excluded Individual",https://oig.hhs.gov/fraud/enforcement/st-joseph-living-center-agreed-to-pay-88000-for-allegedly-violating-the-civil-monetary-penalties-law-by-employing-an-excluded-individual/
"Shasta View Care Center Agreed to Pay $41,000 for Allegedly Violating the Civil Monetary Penalties Law by Submitting Claims for Fraudulent Nursing Services",2025-07-09,"Shasta View Care Center Agreed to Pay $41,000 for Allegedly Violating the Civil Monetary Penalties Law by Submitting Claims for Fraudulent Nursing Services",https://oig.hhs.gov/fraud/enforcement/shasta-view-care-center-agreed-to-pay-41000-for-allegedly-violating-the-civil-monetary-penalties-law-by-submitting-claims-for-fraudulent-nursing-services/
"MUSC Physicians Agreed to Pay $225,000 for Allegedly Violating the Civil Monetary Penalties Law by Submitting Claims for Psychotherapy that Were Not Provided as Claimed",2025-07-09,"MUSC Physicians Agreed to Pay $225,000 for Allegedly Violating the Civil Monetary Penalties Law by Submitting Claims for Psychotherapy that Were Not Provided as Claimed",https://oig.hhs.gov/fraud/enforcement/musc-physicians-agreed-to-pay-225000-for-allegedly-violating-the-civil-monetary-penalties-law-by-submitting-claims-for-psychotherapy-that-were-not-provided-as-claimed/
"1st Choice Healthcare Agreed to Pay $31,000 for Allegedly Violating the Civil Monetary Penalties Law by Submitting Claims for Chronic Care Management that Were Not Provided as Claimed",2025-07-09,"1st Choice Healthcare Agreed to Pay $31,000 for Allegedly Violating the Civil Monetary Penalties Law by Submitting Claims for Chronic Care Management that Were Not Provided as Claimed",https://oig.hhs.gov/fraud/enforcement/1st-choice-healthcare-agreed-to-pay-31000-for-allegedly-violating-the-civil-monetary-penalties-law-by-submitting-claims-for-chronic-care-management-that-were-not-provided-as-claimed/
Brant Jolly Agreed to Be Excluded for 10 Years for Allegedly Submitting False Claims for Lab Tests,2025-07-09,Brant Jolly Agreed to Be Excluded for 10 Years for Allegedly Submitting False Claims for Lab Tests,https://oig.hhs.gov/fraud/enforcement/brant-jolly-agreed-to-be-excluded-for-10-years-for-allegedly-submitting-false-claims-for-lab-tests/
9 Medicaid Providers Indicted on Fraud Charges,2025-07-10,9 Medicaid Providers Indicted on Fraud Charges,https://oig.hhs.gov/fraud/enforcement/9-medicaid-providers-indicted-on-fraud-charges/
Attorney General Griffin Announces Arrest of Paragould Woman for Medicaid Fraud,2025-07-10,Attorney General Griffin Announces Arrest of Paragould Woman for Medicaid Fraud,https://oig.hhs.gov/fraud/enforcement/attorney-general-griffin-announces-arrest-of-paragould-woman-for-medicaid-fraud/
Ohio Doctor Pleads Guilty to Role in Telemedicine Scheme,2025-07-10,Ohio Doctor Pleads Guilty to Role in Telemedicine Scheme,https://oig.hhs.gov/fraud/enforcement/ohio-doctor-pleads-guilty-to-role-in-telemedicine-scheme/
"UAB Medical West Agreed to Pay $100,000 for Allegedly Violating Patient Dumping Statue by Failing to Provide Stabilizing Treatment",2025-07-10,"UAB Medical West Agreed to Pay $100,000 for Allegedly Violating Patient Dumping Statue by Failing to Provide Stabilizing Treatment",https://oig.hhs.gov/fraud/enforcement/uab-medical-west-agreed-to-pay-100000-for-allegedly-violating-patient-dumping-statue-by-failing-to-provide-stabilizing-treatment/
"Andrew Gomes, MD Was Excluded for Defaulting on Payment Obligations",2025-07-10,"Andrew Gomes, MD Was Excluded for Defaulting on Payment Obligations",https://oig.hhs.gov/fraud/enforcement/andrew-gomes-md-was-excluded-for-defaulting-on-payment-obligations/
"Home Health Care Provider To Pay $334,807 To Settle False Claims Act Allegations",2025-07-11,"Home Health Care Provider To Pay $334,807 To Settle False Claims Act Allegations",https://oig.hhs.gov/fraud/enforcement/home-health-care-provider-to-pay-334807-to-settle-false-claims-act-allegations/
Raleigh County Physician Pleads Guilty to Federal Drug Crimes in Connection with HOPE Clinic,2025-07-11,Raleigh County Physician Pleads Guilty to Federal Drug Crimes in Connection with HOPE Clinic,https://oig.hhs.gov/fraud/enforcement/raleigh-county-physician-pleads-guilty-to-federal-drug-crimes-in-connection-with-hope-clinic/
"SPARC Network Agreed to Pay $181,000 for Allegedly Violating the Civil Monetary Penalties Law by Employing an Excluded Individual",2025-07-11,"SPARC Network Agreed to Pay $181,000 for Allegedly Violating the Civil Monetary Penalties Law by Employing an Excluded Individual",https://oig.hhs.gov/fraud/enforcement/sparc-network-agreed-to-pay-181000-for-allegedly-violating-the-civil-monetary-penalties-law-by-employing-an-excluded-individual/
Attorney General Marshall Announces Conviction of Former Director of Nursing of Montgomery Nursing Home for Theft of Narcotics,2025-07-11,Attorney General Marshall Announces Conviction of Former Director of Nursing of Montgomery Nursing Home for Theft of Narcotics,https://oig.hhs.gov/fraud/enforcement/attorney-general-marshall-announces-conviction-of-former-director-of-nursing-of-montgomery-nursing-home-for-theft-of-narcotics/
"Corvallis Clinic Agreed to Pay $108,000 for Allegedly Violating the Civil Monetary Penalties Law by Paying and Receiving Remuneration in the Form of Referrals and Receiving Remuneration in the Form of Referral Fees",2025-07-11,"Corvallis Clinic Agreed to Pay $108,000 for Allegedly Violating the Civil Monetary Penalties Law by Paying and Receiving Remuneration in the Form of Referrals and Receiving Remuneration in the Form of Referral Fees",https://oig.hhs.gov/fraud/enforcement/corvallis-clinic-agreed-to-pay-108000-for-allegedly-violating-the-civil-monetary-penalties-law-by-paying-and-receiving-remuneration-in-the-form-of-referrals-and-receiving-remuneration-in-the-form-of-referral-fees/
Former Caregiver at Retirement Community in Ashtabula County Indicted on Rape Charges,2025-07-14,Former Caregiver at Retirement Community in Ashtabula County Indicted on Rape Charges,https://oig.hhs.gov/fraud/enforcement/former-caregiver-at-retirement-community-in-ashtabula-county-indicted-on-rape-charges/
California Man Pleads Guilty in Connection with $16M Hospice Fraud Scheme and Money Laundering Scheme,2025-07-14,California Man Pleads Guilty in Connection with $16M Hospice Fraud Scheme and Money Laundering Scheme,https://oig.hhs.gov/fraud/enforcement/california-man-pleads-guilty-in-connection-with-16m-hospice-fraud-scheme-and-money-laundering-scheme/
AG Sunday Part of National Coalition Securing $200M+ from Gilead Sciences for Illegal Kickback Scheme to Sell HIV Drugs,2025-07-15,AG Sunday Part of National Coalition Securing $200M+ from Gilead Sciences for Illegal Kickback Scheme to Sell HIV Drugs,https://oig.hhs.gov/fraud/enforcement/ag-sunday-part-of-national-coalition-securing-200m-from-gilead-sciences-for-illegal-kickback-scheme-to-sell-hiv-drugs/
Attorney General James Secures Over $200 Million from Gilead Sciences for Paying Illegal Kickbacks,2025-07-15,Attorney General James Secures Over $200 Million from Gilead Sciences for Paying Illegal Kickbacks,https://oig.hhs.gov/fraud/enforcement/attorney-general-james-secures-over-200-million-from-gilead-sciences-for-paying-illegal-kickbacks/
Attorney General Formella Helps Secure Over $200 Million from Gilead Sciences for Illegal Kickbacks,2025-07-15,Attorney General Formella Helps Secure Over $200 Million from Gilead Sciences for Illegal Kickbacks,https://oig.hhs.gov/fraud/enforcement/attorney-general-formella-helps-secure-over-200-million-from-gilead-sciences-for-illegal-kickbacks/
AG Campbell Secures $1.6 Million For Massachusetts In Multi-State Settlement With Pharmaceutical Company,2025-07-15,AG Campbell Secures $1.6 Million For Massachusetts In Multi-State Settlement With Pharmaceutical Company,https://oig.hhs.gov/fraud/enforcement/ag-campbell-secures-16-million-for-massachusetts-in-multi-state-settlement-with-pharmaceutical-company/
Law Enforcement Recovers Over $6 Million in Forfeited Assets from Miami Couple Sentenced to 9- and 3-Year Prison Terms for Health Care Fraud and Money Laundering Conspiracies,2025-07-15,Law Enforcement Recovers Over $6 Million in Forfeited Assets from Miami Couple Sentenced to 9- and 3-Year Prison Terms for Health Care Fraud and Money Laundering Conspiracies,https://oig.hhs.gov/fraud/enforcement/law-enforcement-recovers-over-6-million-in-forfeited-assets-from-miami-couple-sentenced-to-9-and-3-year-prison-terms-for-health-care-fraud-and-money-laundering-conspiracies/
Health Care Worker Pleads Guilty to Double Billing District of Columbia Medicaid Programs,2025-07-15,Health Care Worker Pleads Guilty to Double Billing District of Columbia Medicaid Programs,https://oig.hhs.gov/fraud/enforcement/health-care-worker-pleads-guilty-to-double-billing-district-of-columbia-medicaid-programs/
Urgent Care Operator Pays $3 Million to Resolve Alleged Violations of the False Claims Act,2025-07-15,Urgent Care Operator Pays $3 Million to Resolve Alleged Violations of the False Claims Act,https://oig.hhs.gov/fraud/enforcement/urgent-care-operator-pays-3-million-dollars-to-resolve-alleged-violations-of-the-false-claims-act/
"Frankfort Regional Medical Center Agreed to Pay $110,000 for Allegedly Violating Patient Dumping Statute by Failing to Provide an Appropriate Medical Screening Examination",2025-07-15,"Frankfort Regional Medical Center Agreed to Pay $110,000 for Allegedly Violating Patient Dumping Statute by Failing to Provide an Appropriate Medical Screening Examination",https://oig.hhs.gov/fraud/enforcement/frankfort-regional-medical-center-agreed-to-pay-110000-for-allegedly-violating-patient-dumping-statute-by-failing-to-provide-an-appropriate-medical-screening-examination/
Nevada Nurse Practitioner Pleads Guilty To Fraudulent Medicare Wound Care Billing,2025-07-16,Nevada Nurse Practitioner Pleads Guilty To Fraudulent Medicare Wound Care Billing,https://oig.hhs.gov/fraud/enforcement/nevada-nurse-practitioner-pleads-guilty-to-fraudulent-medicare-wound-care-billing/
Florida Man Admits Role in $4.8 Million Health Care Fraud and Kickback Scheme,2025-07-16,Florida Man Admits Role in $4.8 Million Health Care Fraud and Kickback Scheme,https://oig.hhs.gov/fraud/enforcement/florida-man-admits-role-in-48-million-health-care-fraud-and-kickback-scheme/
"Former Iowa Nurse Sentenced to Federal Prison for Drug Diversion, Illegal Firearms Possession, and Bank Fraud",2025-07-16,"Former Iowa Nurse Sentenced to Federal Prison for Drug Diversion, Illegal Firearms Possession, and Bank Fraud",https://oig.hhs.gov/fraud/enforcement/former-iowa-nurse-sentenced-to-federal-prison-for-drug-diversion-illegal-firearms-possession-and-bank-fraud/
Attorney General Dan Rayfield Helps Secure $202 Million Settlement with Gilead Over Kickback Scheme Involving HIV Medications,2025-07-16,Attorney General Dan Rayfield Helps Secure $202 Million Settlement with Gilead Over Kickback Scheme Involving HIV Medications,https://oig.hhs.gov/fraud/enforcement/attorney-general-dan-rayfield-helps-secure-202-million-settlement-with-gilead-over-kickback-scheme-involving-hiv-medications/
Attorney General Raoul Announces More Than $200 Million Settlement With Gilead Sciences Over Illegal Kickbacks To Providers For Prescriptions,2025-07-16,Attorney General Raoul Announces More Than $200 Million Settlement With Gilead Sciences Over Illegal Kickbacks To Providers For Prescriptions,https://oig.hhs.gov/fraud/enforcement/attorney-general-raoul-announces-more-than-200-million-settlement-with-gilead-sciences-over-illegal-kickbacks-to-providers-for-prescriptions/
AG Campbell Announces Over $1 Million Settlement With Worcester County Transportation Provider For Defrauding MassHealth And Department Of Developmental Services,2025-07-16,AG Campbell Announces Over $1 Million Settlement With Worcester County Transportation Provider For Defrauding MassHealth And Department Of Developmental Services,https://oig.hhs.gov/fraud/enforcement/ag-campbell-announces-over-1-million-settlement-with-worcester-county-transportation-provider-for-defrauding-masshealth-and-department-of-developmental-services/
AG Jennings Secures over $96K Settlement Following HIV Drug Kickback Investigation,2025-07-16,AG Jennings Secures over $96K Settlement Following HIV Drug Kickback Investigation,https://oig.hhs.gov/fraud/enforcement/ag-jennings-secures-over-96k-settlement-following-hiv-drug-kickback-investigation/
"Attorney General Alan Wilson Announces Columbia Woman Charged With Stealing More Than $28,000 From Vulnerable Adult",2025-07-17,"Attorney General Alan Wilson Announces Columbia Woman Charged With Stealing More Than $28,000 From Vulnerable Adult",https://oig.hhs.gov/fraud/enforcement/attorney-general-alan-wilson-announces-columbia-woman-charged-with-stealing-more-than-28000-from-vulnerable-adult/
"Medfleet Agreed to Pay $81,000 for Allegedly Violating the Civil Monetary Penalties Law by Submitting Claims for Services Provided by an Improperly Licensed Emergency Medical Responder",2025-07-17,"Medfleet Agreed to Pay $81,000 for Allegedly Violating the Civil Monetary Penalties Law by Submitting Claims for Services Provided by an Improperly Licensed Emergency Medical Responder",https://oig.hhs.gov/fraud/enforcement/medfleet-agreed-to-pay-81000-for-allegedly-violating-the-civil-monetary-penalties-law-by-submitting-claims-for-services-provided-by-an-improperly-licensed-emergency-medical-responder/
"United States and the States of Georgia, Colorado, and South Carolina Obtain $114.5M in Judgments in a Sprawling Cancer Genetic Testing Lab Scheme",2025-07-17,"United States and the States of Georgia, Colorado, and South Carolina Obtain $114.5M in Judgments in a Sprawling Cancer Genetic Testing Lab Scheme",https://oig.hhs.gov/fraud/enforcement/united-states-and-the-states-of-georgia-colorado-and-south-carolina-obtain-1145m-in-judgments-in-a-sprawling-cancer-genetic-testing-lab-scheme/
Rossi Sentenced to an Additional Three Years in Prison for Health Care Fraud Related to COVID Testing,2025-07-18,Rossi Sentenced to an Additional Three Years in Prison for Health Care Fraud Related to COVID Testing,https://oig.hhs.gov/fraud/enforcement/rossi-sentenced-to-an-additional-three-years-in-prison-for-healthcare-fraud-related-to-covid-testing/
New Jersey Doctor Charged With Distributing Opioids In Exchange For Sexual Favors And Defrauding New Jersey Medicaid,2025-07-18,New Jersey Doctor Charged With Distributing Opioids In Exchange For Sexual Favors And Defrauding New Jersey Medicaid,https://oig.hhs.gov/fraud/enforcement/new-jersey-doctor-charged-with-distributing-opioids-in-exchange-for-sexual-favors-and-defrauding-new-jersey-medicaid/
"City of Fort Dodge Agreed to Pay $32,000 for Allegedly Violating the Civil Monetary Penalties Law by Submitting Claims for Services Provided by an Unlicensed Individual",2025-07-18,"City of Fort Dodge Agreed to Pay $32,000 for Allegedly Violating the Civil Monetary Penalties Law by Submitting Claims for Services Provided by an Unlicensed Individual",https://oig.hhs.gov/fraud/enforcement/city-of-fort-dodge-agreed-to-pay-32000-for-allegedly-violating-the-civil-monetary-penalties-law-by-submitting-claims-for-services-provided-by-an-unlicensed-individual/
Attorney General Ken Paxton's Medicaid Fraud Control Unit Plays Key Role in Largest Dismantling of Health Care Fraud in U.S. History. U.S.,2025-07-18,Attorney General Ken Paxton's Medicaid Fraud Control Unit Plays Key Role in Largest Dismantling of Health Care Fraud in U.S. History. U.S.,https://oig.hhs.gov/fraud/enforcement/attorney-general-ken-paxtons-medicaid-fraud-control-unit-plays-key-role-in-largest-dismantling-of-health-care-fraud-in-us-history-us/
Attorney General James Uthmeier Announces Arrest of Bay County Woman for Exploiting Elderly Pensacola Man,2025-07-18,Attorney General James Uthmeier Announces Arrest of Bay County Woman for Exploiting Elderly Pensacola Man,https://oig.hhs.gov/fraud/enforcement/attorney-general-james-uthmeier-announces-arrest-of-bay-county-woman-for-exploiting-elderly-pensacola-man/
"Woodlands Senior Living of Cape Elizabeth Agreed to Pay $270,000 for Allegedly Violating the Civil Monetary Penalties Law by Employing an Excluded Individual",2025-07-21,"Woodlands Senior Living of Cape Elizabeth Agreed to Pay $270,000 for Allegedly Violating the Civil Monetary Penalties Law by Employing an Excluded Individual",https://oig.hhs.gov/fraud/enforcement/woodlands-senior-living-of-cape-elizabeth-agreed-to-pay-270000-for-allegedly-violating-the-civil-monetary-penalties-law-by-employing-an-excluded-individual/
Attorney General Alan Wilson announces caregiver charged with beating vulnerable adult,2025-07-21,Attorney General Alan Wilson announces caregiver charged with beating vulnerable adult,https://oig.hhs.gov/fraud/enforcement/attorney-general-alan-wilson-announces-caregiver-charged-with-beating-vulnerable-adult/
"Eye Consultants of Pennsylvania, PC Agrees To Pay $790,000.00 To Settle False Claims Act Allegations",2025-07-21,"Eye Consultants of Pennsylvania, PC Agrees To Pay $790,000.00 To Settle False Claims Act Allegations",https://oig.hhs.gov/fraud/enforcement/eye-consultants-of-pennsylvania-pc-agrees-to-pay-79000000-to-settle-false-claims-act-allegations/
Trafficker Sent To Prison For Conspiring To Smuggle Toddler From Mexico,2025-07-22,Trafficker Sent To Prison For Conspiring To Smuggle Toddler From Mexico,https://oig.hhs.gov/fraud/enforcement/we-knocked-her-out-with-some-gummies-trafficker-sent-to-prison-for-conspiring-to-smuggle-toddler-from-mexico/
"United States Reaches $501,556 Civil Settlement Resolving Allegations of False Claims to Federal Health Care Programs",2025-07-22,"United States Reaches $501,556 Civil Settlement Resolving Allegations of False Claims to Federal Health Care Programs",https://oig.hhs.gov/fraud/enforcement/united-states-reaches-501556-civil-settlement-resolving-allegations-of-false-claims-to-federal-health-care-programs/
Attorney General Jeff Jackson Secures Over $200 Million from Gilead Sciences for Paying Kickbacks to Doctors,2025-07-23,Attorney General Jeff Jackson Secures Over $200 Million from Gilead Sciences for Paying Kickbacks to Doctors,https://oig.hhs.gov/fraud/enforcement/attorney-general-jeff-jackson-secures-over-200-million-from-gilead-sciences-for-paying-kickbacks-to-doctors/
Attorney General Bonta Secures $1.53 Million Settlement with One of Nation’s Largest Hospital Systems for Unlawful Training Repayment Agreements with Nurses,2025-07-24,Attorney General Bonta Secures $1.53 Million Settlement with One of Nation’s Largest Hospital Systems for Unlawful Training Repayment Agreements with Nurses,https://oig.hhs.gov/fraud/enforcement/attorney-general-bonta-secures-153-million-settlement-with-one-of-nations-largest-hospital-systems-for-unlawful-training-repayment-agreements-with-nurses/
Louisiana Nurse Practitioner Convicted Of $12 Million Medicare Fraud Scheme,2025-07-24,Louisiana Nurse Practitioner Convicted Of $12 Million Medicare Fraud Scheme,https://oig.hhs.gov/fraud/enforcement/louisiana-nurse-practitioner-convicted-of-12-million-medicare-fraud-scheme/
Florida Man Sentenced To More Than 17 Years For Scheme To Steal More Than $10.8 Million From Medicare,2025-07-25,Florida Man Sentenced To More Than 17 Years For Scheme To Steal More Than $10.8 Million From Medicare,https://oig.hhs.gov/fraud/enforcement/florida-man-sentenced-to-more-than-17-years-for-scheme-to-steal-more-than-108-million-from-medicare/
"Flowers Hospital Agreed to Pay $150,000 for Allegedly Violating Patient Dumping Statute by Failing to Accept Appropriate Transfers",2025-07-25,"Flowers Hospital Agreed to Pay $150,000 for Allegedly Violating Patient Dumping Statute by Failing to Accept Appropriate Transfers",https://oig.hhs.gov/fraud/enforcement/flowers-hospital-agreed-to-pay-150000-for-allegedly-violating-patient-dumping-statute-by-failing-to-accept-appropriate-transfers/
"AG’s Office Secures Guilty Plea, Restitution From New Bedford Clinical Lab For MassHealth Fraud And Kickback Schemes",2025-07-28,"AG’s Office Secures Guilty Plea, Restitution From New Bedford Clinical Lab For MassHealth Fraud And Kickback Schemes",https://oig.hhs.gov/fraud/enforcement/ags-office-secures-guilty-plea-restitution-from-new-bedford-clinical-lab-for-masshealth-fraud-and-kickback-schemes/
Attorney General Griffin Announces Arrest of Trumann Man for Medicaid Fraud,2025-07-28,Attorney General Griffin Announces Arrest of Trumann Man for Medicaid Fraud,https://oig.hhs.gov/fraud/enforcement/attorney-general-griffin-announces-arrest-of-trumann-man-for-medicaid-fraud/
"Urology Group of Florida Agreed to Pay $25,000 for Allegedly Violating the Civil Monetary Penalties Law by Employing an Excluded Individual",2025-07-28,"Urology Group of Florida Agreed to Pay $25,000 for Allegedly Violating the Civil Monetary Penalties Law by Employing an Excluded Individual",https://oig.hhs.gov/fraud/enforcement/urology-group-of-florida-agreed-to-pay-25000-for-allegedly-violating-the-civil-monetary-penalties-law-by-employing-an-excluded-individual/
"NHC Healthcare – Burlington Agreed to Pay $31,000 for Allegedly Violating the Civil Monetary Penalties Law by Submitting Claims for Services Provided by an Unlicensed Individual",2025-07-28,"NHC Healthcare – Burlington Agreed to Pay $31,000 for Allegedly Violating the Civil Monetary Penalties Law by Submitting Claims for Services Provided by an Unlicensed Individual",https://oig.hhs.gov/fraud/enforcement/nhc-healthcare-burlington-agreed-to-pay-31000-for-allegedly-violating-the-civil-monetary-penalties-law-by-submitting-claims-for-services-provided-by-an-unlicensed-individual/
Attorney General Griffin Announces Conviction of Lonoke Woman for Abuse of Adults,2025-07-29,Attorney General Griffin Announces Conviction of Lonoke Woman for Abuse of Adults,https://oig.hhs.gov/fraud/enforcement/attorney-general-griffin-announces-conviction-of-lonoke-woman-for-abuse-of-adults/
"Dermatology Providers Agree to Pay Nearly $850,000 to Resolve Allegations of False Wound Repair Claims",2025-07-30,"Dermatology Providers Agree to Pay Nearly $850,000 to Resolve Allegations of False Wound Repair Claims",https://oig.hhs.gov/fraud/enforcement/dermatology-providers-agree-to-pay-nearly-850000-to-resolve-allegations-of-false-wound-repair-claims/
AG Sunday’s Medicaid Fraud Control Section Charges Philadelphia Pharmacy in $2 Million Scheme Involving Sales of Unregulated HIV Medication,2025-07-30,AG Sunday’s Medicaid Fraud Control Section Charges Philadelphia Pharmacy in $2 Million Scheme Involving Sales of Unregulated HIV Medication,https://oig.hhs.gov/fraud/enforcement/ag-sundays-medicaid-fraud-control-section-charges-philadelphia-pharmacy-in-2-million-scheme-involving-sales-of-unregulated-hiv-medication/
Illumina Inc. to Pay $9.8M to Resolve False Claims Act Allegations Arising from Cybersecurity Vulnerabilities in Genomic Sequencing Systems,2025-07-31,Illumina Inc. to Pay $9.8M to Resolve False Claims Act Allegations Arising from Cybersecurity Vulnerabilities in Genomic Sequencing Systems,https://oig.hhs.gov/fraud/enforcement/illumina-inc-to-pay-98m-to-resolve-false-claims-act-allegations-arising-from-cybersecurity-vulnerabilities-in-genomic-sequencing-systems/
Greensboro Woman Sentenced in Conviction with Multi-Million Dollar Urine Drug Testing Scheme,2025-07-31,Greensboro Woman Sentenced in Conviction with Multi-Million Dollar Urine Drug Testing Scheme,https://oig.hhs.gov/fraud/enforcement/greensboro-woman-sentenced-in-conviction-with-multi-million-dollar-urine-drug-testing-scheme/
"Florida Woman to Pay $400,000 to Settle Allegations of Falsifying Diagnoses in connection with an Amherst Compounding Pharmacy",2025-07-31,"Florida Woman to Pay $400,000 to Settle Allegations of Falsifying Diagnoses in connection with an Amherst Compounding Pharmacy",https://oig.hhs.gov/fraud/enforcement/florida-woman-to-pay-400000-to-settle-allegations-of-falsifying-diagnoses-in-connection-with-an-amherst-compounding-pharmacy/
Worcester Psychiatrist Sentenced for Unlawful Distribution of Controlled Substances,2025-07-31,Worcester Psychiatrist Sentenced for Unlawful Distribution of Controlled Substances,https://oig.hhs.gov/fraud/enforcement/worcester-psychiatrist-sentenced-for-unlawful-distribution-of-controlled-substances/
CEO and Medical Director Charged in $500 Million COVID-19 Test Billing Fraud,2025-07-31,CEO and Medical Director Charged in $500 Million COVID-19 Test Billing Fraud,https://oig.hhs.gov/fraud/enforcement/ceo-and-medical-director-charged-in-500-million-covid-19-test-billing-fraud/
"Kidspeace National Centers of New England Agreed to Pay $44,000 for Allegedly Violating the Civil Monetary Penalties Law by Contracting with an Excluded Individual",2025-07-31,"Kidspeace National Centers of New England Agreed to Pay $44,000 for Allegedly Violating the Civil Monetary Penalties Law by Contracting with an Excluded Individual",https://oig.hhs.gov/fraud/enforcement/kidspeace-national-centers-of-new-england-agreed-to-pay-44000-for-allegedly-violating-the-civil-monetary-penalties-law-by-contracting-with-an-excluded-individual/
"Windsor Laurelwood Center for Behavioral Medicine Agreed to Pay $104,000 for Allegedly Violating the Civil Monetary Penalties Law by Employing an Excluded Individual",2025-07-31,"Windsor Laurelwood Center for Behavioral Medicine Agreed to Pay $104,000 for Allegedly Violating the Civil Monetary Penalties Law by Employing an Excluded Individual",https://oig.hhs.gov/fraud/enforcement/windsor-laurelwood-center-for-behavioral-medicine-agreed-to-pay-104000-for-allegedly-violating-the-civil-monetary-penalties-law-by-employing-an-excluded-individual/
"The Pointe Outpatient Behavioral Health Services Agreed to Pay $74,000 for Allegedly Violating the Civil Monetary Penalties Law by Employing an Excluded Individual",2025-07-31,"The Pointe Outpatient Behavioral Health Services Agreed to Pay $74,000 for Allegedly Violating the Civil Monetary Penalties Law by Employing an Excluded Individual",https://oig.hhs.gov/fraud/enforcement/the-pointe-outpatient-behavioral-health-services-agreed-to-pay-74000-for-allegedly-violating-the-civil-monetary-penalties-law-by-employing-an-excluded-individual/
"Broken Arrow Dentist To Pay More Than $500,000 After False Claims Act Allegations",2025-07-31,"Broken Arrow Dentist To Pay More Than $500,000 After False Claims Act Allegations",https://oig.hhs.gov/fraud/enforcement/broken-arrow-dentist-to-pay-more-than-500000-after-false-claims-act-allegations/
AG Campbell Secures $6 Million Settlement With Weymouth-Based Ambulance Companies For MassHealth False Claims,2025-08-04,AG Campbell Secures $6 Million Settlement With Weymouth-Based Ambulance Companies For MassHealth False Claims,https://oig.hhs.gov/fraud/enforcement/ag-campbell-secures-6-million-settlement-with-weymouth-based-ambulance-companies-for-masshealth-false-claims/
"St. Luke's Hospital of Duluth Agreed to Pay $214,000 for Allegedly Violating the Civil Monetary Penalties Law by Paying Remuneration in the Form of Free Technology Services",2025-08-04,"St. Luke's Hospital of Duluth Agreed to Pay $214,000 for Allegedly Violating the Civil Monetary Penalties Law by Paying Remuneration in the Form of Free Technology Services",https://oig.hhs.gov/fraud/enforcement/st-luke%C3%A6s-hospital-of-duluth-agreed-to-pay-214000-for-allegedly-violating-the-civil-monetary-penalties-law-by-paying-remuneration-in-the-form-of-free-technology-services/
"Zavier Ash, MD Agreed to Pay $209,000 for Allegedly Violating the Civil Monetary Penalties Law by Receiving Remuneration in Exchange for Prescribing Medications",2025-08-04,"Zavier Ash, MD Agreed to Pay $209,000 for Allegedly Violating the Civil Monetary Penalties Law by Receiving Remuneration in Exchange for Prescribing Medications",https://oig.hhs.gov/fraud/enforcement/zavier-ash-md-agreed-to-pay-209000-for-allegedly-violating-the-civil-monetary-penalties-law-by-receiving-remuneration-in-exchange-for-prescribing/
Glendale Woman Sentenced to 9 Years in Federal Prison for $10.6 Million Hospice Fraud Scheme Involving Kickbacks for Patients,2025-08-05,Glendale Woman Sentenced to 9 Years in Federal Prison for $10.6 Million Hospice Fraud Scheme Involving Kickbacks for Patients,https://oig.hhs.gov/fraud/enforcement/glendale-woman-sentenced-to-9-years-in-federal-prison-for-106-million-hospice-fraud-scheme-involving-kickbacks-for-patients/
Canton Man Pleads Guilty to Multi-Million-Dollar Health Care Fraud Scheme,2025-08-05,Canton Man Pleads Guilty to Multi-Million-Dollar Health Care Fraud Scheme,https://oig.hhs.gov/fraud/enforcement/canton-man-pleads-guilty-to-multi-million-dollar-health-care-fraud-scheme/
"AG's Office Secures Indictments Against Northampton Resident for Causing More Than $99,000 in False Claims to MassHealth",2025-08-05,"AG's Office Secures Indictments Against Northampton Resident for Causing More Than $99,000 in False Claims to MassHealth",https://oig.hhs.gov/fraud/enforcement/ags-office-secures-indictments-against-northampton-resident-for-causing-more-than-99000-in-false-claims-to-masshealth/
Attorney General Tong Announces APRN and Medical Practice to Pay Over $600k And Cease Connecticut Medicaid Participation to Settle False Claims Act Allegations,2025-08-06,Attorney General Tong Announces APRN and Medical Practice to Pay Over $600k And Cease Connecticut Medicaid Participation to Settle False Claims Act Allegations,https://oig.hhs.gov/fraud/enforcement/attorney-general-tong-announces-aprn-and-medical-practice-to-pay-over-600k-and-cease-connecticut-medicaid-participation-to-settle-false-claims-act-allegations/
"Woodland Springs Agreed to Pay $188,000 for Allegedly Violating the Civil Monetary Penalties Law by Submitting Claims for Services Provided by Unlicensed Individuals",2025-08-06,"Woodland Springs Agreed to Pay $188,000 for Allegedly Violating the Civil Monetary Penalties Law by Submitting Claims for Services Provided by Unlicensed Individuals",https://oig.hhs.gov/fraud/enforcement/woodland-springs-agreed-to-pay-188000-for-allegedly-violating-the-civil-monetary-penalties-law-by-submitting-claims-for-services-provided-by-unlicensed-individuals/
"University Physicians of Brooklyn Agreed to Pay $455,000 for Allegedly Violating the Civil Monetary Penalties Law by Submitting Claims for Incident-to Services Not Covered",2025-08-06,"University Physicians of Brooklyn Agreed to Pay $455,000 for Allegedly Violating the Civil Monetary Penalties Law by Submitting Claims for Incident-to Services Not Covered",https://oig.hhs.gov/fraud/enforcement/university-physicians-of-brooklyn-agreed-to-pay-455000-for-allegedly-violating-the-civil-monetary-penalties-law-by-submitting-claims-for-incident-to-services-not-covered/
Leader of $68M Adult Day Care Fraud Scheme Pleads Guilty,2025-08-06,Leader of $68M Adult Day Care Fraud Scheme Pleads Guilty,https://oig.hhs.gov/fraud/enforcement/leader-of-68m-adult-day-care-fraud-scheme-pleads-guilty/
Justice Department Files Two Civil Forfeiture Actions to Recover Nearly $11 Million in Health Care Fraud Proceeds,2025-08-06,Justice Department Files Two Civil Forfeiture Actions to Recover Nearly $11 Million in Health Care Fraud Proceeds,https://oig.hhs.gov/fraud/enforcement/justice-department-files-two-civil-forfeiture-actions-to-recover-nearly-11-million-in-health-care-fraud-proceeds/
APRN and Medical Practice to Pay Over $600k and Cease Connecticut Medicaid Participation to Settle False Claims Act Allegations,2025-08-06,APRN and Medical Practice to Pay Over $600k and Cease Connecticut Medicaid Participation to Settle False Claims Act Allegations,https://oig.hhs.gov/fraud/enforcement/aprn-and-medical-practice-to-pay-over-600k-and-cease-connecticut-medicaid-participation-to-settle-false-claims-act-allegations/
Would-be smuggler of three-year-old child sentenced to 36 months in federal prison,2025-08-06,Would-be smuggler of three-year-old child sentenced to 36 months in federal prison,https://oig.hhs.gov/fraud/enforcement/would-be-smuggler-of-three-year-old-child-sentenced-to-36-months-in-federal-prison/
Jorden Borders sentenced to 468 months in prison,2025-08-07,Jorden Borders sentenced to 468 months in prison,https://oig.hhs.gov/fraud/enforcement/jorden-borders-sentenced-to-468-months-in-prison/
"Elite Medical Transport Agreed to Pay $144,000 for Allegedly Violating the Civil Monetary Penalties Law by Submitting Claims for Services Containing Forged and Invalid Signatures",2025-08-07,"Elite Medical Transport Agreed to Pay $144,000 for Allegedly Violating the Civil Monetary Penalties Law by Submitting Claims for Services Containing Forged and Invalid Signatures",https://oig.hhs.gov/fraud/enforcement/elite-medical-transport-agreed-to-pay-144000-for-allegedly-violating-the-civil-monetary-penalties-law-by-submitting-claims-for-services-containing-forged-and-invalid-signatures/
Illinois Man Charged in Durable Medical Equipment Scheme,2025-08-07,Illinois Man Charged in Durable Medical Equipment Scheme,https://oig.hhs.gov/fraud/enforcement/illinois-man-charged-in-durable-medical-equipment-scheme/
CEO of Spine Device Company Sentenced for False Statements in Connection With Mandatory Reporting to CMS,2025-08-07,CEO of Spine Device Company Sentenced for False Statements in Connection With Mandatory Reporting to CMS,https://oig.hhs.gov/fraud/enforcement/ceo-of-spine-device-company-sentenced-for-false-statements-in-connection-with-mandatory-reporting-to-cms/
"Allentown-Area Pharmacy and Its Owner Agree to Pay $825,000 to Resolve Allegations of False Claims Act Liability",2025-08-08,"Allentown-Area Pharmacy and Its Owner Agree to Pay $825,000 to Resolve Allegations of False Claims Act Liability",https://oig.hhs.gov/fraud/enforcement/allentown-area-pharmacy-and-its-owner-agree-to-pay-825000-to-resolve-allegations-of-false-claims-act-liability/
United States Obtains More Than $1.4 Million Judgment Against Family Medical Practitioner for Fraudulent Billing,2025-08-11,United States Obtains More Than $1.4 Million Judgment Against Family Medical Practitioner for Fraudulent Billing,https://oig.hhs.gov/fraud/enforcement/united-states-obtains-more-than-14-million-judgment-against-family-medical-practitioner-for-fraudulent-billing/
Houston Doctor Agrees To Pay Over $2 Million To Settle Allegations Of Fraudulent Billing Of Federal Programs,2025-08-11,Houston Doctor Agrees To Pay Over $2 Million To Settle Allegations Of Fraudulent Billing Of Federal Programs,https://oig.hhs.gov/fraud/enforcement/houston-doctor-agrees-to-pay-over-2-million-to-settle-allegations-of-fraudulent-billing-of-federal-programs/
Richmond Psychotherapist Convicted Of Health Care Fraud To Pay Over $1 Million,2025-08-11,Richmond Psychotherapist Convicted Of Health Care Fraud To Pay Over $1 Million,https://oig.hhs.gov/fraud/enforcement/richmond-psychotherapist-convicted-of-healthcare-fraud-to-pay-over-1m/
"Watonga Psychiatrist To Pay More Than $170,000 For False Claims Act Allegations",2025-08-12,"Watonga Psychiatrist To Pay More Than $170,000 For False Claims Act Allegations",https://oig.hhs.gov/fraud/enforcement/watonga-psychiatrist-to-pay-more-than-170000-for-false-claims-act-allegations/
Abdifatah Yusuf Found Guilty Of Bilking Medicaid Program Out Of Over $7.2 Million,2025-08-12,Abdifatah Yusuf Found Guilty Of Bilking Medicaid Program Out Of Over $7.2 Million,https://oig.hhs.gov/fraud/enforcement/abdifatah-yusuf-found-guilty-of-bilking-medicaid-program-out-of-over-72-million/
Superseding Indictment Against Pittsburgh Health Care Facility Owner Adds Charges of Social Security Fraud and Concealing Material Facts Related to Health Care Matters,2025-08-12,Superseding Indictment Against Pittsburgh Health Care Facility Owner Adds Charges of Social Security Fraud and Concealing Material Facts Related to Health Care Matters,https://oig.hhs.gov/fraud/enforcement/superseding-indictment-against-pittsburgh-health-care-facility-owner-adds-charges-of-social-security-fraud-and-concealing-material-facts-related-to-health-care-matters/
Connecticut Lab and Owners to Pay More Than $1.2 Million to Settle False Claims Act Allegations,2025-08-13,Connecticut Lab and Owners to Pay More Than $1.2 Million to Settle False Claims Act Allegations,https://oig.hhs.gov/fraud/enforcement/connecticut-lab-and-owners-to-pay-more-than-12-million-to-settle-false-claims-act-allegations/
"Legacy Health Agreed to Pay $709,000 for Allegedly Violating the Civil Monetary Penalties Law by Submitting Claims for Sleep Study Services Not Provided and Paying Remuneration in the Form of Compensation for Services Not Provided",2025-08-13,"Legacy Health Agreed to Pay $709,000 for Allegedly Violating the Civil Monetary Penalties Law by Submitting Claims for Sleep Study Services Not Provided and Paying Remuneration in the Form of Compensation for Services Not Provided",https://oig.hhs.gov/fraud/enforcement/legacy-health-agreed-to-pay-709000-for-allegedly-violating-the-civil-monetary-penalties-law-by-submitting-claims-for-sleep-study-services-not-provided-and-paying-remuneration-in-the-form-of-compensation-for-services-not-provided/
"Connecticut Lab, its Owners and Officers, to Pay More Than $1.2 Million to Settle False Claims Act Allegations",2025-08-13,"Connecticut Lab, its Owners and Officers, to Pay More Than $1.2 Million to Settle False Claims Act Allegations",https://oig.hhs.gov/fraud/enforcement/connecticut-lab-its-owners-and-officers-to-pay-more-than-12-million-to-settle-false-claims-act-allegations/
"Swedish American Hospital Agreed to Pay $100,000 for Allegedly Violating Patient Dumping Statute by Failing to Provide an Appropriate Medical Screening Examination and Stabilizing Treatment",2025-08-14,"Swedish American Hospital Agreed to Pay $100,000 for Allegedly Violating Patient Dumping Statute by Failing to Provide an Appropriate Medical Screening Examination and Stabilizing Treatment",https://oig.hhs.gov/fraud/enforcement/swedish-american-hospital-agreed-to-pay-100000-for-allegedly-violating-patient-dumping-statute-by-failing-to-provide-an-appropriate-medical-screening-examination-and-stabilizing-treatment/
"Baltimore County Woman Admits to Impersonating Nurses, Pleads Guilty to Aggravated Identity Theft",2025-08-14,"Baltimore County Woman Admits to Impersonating Nurses, Pleads Guilty to Aggravated Identity Theft",https://oig.hhs.gov/fraud/enforcement/baltimore-county-woman-admits-to-impersonating-nurses-pleads-guilty-to-aggravated-identity-theft/
Four Men – Including Two Doctors – Charged in a $7 Million Illegal Opioid Distribution Conspiracy,2025-08-14,Four Men – Including Two Doctors – Charged in a $7 Million Illegal Opioid Distribution Conspiracy,https://oig.hhs.gov/fraud/enforcement/four-men-including-two-doctors-charged-in-a-7-million-illegal-opioid-distribution-conspiracy/
Marshalltown Woman Sentenced to Six Months in Federal Prison for Drug Diversion and False Statements in Medical Records,2025-08-14,Marshalltown Woman Sentenced to Six Months in Federal Prison for Drug Diversion and False Statements in Medical Records,https://oig.hhs.gov/fraud/enforcement/marshalltown-woman-sentenced-to-six-months-in-federal-prison-for-drug-diversion-and-false-statements-in-medical-records/
AG's Office Secures Guilty Plea and Restitution from Worcester-Based Home Health Company and Administrator for MassHealth Fraud,2025-08-14,AG's Office Secures Guilty Plea and Restitution from Worcester-Based Home Health Company and Administrator for MassHealth Fraud,https://oig.hhs.gov/fraud/enforcement/ags-office-secures-guilty-plea-and-restitution-from-worcester-based-home-health-company-and-administrator-for-masshealth-fraud/
Conviction of Fawn Gobis for Theft and Medicaid Fraud,2025-08-14,Conviction of Fawn Gobis for Theft and Medicaid Fraud,https://oig.hhs.gov/fraud/enforcement/conviction-of-fawn-gobis-for-theft-and-medicaid-fraud/
"Tri-Med Family Care Pays $7,500 Stipulated Penalty for Breaching Recipient Compliance Agreement",2025-08-14,"Tri-Med Family Care Pays $7,500 Stipulated Penalty for Breaching Recipient Compliance Agreement",https://oig.hhs.gov/fraud/enforcement/tri-med-family-care-pays-7500-stipulated-penalty-for-breaching-recipient-compliance-agreement/
Attorney General Bonta Announces Arrest and Felony Charges Against Nursing Assistant for Alleged Sexual Assault of Three Elderly Patients in Northern California,2025-08-14,Attorney General Bonta Announces Arrest and Felony Charges Against Nursing Assistant for Alleged Sexual Assault of Three Elderly Patients in Northern California,https://oig.hhs.gov/fraud/enforcement/attorney-general-bonta-announces-arrest-and-felony-charges-against-nursing-assistant-for-alleged-sexual-assault-of-three-elderly-patients-in-northern-california/
Attorney General Raúl Torrez Files Lawsuit Alleging Over $1.6 Million in Fraudulent Medicaid Claims and Identity Theft of Children,2025-08-14,Attorney General Raúl Torrez Files Lawsuit Alleging Over $1.6 Million in Fraudulent Medicaid Claims and Identity Theft of Children,https://oig.hhs.gov/fraud/enforcement/attorney-general-raul-torrez-files-lawsuit-alleging-over-16-million-in-fraudulent-medicaid-claims-and-identity-theft-of-children/
"10 Medicaid Providers Facing Fraud, Theft Charges",2025-08-15,"10 Medicaid Providers Facing Fraud, Theft Charges",https://oig.hhs.gov/fraud/enforcement/10-medicaid-providers-facing-fraud-theft-charges/
Saginaw Physician Charged with Medicaid Fraud,2025-08-15,Saginaw Physician Charged with Medicaid Fraud,https://oig.hhs.gov/fraud/enforcement/saginaw-physician-charged-with-medicaid-fraud/
"Houma Woman Arrested By Louisiana Bureau Of Investigation For Falsifying Check Stubs And Underreporting Income To Defraud The Medicaid Program Of More Than $83,000",2025-08-15,"Houma Woman Arrested By Louisiana Bureau Of Investigation For Falsifying Check Stubs And Underreporting Income To Defraud The Medicaid Program Of More Than $83,000",https://oig.hhs.gov/fraud/enforcement/houma-woman-arrested-by-louisiana-bureau-of-investigation-for-falsifying-check-stubs-and-underreporting-income-to-defraud-the-medicaid-program-of-more-than-83000/
AG Murrill's Medicaid Fraud Control Unit Arrests Slidell Woman For Cruel Attack On An Individual With A Disability Under Her Care,2025-08-15,AG Murrill's Medicaid Fraud Control Unit Arrests Slidell Woman For Cruel Attack On An Individual With A Disability Under Her Care,https://oig.hhs.gov/fraud/enforcement/ag-murrills-medicaid-fraud-control-unit-arrests-slidell-woman-for-cruel-attack-on-an-individual-with-a-disability-under-her-care/
Attorney General Griffin Announces Two Convictions and One Arrest by Medicaid Fraud Control Unit,2025-08-15,Attorney General Griffin Announces Two Convictions and One Arrest by Medicaid Fraud Control Unit,https://oig.hhs.gov/fraud/enforcement/attorney-general-griffin-announces-two-convictions-and-one-arrest-by-medicaid-fraud-control-unit/
Three Indicted in Multi-State Prescription Fraud Ring,2025-08-15,Three Indicted in Multi-State Prescription Fraud Ring,https://oig.hhs.gov/fraud/enforcement/three-indicted-in-multi-state-prescription-fraud-ring/
"Bristol Regional Medical Center Agreed to Pay $150,000 for Allegedly Violating Patient Dumping Statute by Failing to Provide Appropriate Medical Screening Examinations",2025-08-15,"Bristol Regional Medical Center Agreed to Pay $150,000 for Allegedly Violating Patient Dumping Statute by Failing to Provide Appropriate Medical Screening Examinations",https://oig.hhs.gov/fraud/enforcement/bristol-regional-medical-center-agreed-to-pay-150000-for-allegedly-violating-patient-dumping-statute-by-failing-to-provide-appropriate-medical-screening-examinations/
Alabama Doctor Charged with $6 Million Telemedicine Health Care Fraud Scheme,2025-08-18,Alabama Doctor Charged with $6 Million Telemedicine Health Care Fraud Scheme,https://oig.hhs.gov/fraud/enforcement/alabama-doctor-charged-with-6-million-telemedicine-health-care-fraud-scheme/
"North Carolina Baptist Hospital Agreed to Pay $200,000 for Allegedly Violating Patient Dumping Statute by Failing to Provide Appropriate Medical Screening Examinations",2025-08-19,"North Carolina Baptist Hospital Agreed to Pay $200,000 for Allegedly Violating Patient Dumping Statute by Failing to Provide Appropriate Medical Screening Examinations",https://oig.hhs.gov/fraud/enforcement/north-carolina-baptist-hospital-agreed-to-pay-200000-for-allegedly-violating-patient-dumping-statute-by-failing-to-provide-appropriate-medical-screening-examinations/
California Behavioral Medicine Provider Agrees To Pay $2.75 Million To Resolve Alleged False Claims For Psychotherapy Services,2025-08-19,California Behavioral Medicine Provider Agrees To Pay $2.75 Million To Resolve Alleged False Claims For Psychotherapy Services,https://oig.hhs.gov/fraud/enforcement/california-behavioral-medicine-provider-agrees-to-pay-275-million-to-resolve-alleged-false-claims-for-psychotherapy-services/
"Emerald Care Center Claremore Agreed to Pay $116,000 for Allegedly Violating the Civil Monetary Penalties Law by Submitting Claims for Services Provided by an Unlicensed Individual",2025-08-19,"Emerald Care Center Claremore Agreed to Pay $116,000 for Allegedly Violating the Civil Monetary Penalties Law by Submitting Claims for Services Provided by an Unlicensed Individual",https://oig.hhs.gov/fraud/enforcement/emerald-care-center-claremore-agreed-to-pay-116000-for-allegedly-violating-the-civil-monetary-penalties-law-by-submitting-claims-for-services-provided-by-an-unlicensed-individual/
"Philadelphia Man Sentenced to Over Two Years in Prison for Defrauding the Government of More Than $1 Million in SNAP, Medicaid Benefits",2025-08-20,"Philadelphia Man Sentenced to Over Two Years in Prison for Defrauding the Government of More Than $1 Million in SNAP, Medicaid Benefits",https://oig.hhs.gov/fraud/enforcement/philadelphia-man-sentenced-to-over-two-years-in-prison-for-defrauding-the-government-of-more-than-1-million-in-snap-medicaid-benefits/
"Troy Health, Inc. Enters Non-Prosecution Agreement and Admits to Fraudulently Enrolling Medicare Beneficiaries and Identity Theft",2025-08-20,"Troy Health, Inc. Enters Non-Prosecution Agreement and Admits to Fraudulently Enrolling Medicare Beneficiaries and Identity Theft",https://oig.hhs.gov/fraud/enforcement/troy-health-inc-enters-non-prosecution-agreement-and-admits-to-fraudulently-enrolling-medicare-beneficiaries-and-identity-theft/
AG Murrill's Medicaid Fraud Control Unit Arrests Baton Rouge Woman For Failing To Report The Physical Abuse Of A Mentally Challenged Client As Required By Law,2025-08-21,AG Murrill's Medicaid Fraud Control Unit Arrests Baton Rouge Woman For Failing To Report The Physical Abuse Of A Mentally Challenged Client As Required By Law,https://oig.hhs.gov/fraud/enforcement/ag-murrills-medicaid-fraud-control-unit-arrests-baton-rouge-woman-for-failing-to-report-the-physical-abuse-of-a-mentally-challenged-client-as-required-by-law/
Brooklyn Cardiologist Sentenced To 37 Months In Prison In Connection With Health Care Fraud And Bribery Scheme,2025-08-21,Brooklyn Cardiologist Sentenced To 37 Months In Prison In Connection With Health Care Fraud And Bribery Scheme,https://oig.hhs.gov/fraud/enforcement/brooklyn-cardiologist-sentenced-to-37-months-in-prison-in-connection-with-health-care-fraud-and-bribery-scheme/
Memphis Woman Sentenced to Federal Prison for Scheme to Defraud Federal COVID-19 Relief Program,2025-08-21,Memphis Woman Sentenced to Federal Prison for Scheme to Defraud Federal COVID-19 Relief Program,https://oig.hhs.gov/fraud/enforcement/memphis-woman-sentenced-to-federal-prison-for-scheme-to-defraud-federal-covid-19-relief-program/
Three Baton Rouge Individuals Sentenced To Federal Prison In Connection With The Department Of Justice’s 2024 National Health Care Fraud Enforcement Action,2025-08-21,Three Baton Rouge Individuals Sentenced To Federal Prison In Connection With The Department Of Justice’s 2024 National Health Care Fraud Enforcement Action,https://oig.hhs.gov/fraud/enforcement/three-baton-rouge-individuals-sentenced-to-federal-prison-in-connection-with-the-department-of-justices-2024-national-health-care-fraud-enforcement-action/
"Crawford Drug Agreed to Pay $78,000 for Allegedly Violating the Civil Monetary Penalties Law by Submitting Claims for Prescription Drugs Not Dispensed",2025-08-22,"Crawford Drug Agreed to Pay $78,000 for Allegedly Violating the Civil Monetary Penalties Law by Submitting Claims for Prescription Drugs Not Dispensed",https://oig.hhs.gov/fraud/enforcement/crawford-drug-agreed-to-pay-78000-for-allegedly-violating-the-civil-monetary-penalties-law-by-submitting-claims-for-prescription-drugs-not-dispensed/
"Mississippi Medicaid Recipients Agree To Pay Over $170,000 To Resolve False Claims Act Allegations Of Health Care Benefits Fraud",2025-08-22,"Mississippi Medicaid Recipients Agree To Pay Over $170,000 To Resolve False Claims Act Allegations Of Health Care Benefits Fraud",https://oig.hhs.gov/fraud/enforcement/mississippi-medicaid-recipients-agree-to-pay-over-170000-to-resolve-false-claims-act-allegations-of-health-care-benefits-fraud/
"The Grand Rehabilitation and Nursing at Utica Agreed to Pay $315,000 for Allegedly Violating the Civil Monetary Penalties Law by Employing an Excluded Individual",2025-08-22,"The Grand Rehabilitation and Nursing at Utica Agreed to Pay $315,000 for Allegedly Violating the Civil Monetary Penalties Law by Employing an Excluded Individual",https://oig.hhs.gov/fraud/enforcement/the-grand-rehabilitation-and-nursing-at-utica-agreed-to-pay-315000-for-allegedly-violating-the-civil-monetary-penalties-law-by-employing-an-excluded-individual/
Compliance Director and Office Manager of Substance Abuse Company Convicted in Scheme to Pay Medicaid Kickbacks to Patients,2025-08-25,Compliance Director and Office Manager of Substance Abuse Company Convicted in Scheme to Pay Medicaid Kickbacks to Patients,https://oig.hhs.gov/fraud/enforcement/compliance-director-and-office-manager-of-substance-abuse-company-convicted-in-scheme-to-pay-medicaid-kickbacks-to-patients/
"North Central Ohio Family Care Center and Dr. James Heddleson Agreed to Pay $66,000 for Allegedly Violating the Civil Monetary Penalties Law by Submitting Claims that Did Not Meet Billing Requirements",2025-08-25,"North Central Ohio Family Care Center and Dr. James Heddleson Agreed to Pay $66,000 for Allegedly Violating the Civil Monetary Penalties Law by Submitting Claims that Did Not Meet Billing Requirements",https://oig.hhs.gov/fraud/enforcement/north-central-ohio-family-care-center-and-dr-james-heddleson-agreed-to-pay-66000-for-allegedly-violating-the-civil-monetary-penalties-law-by-submitting-claims-that-did-not-meet-billing-requirements/
Attorney General James Secures $12 Million and Major Reforms at Syracuse Nursing Home to Stop Resident Neglect and Financial Fraud,2025-08-25,Attorney General James Secures $12 Million and Major Reforms at Syracuse Nursing Home to Stop Resident Neglect and Financial Fraud,https://oig.hhs.gov/fraud/enforcement/attorney-general-james-secures-12-million-and-major-reforms-at-syracuse-nursing-home-to-stop-resident-neglect-and-financial-fraud/
Attorney General Alan Wilson announces Spartanburg woman charged with stealing from vulnerable adult,2025-08-25,Attorney General Alan Wilson announces Spartanburg woman charged with stealing from vulnerable adult,https://oig.hhs.gov/fraud/enforcement/attorney-general-alan-wilson-announces-spartanburg-woman-charged-with-stealing-from-vulnerable-adult/
Danville Woman Sentenced for Health Care Fraud,2025-08-25,Danville Woman Sentenced for Health Care Fraud,https://oig.hhs.gov/fraud/enforcement/danville-woman-sentenced-for-health-care-fraud-2/
"Waccamaw Dermatology Agreed to Pay $160,000 for Allegedly Violating the Civil Monetary Penalties Law by Submitting Claims that Did Not Meet Medicare Requirements for Locum Tenens Coverage",2025-08-25,"Waccamaw Dermatology Agreed to Pay $160,000 for Allegedly Violating the Civil Monetary Penalties Law by Submitting Claims that Did Not Meet Medicare Requirements for Locum Tenens Coverage",https://oig.hhs.gov/fraud/enforcement/waccamaw-dermatology-agreed-to-pay-160000-for-allegedly-violating-the-civil-monetary-penalties-law-by-submitting-claims-that-did-not-meet-medicare-requirements-for-locum-tenens-coverage/
"Attorney General Marshall Announces Conviction of Former State Employee for the Theft of Over $100,000 from Alabama Medicaid Agency",2025-08-26,"Attorney General Marshall Announces Conviction of Former State Employee for the Theft of Over $100,000 from Alabama Medicaid Agency",https://oig.hhs.gov/fraud/enforcement/attorney-general-marshall-announces-conviction-of-former-state-employee-for-the-theft-of-over-100000-from-alabama-medicaid-agency/
"Ideal Health Diagnostics and Svetlana Dizik Agreed to Pay $227,000 and Be Excluded for 10 Years for Allegedly Violating the Civil Monetary Penalties Law by Receiving Improper Remuneration and Causing the Submission of False or Fraudulent Medicare Claims",2025-08-26,"Ideal Health Diagnostics and Svetlana Dizik Agreed to Pay $227,000 and Be Excluded for 10 Years for Allegedly Violating the Civil Monetary Penalties Law by Receiving Improper Remuneration and Causing the Submission of False or Fraudulent Medicare Claims",https://oig.hhs.gov/fraud/enforcement/ideal-health-diagnostics-and-svetlana-dizik-agreed-to-pay-227000-and-be-excluded-for-10-years-for-allegedly-violating-the-civil-monetary-penalties-law-by-receiving-improper-remuneration-and-causing-the-submission-of-false-or-fraudulent-medicare-claims/
AG Campbell Secures $12.25 Million Settlement With CVS For Failure To Comply With MassHealth Prescription Drug Pricing Regulations,2025-08-27,AG Campbell Secures $12.25 Million Settlement With CVS For Failure To Comply With MassHealth Prescription Drug Pricing Regulations,https://oig.hhs.gov/fraud/enforcement/ag-campbell-secures-1225-million-settlement-with-cvs-for-failure-to-comply-with-masshealth-prescription-drug-pricing-regulations/
Maryland Woman Pleads Guilty to Conspiracy to Commit Healthcare Fraud,2025-08-27,Maryland Woman Pleads Guilty to Conspiracy to Commit Healthcare Fraud,https://oig.hhs.gov/fraud/enforcement/maryland-woman-pleads-guilty-to-conspiracy-to-commit-healthcare-fraud/
Danville Woman Sentenced for Health Care Fraud,2025-08-27,Danville Woman Sentenced for Health Care Fraud,https://oig.hhs.gov/fraud/enforcement/danville-woman-sentenced-for-health-care-fraud/
"Louisville Physician Agrees to Pay $250,000 to Settle False Claims Act Allegations",2025-08-27,"Louisville Physician Agrees to Pay $250,000 to Settle False Claims Act Allegations",https://oig.hhs.gov/fraud/enforcement/louisville-physician-agrees-to-pay-250000-to-settle-false-claims-act-allegations/
Attorney General Ra˙l Torrez Charges Imposter Nurse Who Nearly Caused Fatal Dose of Morphine,2025-08-28,Attorney General Ra˙l Torrez Charges Imposter Nurse Who Nearly Caused Fatal Dose of Morphine,https://oig.hhs.gov/fraud/enforcement/attorney-general-ra-l-torrez-charges-imposter-nurse-who-nearly-caused-fatal-dose-of-morphine/
Attorney General James Uthmeier Announces Arrest of Certified Nursing Assistant for Elder Abuse,2025-08-28,Attorney General James Uthmeier Announces Arrest of Certified Nursing Assistant for Elder Abuse,https://oig.hhs.gov/fraud/enforcement/attorney-general-james-uthmeier-announces-arrest-of-certified-nursing-assistant-for-elder-abuse/
Home health agency owner sentenced to more than six years in Medicare fraud and identity theft scheme,2025-08-28,Home health agency owner sentenced to more than six years in Medicare fraud and identity theft scheme,https://oig.hhs.gov/fraud/enforcement/home-health-agency-owner-sentenced-to-more-than-six-years-in-medicare-fraud-and-identity-theft-scheme/
Middletown Resident Charged in Health Care Fraud Scheme Involving Durable Medical Equipment,2025-08-29,Middletown Resident Charged in Health Care Fraud Scheme Involving Durable Medical Equipment,https://oig.hhs.gov/fraud/enforcement/middletown-resident-charged-in-health-care-fraud-scheme-involving-durable-medical-equipment/
Convicted Opioid Pill Mill Doctor Must Forfeit Property And Pay Restitution,2025-08-29,Convicted Opioid Pill Mill Doctor Must Forfeit Property And Pay Restitution,https://oig.hhs.gov/fraud/enforcement/convicted-opioid-pill-mill-doctor-must-forfeit-property-and-pay-restitution/
Owner of California Blood Testing Laboratory Pleads Guilty to Tax and Health Care Related Crimes,2025-08-29,Owner of California Blood Testing Laboratory Pleads Guilty to Tax and Health Care Related Crimes,https://oig.hhs.gov/fraud/enforcement/owner-of-california-blood-testing-laboratory-pleads-guilty-to-tax-and-health-care-related-crimes/
"United States Intervenes and Sues ProMedica Health System, Inc. and Its Affiliates for Providing Grossly Substandard Nursing Home Services",2025-09-02,"United States Intervenes and Sues ProMedica Health System, Inc. and Its Affiliates for Providing Grossly Substandard Nursing Home Services",https://oig.hhs.gov/fraud/enforcement/united-states-intervenes-and-sues-promedica-health-system-inc-and-its-affiliates-for-providing-grossly-substandard-nursing-home-services/
Martinsville Doctor Sentenced to 40 Years for Drug Distribution,2025-09-02,Martinsville Doctor Sentenced to 40 Years for Drug Distribution,https://oig.hhs.gov/fraud/enforcement/martinsville-doctor-sentenced-to-40-years-for-drug-distribution/
Rosedale Woman Sentenced for Conspiracy to Distribute Controlled Substances and Money Laundering,2025-09-02,Rosedale Woman Sentenced for Conspiracy to Distribute Controlled Substances and Money Laundering,https://oig.hhs.gov/fraud/enforcement/rosedale-woman-sentenced-for-conspiracy-to-distribute-controlled-substances-and-money-laundering/
Hawaii County Woman Charged With Labor Trafficking,2025-09-03,Hawaii County Woman Charged With Labor Trafficking,https://oig.hhs.gov/fraud/enforcement/hawaii-county-woman-charged-with-labor-trafficking/
"Greenwood Center for Nursing and Rehabilitation Agreed to Pay $83,000 for Allegedly Violating the Civil Monetary Penalties Law by Submitting Claims for Services Provided by an Unlicensed Individual",2025-09-03,"Greenwood Center for Nursing and Rehabilitation Agreed to Pay $83,000 for Allegedly Violating the Civil Monetary Penalties Law by Submitting Claims for Services Provided by an Unlicensed Individual",https://oig.hhs.gov/fraud/enforcement/greenwood-center-for-nursing-and-rehabilitation-agreed-to-pay-83000-for-allegedly-violating-the-civil-monetary-penalties-law-by-submitting-claims-for-services-provided-by-an-unlicensed-individual/
Opal Mullings and Optimum Faith Lab Corp. Were Excluded for 10 Years,2025-09-03,Opal Mullings and Optimum Faith Lab Corp. Were Excluded for 10 Years,https://oig.hhs.gov/fraud/enforcement/opal-mullings-and-optimum-faith-lab-corp-were-excluded-for-10-years/
"Laurels of Sandy Creek and Laurel of Hudsonville Agreed to Pay $122,000 for Allegedly Violating the Civil Monetary Penalties Law by Employing an Excluded Individual",2025-09-04,"Laurels of Sandy Creek and Laurel of Hudsonville Agreed to Pay $122,000 for Allegedly Violating the Civil Monetary Penalties Law by Employing an Excluded Individual",https://oig.hhs.gov/fraud/enforcement/laurels-of-sandy-creek-and-laurel-of-hudsonville-agreed-to-pay-122000-for-allegedly-violating-the-civil-monetary-penalties-law-by-employing-an-excluded-individual/
"Community Memorial Health System Agreed to Pay $111,000 for Allegedly Violating the Civil Monetary Penalties Law by Submitting Claims for Services Provided by an Unlicensed Individual",2025-09-04,"Community Memorial Health System Agreed to Pay $111,000 for Allegedly Violating the Civil Monetary Penalties Law by Submitting Claims for Services Provided by an Unlicensed Individual",https://oig.hhs.gov/fraud/enforcement/community-memorial-health-system-agreed-to-pay-111000-for-allegedly-violating-the-civil-monetary-penalties-law-by-submitting-claims-for-services-provided-by-an-unlicensed-individual/
Caregiver Who Abused Vulnerable Adult in His Care Gets Sentenced,2025-09-04,Caregiver Who Abused Vulnerable Adult in His Care Gets Sentenced,https://oig.hhs.gov/fraud/enforcement/caregiver-who-abused-vulnerable-adult-in-his-care-gets-sentenced/
"Ryan Cleland, DC and Infinite Wellness Integrative Medical Center Agreed to Pay $249,000 for Allegedly Violating the Civil Monetary Penalties Law by Submitting Claims for Medically Unnecessary Services",2025-09-04,"Ryan Cleland, DC and Infinite Wellness Integrative Medical Center Agreed to Pay $249,000 for Allegedly Violating the Civil Monetary Penalties Law by Submitting Claims for Medically Unnecessary Services",https://oig.hhs.gov/fraud/enforcement/ryan-cleland-dc-and-infinite-wellness-integrative-medical-center-agreed-to-pay-249000-for-allegedly-violating-the-civil-monetary-penalties-law-by-submitting-claims-for-medically-unnecessary-services/
Former Nurse Charged with Impersonating Licensed Professional and Fraudulently Obtaining a Controlled Substance,2025-09-07,Former Nurse Charged with Impersonating Licensed Professional and Fraudulently Obtaining a Controlled Substance,https://oig.hhs.gov/fraud/enforcement/former-nurse-charged-with-impersonating-licensed-professional-and-fraudulently-obtaining-a-controlled-substance/
Randolph Personal Care Attendant Sentenced To 18 Months In Jail For Defrauding MassHealth,2025-09-08,Randolph Personal Care Attendant Sentenced To 18 Months In Jail For Defrauding MassHealth,https://oig.hhs.gov/fraud/enforcement/randolph-personal-care-attendant-sentenced-to-18-months-in-jail-for-defrauding-masshealth/
St. Louis Area Doctor Sentenced to 70 Months in Prison,2025-09-08,St. Louis Area Doctor Sentenced to 70 Months in Prison,https://oig.hhs.gov/fraud/enforcement/st-louis-area-doctor-sentenced-to-70-months-in-prison/
Owner of Facility for Intellectually Disabled Adults Pleads Guilty to Health Care Fraud,2025-09-08,Owner of Facility for Intellectually Disabled Adults Pleads Guilty to Health Care Fraud,https://oig.hhs.gov/fraud/enforcement/owner-of-facility-for-intellectually-disabled-adults-pleads-guilty-to-health-care-fraud/
Office of Attorney General’s Role in Investigating Owner of Pittsburgh Facility for Intellectually Disabled Adults Leads to Federal Plea to Health Care Fraud,2025-09-08,Office of Attorney General’s Role in Investigating Owner of Pittsburgh Facility for Intellectually Disabled Adults Leads to Federal Plea to Health Care Fraud,https://oig.hhs.gov/fraud/enforcement/office-of-attorney-generals-role-in-investigating-owner-of-pittsburgh-facility-for-intellectually-disabled-adults-leads-to-federal-plea-to-health-care-fraud/
"Laboratory CEO, Marketers, and Physicians to Pay Over $6M to Settle Allegations of Management Service Organization and other Lab Testing Kickbacks",2025-09-08,"Laboratory CEO, Marketers, and Physicians to Pay Over $6M to Settle Allegations of Management Service Organization and other Lab Testing Kickbacks",https://oig.hhs.gov/fraud/enforcement/laboratory-ceo-marketers-and-physicians-to-pay-over-6m-to-settle-allegations-of-management-service-organization-and-other-lab-testing-kickbacks/
Owners of 1st Adult N Pediatric Healthcare Pled Guilty,2025-09-08,Owners of 1st Adult N Pediatric Healthcare Pled Guilty,https://oig.hhs.gov/fraud/enforcement/owners-of-1st-adult-n-pediatric-healthcare-pled-guilty/
"Compassion Hospice Agreed to Pay $430,000 for Allegedly Violating the Civil Monetary Penalties Law by Paying Improper Remuneration in the Form of Referral Based Compensation",2025-09-08,"Compassion Hospice Agreed to Pay $430,000 for Allegedly Violating the Civil Monetary Penalties Law by Paying Improper Remuneration in the Form of Referral Based Compensation",https://oig.hhs.gov/fraud/enforcement/compassion-hospice-agreed-to-pay-430000-for-allegedly-violating-the-civil-monetary-penalties-law-by-paying-improper-remuneration-in-the-form-of-referral-based-compensation/
Doctor and Urgent Care Clinic Settle Allegations Over Medicaid Fraud,2025-09-09,Doctor and Urgent Care Clinic Settle Allegations Over Medicaid Fraud,https://oig.hhs.gov/fraud/enforcement/doctor-and-urgent-care-clinic-settle-allegations-over-medicaid-fraud/
Georgia Woman Sentenced for $1 Million Wire Fraud,2025-09-09,Georgia Woman Sentenced for $1 Million Wire Fraud,https://oig.hhs.gov/fraud/enforcement/georgia-woman-sentenced-for-1-million-wire-fraud/
Florida Man Sentenced to 24 Months for Laundering Proceeds of Health Care Fraud Scheme,2025-09-10,Florida Man Sentenced to 24 Months for Laundering Proceeds of Health Care Fraud Scheme,https://oig.hhs.gov/fraud/enforcement/florida-man-sentenced-to-24-months-for-laundering-proceeds-of-health-care-fraud-scheme/
Maryland Woman Arraigned for Defrauding the D.C. Medicaid Program,2025-09-10,Maryland Woman Arraigned for Defrauding the D.C. Medicaid Program,https://oig.hhs.gov/fraud/enforcement/maryland-woman-arraigned-for-defrauding-the-dc-medicaid-program/
Clay County Pharmacy Investigation and Prosecution Ends in Guilty Pleas,2025-09-11,Clay County Pharmacy Investigation and Prosecution Ends in Guilty Pleas,https://oig.hhs.gov/fraud/enforcement/clay-county-pharmacy-investigation-and-prosecution-ends-in-guilty-pleas/
Oklahoma City Daycare Owner Convicted of Obstructing Audit and Embezzling Funds Meant for Childcare,2025-09-11,Oklahoma City Daycare Owner Convicted of Obstructing Audit and Embezzling Funds Meant for Childcare,https://oig.hhs.gov/fraud/enforcement/oklahoma-city-daycare-owner-convicted-of-obstructing-audit-and-embezzling-funds-meant-for-childcare/
"Alexandra Tellez Agreed to Pay $60,000 for Allegedly Violating the Civil Monetary Penalties Law by Receiving Remuneration in Exchange for Referring Medicare Services",2025-09-11,"Alexandra Tellez Agreed to Pay $60,000 for Allegedly Violating the Civil Monetary Penalties Law by Receiving Remuneration in Exchange for Referring Medicare Services",https://oig.hhs.gov/fraud/enforcement/alexandra-tellez-agreed-to-pay-60000-for-allegedly-violating-the-civil-monetary-penalties-law-by-receiving-remuneration-in-exchange-for-referring-medicare-services/
"Marianjoy Rehabilitation Hospital and Clinics Agreed to Pay $190,000 for Allegedly Violating the Civil Monetary Penalties Law by Submitting Claims for Services Provided by an Unlicensed Individual",2025-09-11,"Marianjoy Rehabilitation Hospital and Clinics Agreed to Pay $190,000 for Allegedly Violating the Civil Monetary Penalties Law by Submitting Claims for Services Provided by an Unlicensed Individual",https://oig.hhs.gov/fraud/enforcement/marianjoy-rehabilitation-hospital-and-clinics-agreed-to-pay-190000-for-allegedly-violating-the-civil-monetary-penalties-law-by-submitting-claims-for-services-provided-by-an-unlicensed-individual/
Memphis Woman Charged with Abuse of Vulnerable Adult,2025-09-11,Memphis Woman Charged with Abuse of Vulnerable Adult,https://oig.hhs.gov/fraud/enforcement/memphis-woman-charged-with-abuse-of-vulnerable-adult-1/
"Jacksonville Fire and Rescue Department Agreed to Pay $167,000 for Allegedly Violating the Civil Monetary Penalties Law by Submitting Claims for Services Provided by Unlicensed Individuals",2025-09-11,"Jacksonville Fire and Rescue Department Agreed to Pay $167,000 for Allegedly Violating the Civil Monetary Penalties Law by Submitting Claims for Services Provided by Unlicensed Individuals",https://oig.hhs.gov/fraud/enforcement/jacksonville-fire-and-rescue-department-agreed-to-pay-167000-for-allegedly-violating-the-civil-monetary-penalties-law-by-submitting-claims-for-services-provided-by-unlicensed-individuals/
"Las Vegas Surgical Associates Agreed to Pay $20,000 for Allegedly Violating the Civil Monetary Penalties Law by Submitting Claims for Ablation Procedures that Misrepresented Dates of Service or Were Upcoded",2025-09-12,"Las Vegas Surgical Associates Agreed to Pay $20,000 for Allegedly Violating the Civil Monetary Penalties Law by Submitting Claims for Ablation Procedures that Misrepresented Dates of Service or Were Upcoded",https://oig.hhs.gov/fraud/enforcement/las-vegas-surgical-associates-agreed-to-pay-20000-for-allegedly-violating-the-civil-monetary-penalties-law-by-submitting-claims-for-ablation-procedures-that-misrepresented-dates-of-service-or-were-upcoded/
"Arizona’s Children Association Agreed to Pay $54,000 for Allegedly Violating the Civil Monetary Penalties Law by Submitted Claims for Services Not Provided",2025-09-12,"Arizona’s Children Association Agreed to Pay $54,000 for Allegedly Violating the Civil Monetary Penalties Law by Submitted Claims for Services Not Provided",https://oig.hhs.gov/fraud/enforcement/arizonas-children-association-agreed-to-pay-54000-for-allegedly-violating-the-civil-monetary-penalties-law-by-submitted-claims-for-services-not-provided/
Louisiana Chiropractor Sentenced to Seven Years in Prison for Health Care Fraud and Unemployment Insurance Fraud Schemes,2025-09-12,Louisiana Chiropractor Sentenced to Seven Years in Prison for Health Care Fraud and Unemployment Insurance Fraud Schemes,https://oig.hhs.gov/fraud/enforcement/louisiana-chiropractor-sentenced-to-seven-years-in-prison-for-health-care-fraud-and-unemployment-insurance-fraud-schemes/
Former Louisiana Department Of Education Employee Pleads Guilty To Conspiracy To Commit Wire Fraud,2025-09-12,Former Louisiana Department Of Education Employee Pleads Guilty To Conspiracy To Commit Wire Fraud,https://oig.hhs.gov/fraud/enforcement/former-louisiana-department-of-education-employee-pleads-guilty-to-conspiracy-to-commit-wire-fraud/
Former Home Health Care Operator Settles Fraud Allegations Of Billing Federal Health Care Programs For Services Performed By Unlicensed Foreign Doctors,2025-09-12,Former Home Health Care Operator Settles Fraud Allegations Of Billing Federal Health Care Programs For Services Performed By Unlicensed Foreign Doctors,https://oig.hhs.gov/fraud/enforcement/former-home-health-care-operator-settles-fraud-allegations-of-billing-federal-health-care-programs-for-services-performed-by-unlicensed-foreign-doctors/
Attorney General Ellison partners with federal law enforcement on indictments of Housing Stabilization Services providers,2025-09-15,Attorney General Ellison partners with federal law enforcement on indictments of Housing Stabilization Services providers,https://oig.hhs.gov/fraud/enforcement/attorney-general-ellison-partners-with-federal-law-enforcement-on-indictments-of-housing-stabilization-services-providers/
AG Campbell Secures Guilty Plea From Ringleader Of Worcester-Based Home Health Fraud Scheme Exploiting Vulnerable Residents,2025-09-15,AG Campbell Secures Guilty Plea From Ringleader Of Worcester-Based Home Health Fraud Scheme Exploiting Vulnerable Residents,https://oig.hhs.gov/fraud/enforcement/ag-campbell-secures-guilty-plea-from-ringleader-of-worcester-based-home-health-fraud-scheme-exploiting-vulnerable-residents/
Fraud Charges Filed Against 12 Defendants in Phase II of Operation Nightingale,2025-09-15,Fraud Charges Filed Against 12 Defendants in Phase II of Operation Nightingale,https://oig.hhs.gov/fraud/enforcement/fraud-charges-filed-against-12-defendants-in-phase-ii-of-operation-nightingale/
"Medical Device Company Exactech, Inc. Agrees to Pay $8 Million for Selling Allegedly Defective Knee Implant Devices",2025-09-16,"Medical Device Company Exactech, Inc. Agrees to Pay $8 Million for Selling Allegedly Defective Knee Implant Devices",https://oig.hhs.gov/fraud/enforcement/medical-device-company-exactech-inc-agrees-to-pay-8-million-for-selling-allegedly-defective-knee-implant-devices/
Exactech Agrees to Pay $8 Million to Resolve False Claims Act Allegations for Selling Defective Knee Implant Devices,2025-09-16,Exactech Agrees to Pay $8 Million to Resolve False Claims Act Allegations for Selling Defective Knee Implant Devices,https://oig.hhs.gov/fraud/enforcement/exactech-agrees-to-pay-8-million-to-resolve-false-claims-act-allegations-for-selling-defective-knee-implant-devices/
Three More Plead Guilty In 1st Adult N Pediatric Healthcare Fraud Case,2025-09-16,Three More Plead Guilty In 1st Adult N Pediatric Healthcare Fraud Case,https://oig.hhs.gov/fraud/enforcement/three-more-plead-guilty-in-1st-adult-n-pediatric-healthcare-fraud-case/
Roanoke Home Health Care Attendant Pleads Guilty to Health Care Fraud,2025-09-16,Roanoke Home Health Care Attendant Pleads Guilty to Health Care Fraud,https://oig.hhs.gov/fraud/enforcement/roanoke-home-health-care-attendant-pleads-guilty-to-health-care-fraud/
Ocean County Nurse Charged with Assaulting Elderly Nursing Home Resident,2025-09-16,Ocean County Nurse Charged with Assaulting Elderly Nursing Home Resident,https://oig.hhs.gov/fraud/enforcement/ocean-county-nurse-charged-with-assaulting-elderly-nursing-home-resident/
U.S. Attorney’s Office Seeks Potential Victims in Case Against St. Louis Doctor and Staff,2025-09-17,U.S. Attorney’s Office Seeks Potential Victims in Case Against St. Louis Doctor and Staff,https://oig.hhs.gov/fraud/enforcement/us-attorneys-office-seeks-potential-victims-in-case-against-st-louis-doctor-and-staff/
United States Files Suit Against California-Based Health Plan for Alleged False Claims to California’s Medicaid Program,2025-09-17,United States Files Suit Against California-Based Health Plan for Alleged False Claims to California’s Medicaid Program,https://oig.hhs.gov/fraud/enforcement/united-states-files-suit-against-california-based-health-plan-for-alleged-false-claims-to-californias-medicaid-program/
Two Florida Men Charged for $34.8M Fraud Scheme Targeting Medicare Beneficiaries,2025-09-17,Two Florida Men Charged for $34.8M Fraud Scheme Targeting Medicare Beneficiaries,https://oig.hhs.gov/fraud/enforcement/two-florida-men-charged-for-348m-fraud-scheme-targeting-medicare-beneficiaries/
"Weirton Medical Center Agreed to Pay $54,000 for Allegedly Violating the Civil Monetary Penalties Law by Employing an Excluded Individual",2025-09-18,"Weirton Medical Center Agreed to Pay $54,000 for Allegedly Violating the Civil Monetary Penalties Law by Employing an Excluded Individual",https://oig.hhs.gov/fraud/enforcement/weirton-medical-center-agreed-to-pay-54000-for-allegedly-violating-the-civil-monetary-penalties-law-by-employing-an-excluded-individual/
"Hiawatha Care Center Agreed to Pay $201,000 for Allegedly Violating the Civil Monetary Penalties Law by Employing an Excluded Individual",2025-09-18,"Hiawatha Care Center Agreed to Pay $201,000 for Allegedly Violating the Civil Monetary Penalties Law by Employing an Excluded Individual",https://oig.hhs.gov/fraud/enforcement/hiawatha-care-center-agreed-to-pay-201000-for-allegedly-violating-the-civil-monetary-penalties-law-by-employing-an-excluded-individual/
Guatemalan National Illegally Residing in the United States Indicted on Fraud Charges Related to the Sponsorship of Unaccompanied Alien Child,2025-09-18,Guatemalan National Illegally Residing in the United States Indicted on Fraud Charges Related to the Sponsorship of Unaccompanied Alien Child,https://oig.hhs.gov/fraud/enforcement/guatemalan-national-illegally-residing-in-the-united-states-indicted-on-fraud-charges-related-to-the-sponsorship-of-unaccompanied-alien-child/
Defendants Charged in First Wave of Housing Stabilization Fraud Cases,2025-09-18,Defendants Charged in First Wave of Housing Stabilization Fraud Cases,https://oig.hhs.gov/fraud/enforcement/defendants-charged-in-first-wave-of-housing-stabilization-fraud-cases/
"Couple arrested by AG Murrill's Office for defrauding Medicaid program of more than $59,000 and Filing or Maintaining False Public Records",2025-09-19,"Couple arrested by AG Murrill's Office for defrauding Medicaid program of more than $59,000 and Filing or Maintaining False Public Records",https://oig.hhs.gov/fraud/enforcement/couple-arrested-by-ag-murrills-office-for-defrauding-medicaid-program-of-more-than-59000-and-filing-or-maintaining-false-public-records/
"SMP Health St. Raphael Agreed to Pay $233,000 for Allegedly Violating the Civil Monetary Penalties Law by Employing an Excluded Individual",2025-09-19,"SMP Health St. Raphael Agreed to Pay $233,000 for Allegedly Violating the Civil Monetary Penalties Law by Employing an Excluded Individual",https://oig.hhs.gov/fraud/enforcement/smp-health-st-raphael-agreed-to-pay-233000-for-allegedly-violating-the-civil-monetary-penalties-law-by-employing-an-excluded-individual/
Marketer Sentenced for $11.5M Genetic Testing Fraud and Kickback Scheme,2025-09-19,Marketer Sentenced for $11.5M Genetic Testing Fraud and Kickback Scheme,https://oig.hhs.gov/fraud/enforcement/marketer-sentenced-for-115m-genetic-testing-fraud-and-kickback-scheme/
"Our Community Pharmacy and Candida Webb Agreed to Pay $100,000 and Be Excluded for 5 Years for Allegedly Violating the Civil Monetary Penalties Law by Paying Remuneration to Beneficiaries",2025-09-19,"Our Community Pharmacy and Candida Webb Agreed to Pay $100,000 and Be Excluded for 5 Years for Allegedly Violating the Civil Monetary Penalties Law by Paying Remuneration to Beneficiaries",https://oig.hhs.gov/fraud/enforcement/our-community-pharmacy-and-candida-webb-agreed-to-pay-100000-and-be-excluded-for-5-years-for-allegedly-violating-the-civil-monetary-penalties-law-by-paying-remuneration-to-beneficiaries/
"Davidson County Caregiver Arrested, Charged with Theft, Identity Theft, and Financial Exploitation of an Elderly or Vulnerable Person",2025-09-22,"Davidson County Caregiver Arrested, Charged with Theft, Identity Theft, and Financial Exploitation of an Elderly or Vulnerable Person",https://oig.hhs.gov/fraud/enforcement/davidson-county-caregiver-arrested-charged-with-theft-identity-theft-and-financial-exploitation-of-an-elderly-or-vulnerable-person/
Fresno County Podiatrist and Sales Representative Plead Guilty to Conspiracy to Submit False Claims Related to Skin Grafts,2025-09-22,Fresno County Podiatrist and Sales Representative Plead Guilty to Conspiracy to Submit False Claims Related to Skin Grafts,https://oig.hhs.gov/fraud/enforcement/fresno-county-podiatrist-and-sales-representative-plead-guilty-to-conspiracy-to-submit-false-claims-related-to-skin-grafts/
Physician Sentenced to 14 Years for Illegal Distribution of Opioids and Health Care Fraud Conspiracies,2025-09-23,Physician Sentenced to 14 Years for Illegal Distribution of Opioids and Health Care Fraud Conspiracies,https://oig.hhs.gov/fraud/enforcement/physician-sentenced-to-14-years-for-illegal-distribution-of-opioids-and-health-care-fraud-conspiracies/
Justice Department Expands Health Care Fraud Unit to Target Health Care Fraud in Massachusetts,2025-09-23,Justice Department Expands Health Care Fraud Unit to Target Health Care Fraud in Massachusetts,https://oig.hhs.gov/fraud/enforcement/justice-department-expands-health-care-fraud-unit-to-target-health-care-fraud-in-massachusetts/
"Keith Myers Agreed to Pay $250,000 for Allegedly Violating the Civil Monetary Penalties Law by Causing False Claims, Records, and Statements Related to Federally Funded COVID-19 Vaccines",2025-09-23,"Keith Myers Agreed to Pay $250,000 for Allegedly Violating the Civil Monetary Penalties Law by Causing False Claims, Records, and Statements Related to Federally Funded COVID-19 Vaccines",https://oig.hhs.gov/fraud/enforcement/keith-myers-agreed-to-pay-250000-for-allegedly-violating-the-civil-monetary-penalties-law-by-causing-false-claims-records-and-statements-related-to-federally-funded-covid-19-vaccines/
"Essex County Man Charged with Submitting Thousands of False Bills to Medicaid, Stealing More than $3 Million",2025-09-23,"Essex County Man Charged with Submitting Thousands of False Bills to Medicaid, Stealing More than $3 Million",https://oig.hhs.gov/fraud/enforcement/essex-county-man-charged-with-submitting-thousands-of-false-bills-to-medicaid-stealing-more-than-3-million/
"David Boguslavsky, MD and Premier Medical Acupuncture Agreed to Pay $581,000 for Allegedly Violating the Civil Monetary Penalties Law by Submitting Claims for Bundled Services that Included Drugs that Were Not Purchased",2025-09-24,"David Boguslavsky, MD and Premier Medical Acupuncture Agreed to Pay $581,000 for Allegedly Violating the Civil Monetary Penalties Law by Submitting Claims for Bundled Services that Included Drugs that Were Not Purchased",https://oig.hhs.gov/fraud/enforcement/david-boguslavsky-md-and-premier-medical-acupuncture-agreed-to-pay-581000-for-allegedly-violating-the-civil-monetary-penalties-law-by-submitting-claims-for-bundled-services-that-included-drugs-that-were-not-purchased/
Attorney General Ellison Partners With Federal Law Enforcement In Medicaid Fraud Charges Against Asha Hassan,2025-09-24,Attorney General Ellison Partners With Federal Law Enforcement In Medicaid Fraud Charges Against Asha Hassan,https://oig.hhs.gov/fraud/enforcement/attorney-general-ellison-partners-with-federal-law-enforcement-in-medicaid-fraud-charges-against-asha-hassan/
Houston woman arrested by AG Murrill's Louisiana Bureau of Investigation for defrauding Medicaid program of approximately $4600,2025-09-24,Houston woman arrested by AG Murrill's Louisiana Bureau of Investigation for defrauding Medicaid program of approximately $4600,https://oig.hhs.gov/fraud/enforcement/houston-woman-arrested-by-ag-murrills-louisiana-bureau-of-investigation-for-defrauding-medicaid-program-of-approximately-4600/
Attorney General James Uthmeier Announces $3 Million Settlement Agreement With Gilead Sciences To Resolve Improper Promotion Of HIV Drugs,2025-09-24,Attorney General James Uthmeier Announces $3 Million Settlement Agreement With Gilead Sciences To Resolve Improper Promotion Of HIV Drugs,https://oig.hhs.gov/fraud/enforcement/attorney-general-james-uthmeier-announces-3-million-settlement-agreement-with-gilead-sciences-to-resolve-improper-promotion-of-hiv-drugs/
"Southfield Doctor Sentenced to Six Years in Prison for Illegally Prescribing More Than 200,000 Opioid pills worth more than $5.2 million",2025-09-24,"Southfield Doctor Sentenced to Six Years in Prison for Illegally Prescribing More Than 200,000 Opioid pills worth more than $5.2 million",https://oig.hhs.gov/fraud/enforcement/southfield-doctor-sentenced-to-six-years-in-prison-for-illegally-prescribing-more-than-200000-opioid-pills-worth-more-than-52-million/
Reno Doctor Arrested And Indicted For Health Care Fraud,2025-09-24,Reno Doctor Arrested And Indicted For Health Care Fraud,https://oig.hhs.gov/fraud/enforcement/reno-doctor-arrested-and-indicted-for-health-care-fraud/
First Defendant Charged in Autism Fraud Scheme,2025-09-24,First Defendant Charged in Autism Fraud Scheme,https://oig.hhs.gov/fraud/enforcement/first-defendant-charged-in-autism-fraud-scheme/
Pharmacy Owner and Pharmacists Sentenced for Pill Mill Scheme Involving Hundreds of Thousands of Opioid Pills,2025-09-25,Pharmacy Owner and Pharmacists Sentenced for Pill Mill Scheme Involving Hundreds of Thousands of Opioid Pills,https://oig.hhs.gov/fraud/enforcement/pharmacy-owner-and-pharmacists-sentenced-for-pill-mill-scheme-involving-hundreds-of-thousands-of-opioid-pills/
Attorney General Alan Wilson Announces Rock Hill Counselor Charged With Medicaid Fraud,2025-09-25,Attorney General Alan Wilson Announces Rock Hill Counselor Charged With Medicaid Fraud,https://oig.hhs.gov/fraud/enforcement/attorney-general-alan-wilson-announces-rock-hill-counselor-charged-with-medicaid-fraud/
"Attorney General Alan Wilson Announces Union Woman Charged With Stealing More Than $54,000 From Assisted Living Resident",2025-09-26,"Attorney General Alan Wilson Announces Union Woman Charged With Stealing More Than $54,000 From Assisted Living Resident",https://oig.hhs.gov/fraud/enforcement/attorney-general-alan-wilson-announces-union-woman-charged-with-stealing-more-than-54000-from-assisted-living-resident/
Owner of Mail Order Pharmacies Settles False Claims Act Investigation Involving Allegations of Fraudulent Billing Practices and Kickbacks,2025-09-26,Owner of Mail Order Pharmacies Settles False Claims Act Investigation Involving Allegations of Fraudulent Billing Practices and Kickbacks,https://oig.hhs.gov/fraud/enforcement/owner-of-mail-order-pharmacies-settles-false-claims-act-investigation-involving-allegations-of-fraudulent-billing-practices-and-kickbacks/
Semler Scientific Inc. and Bard Peripheral Vascular Inc. to Pay Nearly $37 Million to Resolve False Claims Act Allegations Relating to FloChec and QuantaFlo Devices,2025-09-26,Semler Scientific Inc. and Bard Peripheral Vascular Inc. to Pay Nearly $37 Million to Resolve False Claims Act Allegations Relating to FloChec and QuantaFlo Devices,https://oig.hhs.gov/fraud/enforcement/semler-scientific-inc-and-bard-peripheral-vascular-inc-to-pay-nearly-37m-to-resolve-false-claims-act-allegations-relating-to-flochec-and-quantaflo-devices/
"Attorney General Alan Wilson announces Spartanburg man charged with stealing nearly $275,000 from nursing home resident",2025-09-26,"Attorney General Alan Wilson announces Spartanburg man charged with stealing nearly $275,000 from nursing home resident",https://oig.hhs.gov/fraud/enforcement/attorney-general-alan-wilson-announces-spartanburg-man-charged-with-stealing-nearly-275000-from-nursing-home-resident/
Attorney General Griffin Announces Conviction of Little Rock Woman for Medicaid Fraud,2025-09-26,Attorney General Griffin Announces Conviction of Little Rock Woman for Medicaid Fraud,https://oig.hhs.gov/fraud/enforcement/attorney-general-griffin-announces-conviction-of-little-rock-woman-for-medicaid-fraud/
"University of Mississippi Medical Center Agreed to Pay $271,000 for Allegedly Violating the Civil Monetary Penalties Law by Submitting Claims for Services Provided by an Unlicensed Individual",2025-09-26,"University of Mississippi Medical Center Agreed to Pay $271,000 for Allegedly Violating the Civil Monetary Penalties Law by Submitting Claims for Services Provided by an Unlicensed Individual",https://oig.hhs.gov/fraud/enforcement/university-of-mississippi-medical-center-agreed-to-pay-271000-for-allegedly-violating-the-civil-monetary-penalties-law-by-submitting-claims-for-services-provided-by-an-unlicensed-individual/
"AccuCare Home Health Services Agreed to Pay $20,000 for Allegedly Violating the Civil Monetary Penalties Law by Employing an Excluded Individual",2025-09-29,"AccuCare Home Health Services Agreed to Pay $20,000 for Allegedly Violating the Civil Monetary Penalties Law by Employing an Excluded Individual",https://oig.hhs.gov/fraud/enforcement/accucare-home-health-services-agreed-to-pay-20000-for-allegedly-violating-the-civil-monetary-penalties-law-by-employing-an-excluded-individual/
"Symphony Crestwood, Symphony Chicago West, and Symphony Midway Agreed to Pay $107,000 for Allegedly Violating the Civil Monetary Penalties Law by Employing an Excluded Individual",2025-09-29,"Symphony Crestwood, Symphony Chicago West, and Symphony Midway Agreed to Pay $107,000 for Allegedly Violating the Civil Monetary Penalties Law by Employing an Excluded Individual",https://oig.hhs.gov/fraud/enforcement/symphony-crestwood-symphony-chicago-west-and-symphony-midway-agreed-to-pay-107000-for-allegedly-violating-the-civil-monetary-penalties-law-by-employing-an-excluded-individual/
Five San Fernando Valley Street Gang Affiliates Arrested on Federal Complaint Alleging Murder-for-Hire Plot Against Local Crime Boss,2025-09-30,Five San Fernando Valley Street Gang Affiliates Arrested on Federal Complaint Alleging Murder-for-Hire Plot Against Local Crime Boss,https://oig.hhs.gov/fraud/enforcement/five-san-fernando-valley-street-gang-affiliates-arrested-on-federal-complaint-alleging-murder-for-hire-plot-against-local-crime-boss/
Bethel Psychologist Charged with Medicaid Fraud,2025-10-01,Bethel Psychologist Charged with Medicaid Fraud,https://oig.hhs.gov/fraud/enforcement/bethel-psychologist-charged-with-medicaid-fraud/
"AG Sunday: Philadelphia Pharmacy Pleads Guilty, Will Pay $2.3M Restitution for Medicaid Fraud Scheme Involving Unregulated HIV Meds",2025-10-01,"AG Sunday: Philadelphia Pharmacy Pleads Guilty, Will Pay $2.3M Restitution for Medicaid Fraud Scheme Involving Unregulated HIV Meds",https://oig.hhs.gov/fraud/enforcement/ag-sunday-philadelphia-pharmacy-pleads-guilty-will-pay-23m-restitution-for-medicaid-fraud-scheme-involving-unregulated-hiv-meds/
Clinic Owner Arrested In Multimillion-Dollar Fraud Scheme Involving Non-Existent Psychotherapy Services,2025-10-01,Clinic Owner Arrested In Multimillion-Dollar Fraud Scheme Involving Non-Existent Psychotherapy Services,https://oig.hhs.gov/fraud/enforcement/clinic-owner-arrested-in-multimillion-dollar-fraud-scheme-involving-non-existent-psychotherapy-services/
Attorney General Alan Wilson announces two Columbia women charged with stealing from vulnerable adult,2025-10-03,Attorney General Alan Wilson announces two Columbia women charged with stealing from vulnerable adult,https://oig.hhs.gov/fraud/enforcement/attorney-general-alan-wilson-announces-two-columbia-women-charged-with-stealing-from-vulnerable-adult/
"Attorney General Alan Wilson announces arrest of Horry Co. case manager for forgery, Medicaid fraud",2025-10-03,"Attorney General Alan Wilson announces arrest of Horry Co. case manager for forgery, Medicaid fraud",https://oig.hhs.gov/fraud/enforcement/attorney-general-alan-wilson-announces-arrest-of-horry-co-case-manager-for-forgery-medicaid-fraud/
Attorney General Hanaway Secures Felony Indictments In Four Major Medicaid Fraud Cases In St. Louis,2025-10-03,Attorney General Hanaway Secures Felony Indictments In Four Major Medicaid Fraud Cases In St. Louis,https://oig.hhs.gov/fraud/enforcement/attorney-general-hanaway-secures-felony-indictments-in-four-major-medicaid-fraud-cases-in-st-louis/
"Highmark Agreed to Pay $71,000 for Allegedly Violating the Civil Monetary Penalties Law by Employing an Excluded Individual",2025-10-03,"Highmark Agreed to Pay $71,000 for Allegedly Violating the Civil Monetary Penalties Law by Employing an Excluded Individual",https://oig.hhs.gov/fraud/enforcement/highmark-agreed-to-pay-71000-for-allegedly-violating-the-civil-monetary-penalties-law-by-employing-an-excluded-individual/
"Nursing Director Indicted for Assaulting Resident at Rehabilitation Center, Attempted Cover-Up",2025-10-08,"Nursing Director Indicted for Assaulting Resident at Rehabilitation Center, Attempted Cover-Up",https://oig.hhs.gov/fraud/enforcement/nursing-director-indicted-for-assaulting-resident-at-rehabilitation-center-attempted-cover-up/
Three Charged with Medicaid Fraud in Alleged Transportation Scheme,2025-10-09,Three Charged with Medicaid Fraud in Alleged Transportation Scheme,https://oig.hhs.gov/fraud/enforcement/three-charged-with-medicaid-fraud-in-alleged-transportation-scheme/
TennCare Fraud Investigation Leads to Arrest of Former Shelby County Home Care Operator,2025-10-14,TennCare Fraud Investigation Leads to Arrest of Former Shelby County Home Care Operator,https://oig.hhs.gov/fraud/enforcement/tenncare-fraud-investigation-leads-to-arrest-of-former-shelby-county-home-care-operator/
AG’s Office Secures Guilty Plea From Leominster Woman For Posing As Caregiver To Steal From Elderly Victims In Worcester And Middlesex Counties,2025-10-14,AG’s Office Secures Guilty Plea From Leominster Woman For Posing As Caregiver To Steal From Elderly Victims In Worcester And Middlesex Counties,https://oig.hhs.gov/fraud/enforcement/ags-office-secures-guilty-plea-from-leominster-woman-for-posing-as-caregiver-to-steal-from-elderly-victims-in-worcester-and-middlesex-counties/
Fawn Gobis Sentenced for Theft and Medicaid Fraud,2025-10-15,Fawn Gobis Sentenced for Theft and Medicaid Fraud,https://oig.hhs.gov/fraud/enforcement/fawn-gobis-sentenced-for-theft-and-medicaid-fraud/
"Attorney General Alan Wilson announces Spartanburg man charged with stealing more than $10,000 from vulnerable adult",2025-10-16,"Attorney General Alan Wilson announces Spartanburg man charged with stealing more than $10,000 from vulnerable adult",https://oig.hhs.gov/fraud/enforcement/attorney-general-alan-wilson-announces-spartanburg-man-charged-with-stealing-more-than-10000-from-vulnerable-adult/
"Eight Medicaid Providers Indicted, Accused of Phantom Billing",2025-10-16,"Eight Medicaid Providers Indicted, Accused of Phantom Billing",https://oig.hhs.gov/fraud/enforcement/eight-medicaid-providers-indicted-accused-of-phantom-billing/
Attorney General Raúl Torrez Recovers More Than $1.5 Million from Former New Mexico State Police Officer Charged in Substance Abuse Recovery Scheme,2025-10-16,Attorney General Raúl Torrez Recovers More Than $1.5 Million from Former New Mexico State Police Officer Charged in Substance Abuse Recovery Scheme,https://oig.hhs.gov/fraud/enforcement/attorney-general-raul-torrez-recovers-more-than-15-million-from-former-new-mexico-state-police-officer-charged-in-substance-abuse-recovery-scheme/
"The University of Texas Health Science Center at Houston Agreed to Pay $390,000 for Allegedly Violating the Civil Monetary Penalties Law by Submitting Upcoded Evaluation and Management Claims",2025-10-16,"The University of Texas Health Science Center at Houston Agreed to Pay $390,000 for Allegedly Violating the Civil Monetary Penalties Law by Submitting Upcoded Evaluation and Management Claims",https://oig.hhs.gov/fraud/enforcement/the-university-of-texas-health-science-center-at-houston-agreed-to-pay-390000-for-allegedly-violating-the-civil-monetary-penalties-law-by-submitting-upcoded-evaluation-and-management-claims/
"Eastern Nephrology Agreed to Pay $81,000 for Allegedly Violating the Civil Monetary Penalties Law by Employing an Excluded Individual",2025-10-16,"Eastern Nephrology Agreed to Pay $81,000 for Allegedly Violating the Civil Monetary Penalties Law by Employing an Excluded Individual",https://oig.hhs.gov/fraud/enforcement/eastern-nephrology-agreed-to-pay-81000-for-allegedly-violating-the-civil-monetary-penalties-law-by-employing-an-excluded-individual/
Bucks County Home Care Company And Its Owners And Managers Charged In Alleged Health Care Fraud Scheme,2025-10-16,Bucks County Home Care Company And Its Owners And Managers Charged In Alleged Health Care Fraud Scheme,https://oig.hhs.gov/fraud/enforcement/bucks-county-home-care-company-and-its-owners-and-managers-charged-in-alleged-health-care-fraud-scheme/
Attorney General Griffin Announces 7 Arrests Made by His Medicaid Fraud Control Unit,2025-10-20,Attorney General Griffin Announces 7 Arrests Made by His Medicaid Fraud Control Unit,https://oig.hhs.gov/fraud/enforcement/attorney-general-griffin-announces-7-arrests-made-by-his-medicaid-fraud-control-unit/
"Gastroenterology Group of Rochester Agreed to Pay $352,000 for Allegedly Violating the Civil Monetary Penalties Law by Submitting False Evaluation and Management Claims",2025-10-20,"Gastroenterology Group of Rochester Agreed to Pay $352,000 for Allegedly Violating the Civil Monetary Penalties Law by Submitting False Evaluation and Management Claims",https://oig.hhs.gov/fraud/enforcement/gastroenterology-group-of-rochester-agreed-to-pay-352000-for-allegedly-violating-the-civil-monetary-penalties-law-by-submitting-false-evaluation-and-management-claims/
Four More Charged In $110 Million Hospice Fraud Scheme,2025-10-21,Four More Charged In $110 Million Hospice Fraud Scheme,https://oig.hhs.gov/fraud/enforcement/four-more-charged-in-110-million-hospice-fraud-scheme/
"Attorney General Alan Wilson Announces Guilty Plea, Prison Sentence For Woman Who Kept Vulnerable Adults Locked Up In Unlicensed Home",2025-10-22,"Attorney General Alan Wilson Announces Guilty Plea, Prison Sentence For Woman Who Kept Vulnerable Adults Locked Up In Unlicensed Home",https://oig.hhs.gov/fraud/enforcement/attorney-general-alan-wilson-announces-guilty-plea-prison-sentence-for-woman-who-kept-vulnerable-adults-locked-up-in-unlicensed-home/
Two Plead Guilty To Medicaid Fraud In Case Attorney General Ellison Investigated Jointly With U.S. Attorney’s Office,2025-10-22,Two Plead Guilty To Medicaid Fraud In Case Attorney General Ellison Investigated Jointly With U.S. Attorney’s Office,https://oig.hhs.gov/fraud/enforcement/two-plead-guilty-to-medicaid-fraud-in-case-attorney-general-ellison-investigated-jointly-with-us-attorneys-office/
Attorney General James Uthmeier Announces Historic Accreditation of the Medicaid Fraud Control Unit,2025-10-23,Attorney General James Uthmeier Announces Historic Accreditation of the Medicaid Fraud Control Unit,https://oig.hhs.gov/fraud/enforcement/attorney-general-james-uthmeier-announces-historic-accreditation-of-the-medicaid-fraud-control-unit/
AG's Office Secures Indictments Against Worcester-Based Temporary Nurse Staffing Agency and Owner For Defrauding Nursing Homes And Putting Patients At Risk With Uncertified Aides,2025-10-27,AG's Office Secures Indictments Against Worcester-Based Temporary Nurse Staffing Agency and Owner For Defrauding Nursing Homes And Putting Patients At Risk With Uncertified Aides,https://oig.hhs.gov/fraud/enforcement/ags-office-secures-indictments-against-worcester-based-temporary-nurse-staffing-agency-and-owner-for-defrauding-nursing-homes-and-putting-patients-at-risk-with-uncertified-aides/
"ONE Health Ohio Agreed to Pay $24,000 for Allegedly Violating the Civil Monetary Penalties Law by Submitting Claims for Services that Did Not Meet the Requirements of Time-Based Codes",2025-10-27,"ONE Health Ohio Agreed to Pay $24,000 for Allegedly Violating the Civil Monetary Penalties Law by Submitting Claims for Services that Did Not Meet the Requirements of Time-Based Codes",https://oig.hhs.gov/fraud/enforcement/one-health-ohio-agreed-to-pay-24000-for-allegedly-violating-the-civil-monetary-penalties-law-by-submitting-claims-for-services-that-did-not-meet-the-requirements-of-time-based-codes/
Lee Health System Agreed to Pay $18.8 Million for Allegedly Violating the Civil Monetary Penalties Law by Employing Excluded Individuals and Submitting Claims for Services that Were Not Performed or Failed to Meet Coverage Criteria,2025-10-27,Lee Health System Agreed to Pay $18.8 Million for Allegedly Violating the Civil Monetary Penalties Law by Employing Excluded Individuals and Submitting Claims for Services that Were Not Performed or Failed to Meet Coverage Criteria,https://oig.hhs.gov/fraud/enforcement/lee-health-system-agreed-to-pay-188-million-for-allegedly-violating-the-civil-monetary-penalties-law-by-employing-excluded-individuals-and-submitting-claims-for-services-that-were-not-performed-or-failed-to-meet-coverage-criteria/
Oregon DOJ Successfully Places Private Care Agency on Probation in Medicaid Fraud Case,2025-10-28,Oregon DOJ Successfully Places Private Care Agency on Probation in Medicaid Fraud Case,https://oig.hhs.gov/fraud/enforcement/oregon-doj-successfully-places-private-care-agency-on-probation-in-medicaid-fraud-case/
Indianapolis man charged with 43 counts of Medicaid fraud after billing for more than $2.7 million,2025-10-28,Indianapolis man charged with 43 counts of Medicaid fraud after billing for more than $2.7 million,https://oig.hhs.gov/fraud/enforcement/indianapolis-man-charged-with-43-counts-of-medicaid-fraud-after-billing-for-more-than-27-million/
Swedish Medical Center and Swedish Medical Group Agreed to Pay $10 Million for Allegedly Violating the Civil Monetary Penalties Law by Submitting Claims for Services Provided for in Clinical Research Studies,2025-10-28,Swedish Medical Center and Swedish Medical Group Agreed to Pay $10 Million for Allegedly Violating the Civil Monetary Penalties Law by Submitting Claims for Services Provided for in Clinical Research Studies,https://oig.hhs.gov/fraud/enforcement/swedish-medical-center-and-swedish-medical-group-agreed-to-pay-10-million-for-allegedly-violating-the-civil-monetary-penalties-law-by-submitting-claims-for-services-provided-for-in-clinical-research-studies/
"Affiliated Pharmacies To Pay More Than $150,000 For False Claims Act Allegations",2025-10-29,"Affiliated Pharmacies To Pay More Than $150,000 For False Claims Act Allegations",https://oig.hhs.gov/fraud/enforcement/affiliated-pharmacies-to-pay-more-than-150000-for-false-claims-act-allegations/
"Metropolis Dermatology Agreed to Pay $140,000 for Allegedly Violating the Civil Monetary Penalties Law by Submitting Claims for Incident-to Services Not Covered",2025-10-29,"Metropolis Dermatology Agreed to Pay $140,000 for Allegedly Violating the Civil Monetary Penalties Law by Submitting Claims for Incident-to Services Not Covered",https://oig.hhs.gov/fraud/enforcement/metropolis-dermatology-agreed-to-pay-140000-for-allegedly-violating-the-civil-monetary-penalties-law-by-submitting-claims-for-incident-to-services-not-covered/
"Exact Sciences Laboratories Agreed to Pay $85,000 for Allegedly Violating the Civil Monetary Penalties Law by Employing an Excluded Individual",2025-10-29,"Exact Sciences Laboratories Agreed to Pay $85,000 for Allegedly Violating the Civil Monetary Penalties Law by Employing an Excluded Individual",https://oig.hhs.gov/fraud/enforcement/exact-sciences-laboratories-agreed-to-pay-85000-for-allegedly-violating-the-civil-monetary-penalties-law-by-employing-an-excluded-individual/
"Hopebridge Agreed to Pay $25,000 for Allegedly Violating the Civil Monetary Penalties Law by Submitting Claims for Services Without Proper Treatment Plans",2025-10-31,"Hopebridge Agreed to Pay $25,000 for Allegedly Violating the Civil Monetary Penalties Law by Submitting Claims for Services Without Proper Treatment Plans",https://oig.hhs.gov/fraud/enforcement/hopebridge-agreed-to-pay-25000-for-allegedly-violating-the-civil-monetary-penalties-law-by-submitting-claims-for-services-without-proper-treatment-plans/
Group Home Operator and Employees Charged with Neglect of Elderly Resident,2025-11-03,Group Home Operator and Employees Charged with Neglect of Elderly Resident,https://oig.hhs.gov/fraud/enforcement/group-home-operator-and-employees-charged-with-neglect-of-elderly-resident/
Federal Grand Jury returns Second Superseding Indictment against Memphis Gynecologist,2025-11-03,Federal Grand Jury returns Second Superseding Indictment against Memphis Gynecologist,https://oig.hhs.gov/fraud/enforcement/federal-grand-jury-returns-second-superseding-indictment-against-memphis-gynecologist/
Delta County Woman Pleads Guilty to Medicaid Fraud,2025-11-04,Delta County Woman Pleads Guilty to Medicaid Fraud,https://oig.hhs.gov/fraud/enforcement/delta-county-woman-pleads-guilty-to-medicaid-fraud/
"AG's Office Secures $175,000 from Fall River Pediatrician for Submitting False Claims to MassHealth",2025-11-04,"AG's Office Secures $175,000 from Fall River Pediatrician for Submitting False Claims to MassHealth",https://oig.hhs.gov/fraud/enforcement/ags-office-secures-175000-from-fall-river-pediatrician-for-submitting-false-claims-to-masshealth/
"Attorney General’s Medicaid Fraud and Vulnerable Victims Unit Secures a $200,000 Settlement and Corporate Oversight of Patapsco Healthcare",2025-11-04,"Attorney General’s Medicaid Fraud and Vulnerable Victims Unit Secures a $200,000 Settlement and Corporate Oversight of Patapsco Healthcare",https://oig.hhs.gov/fraud/enforcement/attorney-generals-medicaid-fraud-and-vulnerable-victims-unit-secures-a-200000-settlement-and-corporate-oversight-of-patapsco-healthcare/
Attorney General Griffin Announces 2 Arrests for Medicaid Fraud,2025-11-04,Attorney General Griffin Announces 2 Arrests for Medicaid Fraud,https://oig.hhs.gov/fraud/enforcement/attorney-general-griffin-announces-2-arrests-for-medicaid-fraud/
"Genesis Behavioral Services Agreed to Pay $100,000 for Allegedly Violating the Civil Monetary Penalties Law by Paying Improper Remuneration in Exchange for Referrals",2025-11-05,"Genesis Behavioral Services Agreed to Pay $100,000 for Allegedly Violating the Civil Monetary Penalties Law by Paying Improper Remuneration in Exchange for Referrals",https://oig.hhs.gov/fraud/enforcement/genesis-behavioral-services-agreed-to-pay-100000-for-allegedly-violating-the-civil-monetary-penalties-law-by-paying-improper-remuneration-in-exchange-for-referrals/
"Blick Center Agreed to Pay $165,000 for Allegedly Violating the Civil Monetary Penalties Law by Submitting Claims for Psychotherapy Services that Were Not Provided as Billed",2025-11-05,"Blick Center Agreed to Pay $165,000 for Allegedly Violating the Civil Monetary Penalties Law by Submitting Claims for Psychotherapy Services that Were Not Provided as Billed",https://oig.hhs.gov/fraud/enforcement/blick-center-agreed-to-pay-165000-for-allegedly-violating-the-civil-monetary-penalties-law-by-submitting-claims-for-psychotherapy-services-that-were-not-provided-as-billed/
Business Owner Sentenced to More Than Five Years in Prison for Fraud and Money Laundering Schemes,2025-11-06,Business Owner Sentenced to More Than Five Years in Prison for Fraud and Money Laundering Schemes,https://oig.hhs.gov/fraud/enforcement/business-owner-sentenced-to-more-than-five-years-in-prison-for-fraud-and-money-laundering-schemes/
AG Murrill’s Medicaid Fraud Control Unit Secures Guilty Plea Against Man Who Hit An Intellectually Disabled Person With A Broomstick Multiple Times,2025-11-07,AG Murrill’s Medicaid Fraud Control Unit Secures Guilty Plea Against Man Who Hit An Intellectually Disabled Person With A Broomstick Multiple Times,https://oig.hhs.gov/fraud/enforcement/ag-murrills-medicaid-fraud-control-unit-secures-guilty-plea-against-man-who-hit-an-intellectually-disabled-person-with-a-broomstick-multiple-times/
"Spartanburg Medical Center Agreed to Pay $100,000 for Allegedly Violating Patient Dumping Statute by Inappropriately Transferring a Patient",2025-11-12,"Spartanburg Medical Center Agreed to Pay $100,000 for Allegedly Violating Patient Dumping Statute by Inappropriately Transferring a Patient",https://oig.hhs.gov/fraud/enforcement/spartanburg-medical-center-agreed-to-pay-100000-for-allegedly-violating-patient-dumping-statute-by-inappropriately-transferring-a-patient/
"William Mangan, DO Agreed to Excluded for 10 Years for Allegedly Submitting Claims for Unnecessary Genetic Tests and DMEPOS",2025-11-12,"William Mangan, DO Agreed to Excluded for 10 Years for Allegedly Submitting Claims for Unnecessary Genetic Tests and DMEPOS",https://oig.hhs.gov/fraud/enforcement/william-mangan-do-agreed-to-excluded-for-10-years-for-allegedly-submitting-claims-for-unnecessary-genetic-tests-and-dmepos/
Attorney General Ken Paxton Arrests Illegal Alien Who Stole Texas Child’s Identity And Medicaid Benefits,2025-11-12,Attorney General Ken Paxton Arrests Illegal Alien Who Stole Texas Child’s Identity And Medicaid Benefits,https://oig.hhs.gov/fraud/enforcement/attorney-general-ken-paxton-arrests-illegal-alien-who-stole-texas-childs-identity-and-medicaid-benefits/
Diagnostic Laboratory Agrees To Pay More Than $9 Million To Settle Alleged False Claims Act Violations,2025-11-13,Diagnostic Laboratory Agrees To Pay More Than $9 Million To Settle Alleged False Claims Act Violations,https://oig.hhs.gov/fraud/enforcement/diagnostic-laboratory-agrees-to-pay-more-than-9-million-to-settle-alleged-false-claims-act-violations/
Baltimore County Woman Sentenced For Impersonating Nurses And Aggravated Identity Theft,2025-11-13,Baltimore County Woman Sentenced For Impersonating Nurses And Aggravated Identity Theft,https://oig.hhs.gov/fraud/enforcement/baltimore-county-woman-sentenced-for-impersonating-nurses-and-aggravated-identity-theft/
Alabama Doctor Pleads Guilty To $6 Million Telemedicine Health Care Fraud Scheme,2025-11-13,Alabama Doctor Pleads Guilty To $6 Million Telemedicine Health Care Fraud Scheme,https://oig.hhs.gov/fraud/enforcement/alabama-doctor-pleads-guilty-to-6-million-telemedicine-health-care-fraud-scheme/
"San Antonio Regional Hospital Agreed to Pay $100,000 for Allegedly Violating the Civil Monetary Penalties Law by Paying Improper Remuneration in the Form of Free Prior Authorization Services",2025-11-13,"San Antonio Regional Hospital Agreed to Pay $100,000 for Allegedly Violating the Civil Monetary Penalties Law by Paying Improper Remuneration in the Form of Free Prior Authorization Services",https://oig.hhs.gov/fraud/enforcement/san-antonio-regional-hospital-agreed-to-pay-100000-for-allegedly-violating-the-civil-monetary-penalties-law-by-paying-improper-remuneration-in-the-form-of-free-prior-authorization-services/
"ICYMI: Charges, Pleas, Sentencings And Settlements During The Recent Government Shutdown",2025-11-13,"ICYMI: Charges, Pleas, Sentencings And Settlements During The Recent Government Shutdown",https://oig.hhs.gov/fraud/enforcement/icymi-charges-pleas-sentencings-and-settlements-during-the-recent-government-shutdown/
Bradenton Woman Indicted For Passport Fraud And Theft Related To Government Funds,2025-11-13,Bradenton Woman Indicted For Passport Fraud And Theft Related To Government Funds,https://oig.hhs.gov/fraud/enforcement/bradenton-woman-indicted-for-passport-fraud-and-theft-related-to-government-funds/
Telemarketing Company Operators Sentenced For Roles In Genetic Testing Fraud Scheme,2025-11-13,Telemarketing Company Operators Sentenced For Roles In Genetic Testing Fraud Scheme,https://oig.hhs.gov/fraud/enforcement/telemarketing-company-operators-sentenced-for-roles-in-genetic-testing-fraud-scheme/
Repeat Offender Pleads Guilty To Health Care Fraud Scheme In New Hampshire,2025-11-13,Repeat Offender Pleads Guilty To Health Care Fraud Scheme In New Hampshire,https://oig.hhs.gov/fraud/enforcement/repeat-offender-pleads-guilty-to-health-care-fraud-scheme-in-new-hampshire/
"VRA Enterprises Agrees To Pay Over $17 Million For Allegedly Billing Medicare For Over-The-Counter COVID-19 Tests That Were Not Provided To Beneficiaries, Or That Were Sent To Beneficiaries Months After Being Billed To Medicare",2025-11-14,"VRA Enterprises Agrees To Pay Over $17 Million For Allegedly Billing Medicare For Over-The-Counter COVID-19 Tests That Were Not Provided To Beneficiaries, Or That Were Sent To Beneficiaries Months After Being Billed To Medicare",https://oig.hhs.gov/fraud/enforcement/vra-enterprises-agrees-to-pay-over-17-million-for-allegedly-billing-medicare-for-over-the-counter-covid-19-tests-that-were-not-provided-to-beneficiaries-or-that-were-sent-to-beneficiaries-months-after-being-billed-to-medicare/
"Memphis Woman Pleads Guilty to Defrauding Federal COVID-19 Relief Programs of Over $500,000",2025-11-17,"Memphis Woman Pleads Guilty to Defrauding Federal COVID-19 Relief Programs of Over $500,000",https://oig.hhs.gov/fraud/enforcement/memphis-woman-pleads-guilty-to-defrauding-federal-covid-19-relief-programs-of-over-500000/
CVS Pharmacy Inc. Pays $18.2 Million to Resolve Alleged False Claims Act Violations,2025-11-17,CVS Pharmacy Inc. Pays $18.2 Million to Resolve Alleged False Claims Act Violations,https://oig.hhs.gov/fraud/enforcement/cvs-pharmacy-inc-pays-182-million-to-resolve-alleged-false-claims-act-violations/
Oncologist Sentenced to Prison for Illegally Selling Cancer Drugs,2025-11-17,Oncologist Sentenced to Prison for Illegally Selling Cancer Drugs,https://oig.hhs.gov/fraud/enforcement/oncologist-sentenced-to-prison-for-illegally-selling-cancer-drugs/
Aesculap Implant Systems Agrees to Pay $38.5 Million to Resolve False Claims Act Allegations Related to Knee Implant Failures,2025-11-17,Aesculap Implant Systems Agrees to Pay $38.5 Million to Resolve False Claims Act Allegations Related to Knee Implant Failures,https://oig.hhs.gov/fraud/enforcement/aesculap-implant-systems-agrees-to-pay-385-million-to-resolve-false-claims-act-allegations-related-to-knee-implant-failures/
Tri-Cities Urgent Care Clinic Agrees to Pay $2.8 Million to Resolve Claims of Overbilling for Diagnostic Tests,2025-11-17,Tri-Cities Urgent Care Clinic Agrees to Pay $2.8 Million to Resolve Claims of Overbilling for Diagnostic Tests,https://oig.hhs.gov/fraud/enforcement/tri-cities-urgent-care-clinic-agrees-to-pay-28-million-to-resolve-claims-of-overbilling-for-diagnostic-tests/
Owners and CEO of Wholesale Pharmaceutical Company Convicted of Distributing More Than $92 Million of Black-Market HIV Drugs,2025-11-17,Owners and CEO of Wholesale Pharmaceutical Company Convicted of Distributing More Than $92 Million of Black-Market HIV Drugs,https://oig.hhs.gov/fraud/enforcement/owners-and-ceo-of-wholesale-pharmaceutical-company-convicted-of-distributing-more-than-92-million-of-black-market-hiv-drugs/
President of Insurance Brokerage Firm and CEO of Marketing Company Convicted in $233M Affordable Care Act Enrollment Fraud Scheme,2025-11-17,President of Insurance Brokerage Firm and CEO of Marketing Company Convicted in $233M Affordable Care Act Enrollment Fraud Scheme,https://oig.hhs.gov/fraud/enforcement/president-of-insurance-brokerage-firm-and-ceo-of-marketing-company-convicted-in-233m-affordable-care-act-enrollment-fraud-scheme/
"Strata Pathology Services Agreed to Pay $100,000 for Allegedly Violating the Civil Monetary Penalties Law by Paying Improper Remuneration in the Form of Free Access to Systems",2025-11-17,"Strata Pathology Services Agreed to Pay $100,000 for Allegedly Violating the Civil Monetary Penalties Law by Paying Improper Remuneration in the Form of Free Access to Systems",https://oig.hhs.gov/fraud/enforcement/strata-pathology-services-agreed-to-pay-100000-for-allegedly-violating-the-civil-monetary-penalties-law-by-paying-improper-remuneration-in-the-form-of-free-access-to-systems/
"Attorney General Alan Wilson announces Upstate couple charged with neglecting and stealing almost $330,000 from vulnerable adult",2025-11-17,"Attorney General Alan Wilson announces Upstate couple charged with neglecting and stealing almost $330,000 from vulnerable adult",https://oig.hhs.gov/fraud/enforcement/attorney-general-alan-wilson-announces-upstate-couple-charged-with-neglecting-and-stealing-almost-330000-from-vulnerable-adult/
Coeur d’Alene Physician Found Guilty in Telemarketing Medicare Fraud Conspiracy,2025-11-17,Coeur d’Alene Physician Found Guilty in Telemarketing Medicare Fraud Conspiracy,https://oig.hhs.gov/fraud/enforcement/coeur-dalene-physician-found-guilty-in-telemarketing-medicare-fraud-conspiracy/
Corporation and Former Chief Executive Officer Sentenced for Health Care Fraud and Tax Conspiracy,2025-11-18,Corporation and Former Chief Executive Officer Sentenced for Health Care Fraud and Tax Conspiracy,https://oig.hhs.gov/fraud/enforcement/corporation-and-former-chief-executive-officer-sentenced-for-health-care-fraud-and-tax-conspiracy/
"Florida Man Indicted for Health Care Fraud, Wire Fraud in Durable Medical Equipment Scheme",2025-11-18,"Florida Man Indicted for Health Care Fraud, Wire Fraud in Durable Medical Equipment Scheme",https://oig.hhs.gov/fraud/enforcement/florida-man-indicted-for-health-care-fraud-wire-fraud-in-durable-medical-equipment-scheme/
Four California Residents Sentenced to Prison in Connection with $16M Hospice Fraud and Money Laundering Scheme,2025-11-18,Four California Residents Sentenced to Prison in Connection with $16M Hospice Fraud and Money Laundering Scheme,https://oig.hhs.gov/fraud/enforcement/four-california-residents-sentenced-to-prison-in-connection-with-16m-hospice-fraud-and-money-laundering-scheme/
"Memphis Doctor to Pay $375,296.90 to Settle Fraudulent Billing Allegations",2025-11-18,"Memphis Doctor to Pay $375,296.90 to Settle Fraudulent Billing Allegations",https://oig.hhs.gov/fraud/enforcement/memphis-doctor-to-pay-37529690-to-settle-fraudulent-billing-allegations/
AG’s Office Secures Guilty Plea From Dracut Physician Charged With Involuntary Manslaughter And Illegally Prescribing Opioids,2025-11-18,AG’s Office Secures Guilty Plea From Dracut Physician Charged With Involuntary Manslaughter And Illegally Prescribing Opioids,https://oig.hhs.gov/fraud/enforcement/ags-office-secures-guilty-plea-from-dracut-physician-charged-with-involuntary-manslaughter-and-illegally-prescribing-opioids/
AG’s Office Secures Guilty Plea From Dracut Physician Charged With Involuntary Manslaughter And Illegally Prescribing Opioids,2025-11-18,AG’s Office Secures Guilty Plea From Dracut Physician Charged With Involuntary Manslaughter And Illegally Prescribing Opioids,https://oig.hhs.gov/fraud/enforcement/ags-office-secures-guilty-plea-from-dracut-physician-charged-with-involuntary-manslaughter-and-illegally-prescribing-opioids-2/
Attorney General Griffin Announces 2 Convictions and an Arrest Made by His Medicaid Fraud Control Unit,2025-11-18,Attorney General Griffin Announces 2 Convictions and an Arrest Made by His Medicaid Fraud Control Unit,https://oig.hhs.gov/fraud/enforcement/attorney-general-griffin-announces-2-convictions-and-an-arrest-made-by-his-medicaid-fraud-control-unit/
Nine Medicaid Providers Facing Fraud Charges,2025-11-18,Nine Medicaid Providers Facing Fraud Charges,https://oig.hhs.gov/fraud/enforcement/nine-medicaid-providers-facing-fraud-charges/
"Attorney General Alan Wilson announces arrest of Upstate woman for allegedly stealing $67,000 from nursing home resident",2025-11-18,"Attorney General Alan Wilson announces arrest of Upstate woman for allegedly stealing $67,000 from nursing home resident",https://oig.hhs.gov/fraud/enforcement/attorney-general-alan-wilson-announces-arrest-of-upstate-woman-for-allegedly-stealing-67000-from-nursing-home-resident/
Connecticut Dentists Pay More than $714K to Settle False Claims Allegations,2025-11-19,Connecticut Dentists Pay More than $714K to Settle False Claims Allegations,https://oig.hhs.gov/fraud/enforcement/connecticut-dentists-pay-more-than-714k-to-settle-false-claims-allegations/
Little Rock Psychologist Indicted by Federal Grand Jury for Defrauding Medicare and Arkansas Blue Cross Blue Shield,2025-11-19,Little Rock Psychologist Indicted by Federal Grand Jury for Defrauding Medicare and Arkansas Blue Cross Blue Shield,https://oig.hhs.gov/fraud/enforcement/little-rock-psychologist-indicted-by-federal-grand-jury-for-defrauding-medicare-and-arkansas-blue-cross-blue-shield/
Northwestern University Agreed to Pay $2.3 Million for Allegedly Violating the Civil Monetary Penalties Law by Submitting False Claims to NIH Funded Grants Involving Falsified Research,2025-11-19,Northwestern University Agreed to Pay $2.3 Million for Allegedly Violating the Civil Monetary Penalties Law by Submitting False Claims to NIH Funded Grants Involving Falsified Research,https://oig.hhs.gov/fraud/enforcement/northwestern-university-agreed-to-pay-23-million-for-allegedly-violating-the-civil-monetary-penalties-law-by-submitting-false-claims-to-nih-funded-grants-involving-falsified-research/
Founder/CEO and Clinical President of Digital Health Company Convicted in $100M Adderall Distribution and Health Care Fraud Scheme,2025-11-19,Founder/CEO and Clinical President of Digital Health Company Convicted in $100M Adderall Distribution and Health Care Fraud Scheme,https://oig.hhs.gov/fraud/enforcement/founderceo-and-clinical-president-of-digital-health-company-convicted-in-100m-adderall-distribution-and-health-care-fraud-scheme/
Attorney General James Announces Felony Conviction of Nassau County Nursing Home Aide Who Sexually Assaulted Residents,2025-11-19,Attorney General James Announces Felony Conviction of Nassau County Nursing Home Aide Who Sexually Assaulted Residents,https://oig.hhs.gov/fraud/enforcement/attorney-general-james-announces-felony-conviction-of-nassau-county-nursing-home-aide-who-sexually-assaulted-residents/
Missouri Man Sentenced to 10 Years in Prison for $174 Million Health Care Fraud Conspiracy,2025-11-19,Missouri Man Sentenced to 10 Years in Prison for $174 Million Health Care Fraud Conspiracy,https://oig.hhs.gov/fraud/enforcement/missouri-man-sentenced-to-10-years-in-prison-for-174-million-health-care-fraud-conspiracy/
"Michael Lesem, MD and Michael D. Lesem, MD PA Agreed to Pay $546,000 for Allegedly Violating the Civil Monetary Penalties Law by Submitting Claims for Bundled Services that Included Drugs that Were Not Purchased",2025-11-20,"Michael Lesem, MD and Michael D. Lesem, MD PA Agreed to Pay $546,000 for Allegedly Violating the Civil Monetary Penalties Law by Submitting Claims for Bundled Services that Included Drugs that Were Not Purchased",https://oig.hhs.gov/fraud/enforcement/michael-lesem-md-and-michael-d-lesem-md-pa-agreed-to-pay-546000-for-allegedly-violating-the-civil-monetary-penalties-law-by-submitting-claims-for-bundled-services-that-included-drugs-that-were-not-purchased/
"Rashid Pervez, MD and North Central Ohio Health Care Agreed to Pay $698,000 for Allegedly Violating the Civil Monetary Penalties Law by Submitting Claims for Bundled Services that Included Drugs that Were Not Purchased",2025-11-20,"Rashid Pervez, MD and North Central Ohio Health Care Agreed to Pay $698,000 for Allegedly Violating the Civil Monetary Penalties Law by Submitting Claims for Bundled Services that Included Drugs that Were Not Purchased",https://oig.hhs.gov/fraud/enforcement/rashid-pervez-md-and-north-central-ohio-health-care-agreed-to-pay-698000-for-allegedly-violating-the-civil-monetary-penalties-law-by-submitting-claims-for-bundled-services-that-included-drugs-that-were-not-purchased/
Diagnostic Laboratory Agrees to Pay More Than $1 Million to Settle Alleged False Claims Act Violations,2025-11-20,Diagnostic Laboratory Agrees to Pay More Than $1 Million to Settle Alleged False Claims Act Violations,https://oig.hhs.gov/fraud/enforcement/diagnostic-laboratory-agrees-to-pay-more-than-1-million-to-settle-alleged-false-claims-act-violations/
Texas Businessman Admits $1.9 Million COVID Test Kit Fraud,2025-11-20,Texas Businessman Admits $1.9 Million COVID Test Kit Fraud,https://oig.hhs.gov/fraud/enforcement/texas-businessman-admits-19-million-covid-test-kit-fraud/
Physician Convicted of Conspiracy to Defraud Medicare,2025-11-20,Physician Convicted of Conspiracy to Defraud Medicare,https://oig.hhs.gov/fraud/enforcement/physician-convicted-of-conspiracy-to-defraud-medicare/
Mississippi Businessman Pleads Guilty to $19M Health Care Fraud Conspiracy,2025-11-20,Mississippi Businessman Pleads Guilty to $19M Health Care Fraud Conspiracy,https://oig.hhs.gov/fraud/enforcement/mississippi-businessman-pleads-guilty-to-19m-health-care-fraud-conspiracy/
"Verde Valley Ambulance Company Agreed to Pay $40,000 for Allegedly Violating the Civil Monetary Penalties Law by Submitting Claims for Services Rendered by an Individual that Lacked Proper Credentials",2025-11-20,"Verde Valley Ambulance Company Agreed to Pay $40,000 for Allegedly Violating the Civil Monetary Penalties Law by Submitting Claims for Services Rendered by an Individual that Lacked Proper Credentials",https://oig.hhs.gov/fraud/enforcement/verde-valley-ambulance-company-agreed-to-pay-40000-for-allegedly-violating-the-civil-monetary-penalties-law-by-submitting-claims-for-services-rendered-by-an-individual-that-lacked-proper-credentials/
"Attorney General Raoul Charges Cook County Physician For More Than $1 Million In Medicaid, Medicare Fraud",2025-11-20,"Attorney General Raoul Charges Cook County Physician For More Than $1 Million In Medicaid, Medicare Fraud",https://oig.hhs.gov/fraud/enforcement/attorney-general-raoul-charges-cook-county-physician-for-more-than-1-million-in-medicaid-medicare-fraud/
U.K. Citizen Indicted for $2.7M Telehealth Scheme,2025-11-21,U.K. Citizen Indicted for $2.7M Telehealth Scheme,https://oig.hhs.gov/fraud/enforcement/uk-citizen-indicted-for-27m-telehealth-scheme/
U.S. Attorney Zachary A. Keller Highlights a Dozen Significant Prosecutions During Government Shutdown,2025-11-21,U.S. Attorney Zachary A. Keller Highlights a Dozen Significant Prosecutions During Government Shutdown,https://oig.hhs.gov/fraud/enforcement/us-attorney-zachary-a-keller-highlights-a-dozen-significant-prosecutions-during-government-shutdown/
Pharmacist and Brother Sentenced to Prison for $15M Health Care and Wire Fraud Scheme,2025-11-21,Pharmacist and Brother Sentenced to Prison for $15M Health Care and Wire Fraud Scheme,https://oig.hhs.gov/fraud/enforcement/pharmacist-and-brother-sentenced-to-prison-for-15m-health-care-and-wire-fraud-scheme/
Vohra Wound Physicians and its Owner Agree to Pay $45M to Settle Fraud Allegations of Overbilling for Wound Care Services,2025-11-21,Vohra Wound Physicians and its Owner Agree to Pay $45M to Settle Fraud Allegations of Overbilling for Wound Care Services,https://oig.hhs.gov/fraud/enforcement/vohra-wound-physicians-and-its-owner-agree-to-pay-45m-to-settle-fraud-allegations-of-overbilling-for-wound-care-services/
Michigan Pharmacist Sentenced to 46 Months in Prison for $4M Health Care Fraud Scheme,2025-11-24,Michigan Pharmacist Sentenced to 46 Months in Prison for $4M Health Care Fraud Scheme,https://oig.hhs.gov/fraud/enforcement/michigan-pharmacist-sentenced-to-46-months-in-prison-for-4m-health-care-fraud-scheme/
Indiana Laboratory Company Agrees to Pay More Than $9 Million to Settle Alleged False Claims Act Violations,2025-11-24,Indiana Laboratory Company Agrees to Pay More Than $9 Million to Settle Alleged False Claims Act Violations,https://oig.hhs.gov/fraud/enforcement/indiana-laboratory-company-agrees-to-pay-more-than-9-million-to-settle-alleged-false-claims-act-violations/
"Southern Colorado Hospital and Doctors Agree to Pay $650,000 to Resolve Allegations That They Unlawfully Prescribed Opioids and Other Controlled Substances",2025-11-24,"Southern Colorado Hospital and Doctors Agree to Pay $650,000 to Resolve Allegations That They Unlawfully Prescribed Opioids and Other Controlled Substances",https://oig.hhs.gov/fraud/enforcement/southern-colorado-hospital-and-doctors-agree-to-pay-650000-to-resolve-allegations-that-they-unlawfully-prescribed-opioids-and-other-controlled-substances/
"Missouri Home Health Care Company Agrees to Pay $534,475 False Claims Act Settlement",2025-11-24,"Missouri Home Health Care Company Agrees to Pay $534,475 False Claims Act Settlement",https://oig.hhs.gov/fraud/enforcement/missouri-home-health-care-company-agrees-to-pay-534475-false-claims-act-settlement/
New Jersey Pharmacy Owner Pleads Guilty to Health Care Fraud Scheme Involving Billing Medicare for Undispensed Medication,2025-11-24,New Jersey Pharmacy Owner Pleads Guilty to Health Care Fraud Scheme Involving Billing Medicare for Undispensed Medication,https://oig.hhs.gov/fraud/enforcement/new-jersey-pharmacy-owner-pleads-guilty-to-health-care-fraud-scheme-involving-billing-medicare-for-undispensed-medication/
Three Former Executives for Magellan Diagnostics Sentenced for False Statements and FDCA Violations,2025-11-24,Three Former Executives for Magellan Diagnostics Sentenced for False Statements and FDCA Violations,https://oig.hhs.gov/fraud/enforcement/three-former-executives-for-magellan-diagnostics-sentenced-for-false-statements-and-fdca-violations/
"Nurse Practitioner Sentenced to 18 Months and Ordered to Pay over $160,000 in Restitution for Health Care Fraud and Unlawful Drug Distribution",2025-12-01,"Nurse Practitioner Sentenced to 18 Months and Ordered to Pay over $160,000 in Restitution for Health Care Fraud and Unlawful Drug Distribution",https://oig.hhs.gov/fraud/enforcement/nurse-practitioner-sentenced-to-18-months-and-ordered-to-pay-over-160000-in-restitution-for-health-care-fraud-and-unlawful-drug-distribution/
"Alive Hospice Agreed to Pay $67,000 for Allegedly Violating the Civil Monetary Penalties Law by Submitting Claims for Services Provided by an Unlicensed Individual",2025-12-01,"Alive Hospice Agreed to Pay $67,000 for Allegedly Violating the Civil Monetary Penalties Law by Submitting Claims for Services Provided by an Unlicensed Individual",https://oig.hhs.gov/fraud/enforcement/alive-hospice-agreed-to-pay-67000-for-allegedly-violating-the-civil-monetary-penalties-law-by-submitting-claims-for-services-provided-by-an-unlicensed-individual/
"Owner of Assisted Living Home, Jeffrey Hiett, Pleads Guilty to Medicaid Fraud",2025-12-01,"Owner of Assisted Living Home, Jeffrey Hiett, Pleads Guilty to Medicaid Fraud",https://oig.hhs.gov/fraud/enforcement/owner-of-assisted-living-home-jeffrey-hiett-pleads-guilty-to-medicaid-fraud/
"The State of Mississippi – University of Mississippi Medical Center Agreed to Pay $368,000 for Allegedly Violating the Civil Monetary Penalties Law by Employing an Excluded Individual",2025-12-01,"The State of Mississippi – University of Mississippi Medical Center Agreed to Pay $368,000 for Allegedly Violating the Civil Monetary Penalties Law by Employing an Excluded Individual",https://oig.hhs.gov/fraud/enforcement/the-state-of-mississippi-university-of-mississippi-medical-center-agreed-to-pay-368000-for-allegedly-violating-the-civil-monetary-penalties-law-by-employing-an-excluded-individual/
"Palos Community Hospital Agreed to Pay $129,000 for Allegedly Violating the Civil Monetary Penalties Law by Submitting Claims for Services Provided by Unlicensed Individuals",2025-12-02,"Palos Community Hospital Agreed to Pay $129,000 for Allegedly Violating the Civil Monetary Penalties Law by Submitting Claims for Services Provided by Unlicensed Individuals",https://oig.hhs.gov/fraud/enforcement/palos-community-hospital-agreed-to-pay-129000-for-allegedly-violating-the-civil-monetary-penalties-law-by-submitting-claims-for-services-provided-by-unlicensed-individuals/
Georgia Man Sentenced for $24M Kickback and Medicare Fraud Conspiracy,2025-12-02,Georgia Man Sentenced for $24M Kickback and Medicare Fraud Conspiracy,https://oig.hhs.gov/fraud/enforcement/georgia-man-sentenced-for-24m-kickback-and-medicare-fraud-conspiracy/
U.S. Attorney Announces $37.76 Million Settlement With CVS For Over-Dispensing Insulin Pens To Patients,2025-12-02,U.S. Attorney Announces $37.76 Million Settlement With CVS For Over-Dispensing Insulin Pens To Patients,https://oig.hhs.gov/fraud/enforcement/us-attorney-announces-3776-million-settlement-with-cvs-for-over-dispensing-insulin-pens-to-patients/
Largest North Carolina Behavioral Health Practice Agrees to Pay $1.9 Million to Resolve Allegedly False Medicare Claims,2025-12-02,Largest North Carolina Behavioral Health Practice Agrees to Pay $1.9 Million to Resolve Allegedly False Medicare Claims,https://oig.hhs.gov/fraud/enforcement/largest-north-carolina-behavioral-health-practice-agrees-to-pay-19-million-to-resolve-allegedly-false-medicare-claims/
Indian National Sentenced To Prison For Medicare Fraud Scheme That Stole More Than $1 Million In Taxpayer Funds,2025-12-02,Indian National Sentenced To Prison For Medicare Fraud Scheme That Stole More Than $1 Million In Taxpayer Funds,https://oig.hhs.gov/fraud/enforcement/indian-national-sentenced-to-prison-for-medicare-fraud-scheme-that-stole-more-than-1-million-in-taxpayer-funds/
Attorney General Alan Wilson announces two Upstate Medicaid providers charged with fraud,2025-12-02,Attorney General Alan Wilson announces two Upstate Medicaid providers charged with fraud,https://oig.hhs.gov/fraud/enforcement/attorney-general-alan-wilson-announces-two-upstate-medicaid-providers-charged-with-fraud/
Two Virginia Men Arrested for Conspiring to Destroy Government Databases,2025-12-03,Two Virginia Men Arrested for Conspiring to Destroy Government Databases,https://oig.hhs.gov/fraud/enforcement/two-virginia-men-arrested-for-conspiring-to-destroy-government-databases/
Texas Man Charged with Conspiracy to Obtain Controlled Substances by Fraud,2025-12-03,Texas Man Charged with Conspiracy to Obtain Controlled Substances by Fraud,https://oig.hhs.gov/fraud/enforcement/texas-man-charged-with-conspiracy-to-obtain-controlled-substances-by-fraud/
"Brentwood Springs Agreed to Pay $54,000 for Allegedly Violating the Civil Monetary Penalties Law by Submitting Claims for Services Provided by an Unlicensed Individual",2025-12-04,"Brentwood Springs Agreed to Pay $54,000 for Allegedly Violating the Civil Monetary Penalties Law by Submitting Claims for Services Provided by an Unlicensed Individual",https://oig.hhs.gov/fraud/enforcement/brentwood-springs-agreed-to-pay-54000-for-allegedly-violating-the-civil-monetary-penalties-law-by-submitting-claims-for-services-provided-by-an-unlicensed-individual/
"Initium Health Agreed to Pay $580,000 for Allegedly Violating the Civil Monetary Penalties Law by Inappropriately Drawing Down Funds from an HHS Grant",2025-12-04,"Initium Health Agreed to Pay $580,000 for Allegedly Violating the Civil Monetary Penalties Law by Inappropriately Drawing Down Funds from an HHS Grant",https://oig.hhs.gov/fraud/enforcement/initium-health-agreed-to-pay-580000-for-allegedly-violating-the-civil-monetary-penalties-law-by-inappropriately-drawing-down-funds-from-an-hhs-grant/
"Williamsport and Deercreek Emergency Squad Agreed to Pay $160,000 for Allegedly Violating the Civil Monetary Penalties Law by Employing an Excluded Individual",2025-12-04,"Williamsport and Deercreek Emergency Squad Agreed to Pay $160,000 for Allegedly Violating the Civil Monetary Penalties Law by Employing an Excluded Individual",https://oig.hhs.gov/fraud/enforcement/williamsport-and-deercreek-emergency-squad-agreed-to-pay-160000-for-allegedly-violating-the-civil-monetary-penalties-law-by-employing-an-excluded-individual/
"Midwest Surgery Center Agreed to Pay $274,000 for Allegedly Violating the Civil Monetary Penalties Law by Submitting Claims for Services Provided by an Unlicensed Individual",2025-12-04,"Midwest Surgery Center Agreed to Pay $274,000 for Allegedly Violating the Civil Monetary Penalties Law by Submitting Claims for Services Provided by an Unlicensed Individual",https://oig.hhs.gov/fraud/enforcement/midwest-surgery-center-agreed-to-pay-274000-for-allegedly-violating-the-civil-monetary-penalties-law-by-submitting-claims-for-services-provided-by-an-unlicensed-individual/
"Virginia Laboratory to Pay $758,000 to Settle Allegations of Kickbacks to Doctors and Marketers",2025-12-04,"Virginia Laboratory to Pay $758,000 to Settle Allegations of Kickbacks to Doctors and Marketers",https://oig.hhs.gov/fraud/enforcement/virginia-laboratory-to-pay-758000-to-settle-allegations-of-kickbacks-to-doctors-and-marketers/
Two Miami Men Sentenced to Nearly Five Years in Prison for $28 Million Scheme Involving Diverted Pharmaceuticals,2025-12-05,Two Miami Men Sentenced to Nearly Five Years in Prison for $28 Million Scheme Involving Diverted Pharmaceuticals,https://oig.hhs.gov/fraud/enforcement/two-miami-men-sentenced-to-nearly-five-years-in-prison-for-28-million-scheme-involving-diverted-pharmaceuticals/
Illinois Men Face Additional Charges for Health Care Fraud and Money Laundering Conspiracy,2025-12-05,Illinois Men Face Additional Charges for Health Care Fraud and Money Laundering Conspiracy,https://oig.hhs.gov/fraud/enforcement/illinois-men-face-additional-charges-for-health-care-fraud-and-money-laundering-conspiracy/
Attorney General Alan Wilson Announces Two Dillon Co. Residents Charged With Stealing From Vulnerable Adult,2025-12-08,Attorney General Alan Wilson Announces Two Dillon Co. Residents Charged With Stealing From Vulnerable Adult,https://oig.hhs.gov/fraud/enforcement/attorney-general-alan-wilson-announces-two-dillon-co-residents-charged-with-stealing-from-vulnerable-adult/
"Option Care Health Agreed to Pay $719,000 for Allegedly Violating the Civil Monetary Penalties Law by Paying Improper Remuneration in the Form of Referral Based Compensation",2025-12-08,"Option Care Health Agreed to Pay $719,000 for Allegedly Violating the Civil Monetary Penalties Law by Paying Improper Remuneration in the Form of Referral Based Compensation",https://oig.hhs.gov/fraud/enforcement/option-care-health-agreed-to-pay-719000-for-allegedly-violating-the-civil-monetary-penalties-law-by-paying-improper-remuneration-in-the-form-of-referral-based-compensation/
"Coastline Emergency Medical Services and SouthCoast Emergency Medical Services Agreed to Pay $162,000 for Allegedly Violating the Civil Monetary Penalties Law by Submitting False Claims for Emergency Ambulance Services",2025-12-08,"Coastline Emergency Medical Services and SouthCoast Emergency Medical Services Agreed to Pay $162,000 for Allegedly Violating the Civil Monetary Penalties Law by Submitting False Claims for Emergency Ambulance Services",https://oig.hhs.gov/fraud/enforcement/coastline-emergency-medical-services-and-southcoast-emergency-medical-services-agreed-to-pay-162000-for-allegedly-violating-the-civil-monetary-penalties-law-by-submitting-false-claims-for-emergency-ambulance-services/
Attorney General Ellison Files Charges Against Man Who Financially Exploited His Mother,2025-12-09,Attorney General Ellison Files Charges Against Man Who Financially Exploited His Mother,https://oig.hhs.gov/fraud/enforcement/attorney-general-ellison-files-charges-against-man-who-financially-exploited-his-mother/
"Attorney General’s Medicaid Fraud and Vulnerable Victims Unit Secures a $400,000 Settlement and Corporate Oversight of Orchard Hill Rehabilitation and Health Care Center",2025-12-09,"Attorney General’s Medicaid Fraud and Vulnerable Victims Unit Secures a $400,000 Settlement and Corporate Oversight of Orchard Hill Rehabilitation and Health Care Center",https://oig.hhs.gov/fraud/enforcement/attorney-generals-medicaid-fraud-and-vulnerable-victims-unit-secures-a-400000-settlement-and-corporate-oversight-of-orchard-hill-rehabilitation-and-healthcare-center/
"Honduras Citizen Sentenced to Prison for Fourth Illegal Reentry into the U.S., Social Security Fraud, and Identity Theft",2025-12-09,"Honduras Citizen Sentenced to Prison for Fourth Illegal Reentry into the U.S., Social Security Fraud, and Identity Theft",https://oig.hhs.gov/fraud/enforcement/honduras-citizen-sentenced-to-prison-for-fourth-illegal-reentry-into-the-us-social-security-fraud-and-identity-theft/
"H. Brady Millican, III Agreed to Be Excluded for 3 Years for Allegedly Paying Improper Remuneration",2025-12-09,"H. Brady Millican, III Agreed to Be Excluded for 3 Years for Allegedly Paying Improper Remuneration",https://oig.hhs.gov/fraud/enforcement/h-brady-millican-iii-agreed-to-be-excluded-for-3-years-for-allegedly-paying-improper-remuneration/
Canton Man Sentenced to more than 3 Years in Federal Prison for Wire Fraud and Money Laundering,2025-12-10,Canton Man Sentenced to more than 3 Years in Federal Prison for Wire Fraud and Money Laundering,https://oig.hhs.gov/fraud/enforcement/canton-man-sentenced-to-more-than-3-years-in-federal-prison-for-wire-fraud-and-money-laundering/
"Telehealth Company Agrees to Pay $300,000 to Resolve False Claims Act Allegations",2025-12-10,"Telehealth Company Agrees to Pay $300,000 to Resolve False Claims Act Allegations",https://oig.hhs.gov/fraud/enforcement/telehealth-company-agrees-to-pay-300000-to-resolve-false-claims-act-allegations/
Recovery Centers of America Agrees to Pay $2 Million to Resolve Allegations That It Violated the Controlled Substances Act and the False Claims Act by Mishandling Controlled Substances and Providing Inadequate Treatment Services,2025-12-10,Recovery Centers of America Agrees to Pay $2 Million to Resolve Allegations That It Violated the Controlled Substances Act and the False Claims Act by Mishandling Controlled Substances and Providing Inadequate Treatment Services,https://oig.hhs.gov/fraud/enforcement/recovery-centers-of-america-agrees-to-pay-2-million-to-resolve-allegations-that-it-violated-the-controlled-substances-act-and-the-false-claims-act-by-mishandling-controlled-substances-and-providing-inadequate-treatment-services/
"Central Emergency Medical Services Agreed to Pay $20,000 for Allegedly Violating the Civil Monetary Penalties Law by Employing an Excluded Individual",2025-12-10,"Central Emergency Medical Services Agreed to Pay $20,000 for Allegedly Violating the Civil Monetary Penalties Law by Employing an Excluded Individual",https://oig.hhs.gov/fraud/enforcement/central-emergency-medical-services-agreed-to-pay-20000-for-allegedly-violating-the-civil-monetary-penalties-law-by-employing-an-excluded-individual/
AG’s Office Secures Guilty Plea From Haverhill Defendant For Defrauding PCA Program,2025-12-10,AG’s Office Secures Guilty Plea From Haverhill Defendant For Defrauding PCA Program,https://oig.hhs.gov/fraud/enforcement/ags-office-secures-guilty-plea-from-haverhill-defendant-for-defrauding-pca-program/
"Spokane Physician Pays $120,000 to Resolve Allegations He Prescribed Controlled Substances Without Legitimate Medical Purpose",2025-12-10,"Spokane Physician Pays $120,000 to Resolve Allegations He Prescribed Controlled Substances Without Legitimate Medical Purpose",https://oig.hhs.gov/fraud/enforcement/spokane-physician-pays-120000-to-resolve-allegations-he-prescribed-controlled-substances-without-legitimate-medical-purpose/
"St. John's Regional Medical Center Agreed to Pay $357,000 for Allegedly Violating the Civil Monetary Penalties Law by Employing an Excluded Individual",2025-12-11,"St. John's Regional Medical Center Agreed to Pay $357,000 for Allegedly Violating the Civil Monetary Penalties Law by Employing an Excluded Individual",https://oig.hhs.gov/fraud/enforcement/st-johns-regional-medical-center-agreed-to-pay-357000-for-allegedly-violating-the-civil-monetary-penalties-law-by-employing-an-excluded-individual/
"Community Hospital San Bernadino Agreed to Pay $112,000 for Allegedly Violating the Civil Monetary Penalties Law by Employing an Excluded Individual",2025-12-11,"Community Hospital San Bernadino Agreed to Pay $112,000 for Allegedly Violating the Civil Monetary Penalties Law by Employing an Excluded Individual",https://oig.hhs.gov/fraud/enforcement/community-hospital-san-bernadino-agreed-to-pay-112000-for-allegedly-violating-the-civil-monetary-penalties-law-by-employing-an-excluded-individual/
Owner Of Physical Rehabilitation Company Pleads Guilty To Submitting More Than $20 Million In Fraudulent Medical Bills To Health Benefit Programs,2025-12-11,Owner Of Physical Rehabilitation Company Pleads Guilty To Submitting More Than $20 Million In Fraudulent Medical Bills To Health Benefit Programs,https://oig.hhs.gov/fraud/enforcement/owner-of-physical-rehabilitation-company-pleads-guilty-to-submitting-more-than-20-million-in-fraudulent-medical-bills-to-health-benefit-programs/
Former St. Louis Area Pediatrician Admits Exchanging Prescriptions for Sex Acts,2025-12-11,Former St. Louis Area Pediatrician Admits Exchanging Prescriptions for Sex Acts,https://oig.hhs.gov/fraud/enforcement/former-st-louis-area-pediatrician-admits-exchanging-prescriptions-for-sex-acts/
Canton Man Sentenced for Multi-Million-Dollar Health Care Fraud Scheme,2025-12-11,Canton Man Sentenced for Multi-Million-Dollar Health Care Fraud Scheme,https://oig.hhs.gov/fraud/enforcement/canton-man-sentenced-for-multi-million-dollar-health-care-fraud-scheme/
Former New York Doctor Sentenced for Receiving Kickbacks,2025-12-12,Former New York Doctor Sentenced for Receiving Kickbacks,https://oig.hhs.gov/fraud/enforcement/former-new-york-doctor-sentenced-for-receiving-kickbacks/
Doctor Sentenced to Seven Years in Prison for $24 Million Medicare Fraud,2025-12-12,Doctor Sentenced to Seven Years in Prison for $24 Million Medicare Fraud,https://oig.hhs.gov/fraud/enforcement/doctor-sentenced-to-seven-years-in-prison-for-24m-medicare-fraud/
Pharmacist Sentenced to Over Six Years in Prison for $6 Million Health Care Fraud Scheme,2025-12-12,Pharmacist Sentenced to Over Six Years in Prison for $6 Million Health Care Fraud Scheme,https://oig.hhs.gov/fraud/enforcement/pharmacist-sentenced-to-over-six-years-in-prison-for-6m-health-care-fraud-scheme/
Missouri Man Sentenced to 10 Years in Prison for $174 Million Health Care Fraud Conspiracy,2025-12-12,Missouri Man Sentenced to 10 Years in Prison for $174 Million Health Care Fraud Conspiracy,https://oig.hhs.gov/fraud/enforcement/missouri-man-sentenced-to-10-years-in-prison-for-174m-health-care-fraud-conspiracy/
"PAI Participant 1 Agreed to Pay $749,000 for Allegedly Violating the Civil Monetary Penalties Law by Submitting Claims for Services Not Provided as Billed or Not Medically Necessary",2025-12-12,"PAI Participant 1 Agreed to Pay $749,000 for Allegedly Violating the Civil Monetary Penalties Law by Submitting Claims for Services Not Provided as Billed or Not Medically Necessary",https://oig.hhs.gov/fraud/enforcement/pai-participant-1-agreed-to-pay-749000-for-allegedly-violating-the-civil-monetary-penalties-law-by-submitting-claims-for-services-not-provided-as-billed-or-not-medically-necessary/
"Summit Healthcare Association Agreed to Pay $2.8 Million for Allegedly Violating the Civil Monetary Penalties Law by Paying and Receiving Improper Remuneration in the Form of Excessive Rental Fees, Excessive Compensation, and Free Staffing Services",2025-12-12,"Summit Healthcare Association Agreed to Pay $2.8 Million for Allegedly Violating the Civil Monetary Penalties Law by Paying and Receiving Improper Remuneration in the Form of Excessive Rental Fees, Excessive Compensation, and Free Staffing Services",https://oig.hhs.gov/fraud/enforcement/summit-healthcare-association-agreed-to-pay-28-million-for-allegedly-violating-the-civil-monetary-penalties-law-by-paying-and-receiving-improper-remuneration-in-the-form-of-excessive-rental-fees-excessive-compensation-and-free-staffing-services/
"University Medical Center of Southern Nevada Agreed to Pay $945,000 for Allegedly Violating the Civil Monetary Penalties Law by Submitting Claims for Upcoded Services and Paying Improper Remuneration",2025-12-12,"University Medical Center of Southern Nevada Agreed to Pay $945,000 for Allegedly Violating the Civil Monetary Penalties Law by Submitting Claims for Upcoded Services and Paying Improper Remuneration",https://oig.hhs.gov/fraud/enforcement/university-medical-center-of-southern-nevada-agreed-to-pay-945000-for-allegedly-violating-the-civil-monetary-penalties-law-by-submitting-claims-for-upcoded-services-and-paying-improper-remuneration/
Parkville Mother and Daughter Sentenced in $3.6 Million Medicaid Fraud Scheme,2025-12-12,Parkville Mother and Daughter Sentenced in $3.6 Million Medicaid Fraud Scheme,https://oig.hhs.gov/fraud/enforcement/parkville-mother-and-daughter-sentenced-in-36-million-medicaid-fraud-scheme/
Wound Graft Company Owners Sentenced for $1.2 Billion Health Care Fraud and Agree to Pay $309 Million to Resolve Civil Liability Under the False Claims Act,2025-12-12,Wound Graft Company Owners Sentenced for $1.2 Billion Health Care Fraud and Agree to Pay $309 Million to Resolve Civil Liability Under the False Claims Act,https://oig.hhs.gov/fraud/enforcement/wound-graft-company-owners-sentenced-for-12b-health-care-fraud-and-agree-to-pay-309m-to-resolve-civil-liability-under-the-false-claims-act/
Federal Jury Convicts North Chesterfield Man For Billing Medicaid For Services He Did Not Provide,2025-12-15,Federal Jury Convicts North Chesterfield Man For Billing Medicaid For Services He Did Not Provide,https://oig.hhs.gov/fraud/enforcement/federal-jury-convicts-north-chesterfield-man-for-billing-medicaid-for-services-he-did-not-provide/
"Medical Software Company Agrees to Pay $500,000 to Resolve Allegations of Causing Medically Unnecessary Breast Cancer Screening Claims",2025-12-15,"Medical Software Company Agrees to Pay $500,000 to Resolve Allegations of Causing Medically Unnecessary Breast Cancer Screening Claims",https://oig.hhs.gov/fraud/enforcement/medical-software-company-agrees-to-pay-500000-to-resolve-allegations-of-causing-medically-unnecessary-breast-cancer-screening-claims/
Medical Biller Charged with Diverting Opioids and Federal Health Care Fraud,2025-12-15,Medical Biller Charged with Diverting Opioids and Federal Health Care Fraud,https://oig.hhs.gov/fraud/enforcement/medical-biller-charged-with-diverting-opioids-and-federal-health-care-fraud/
Attorney General Jeff Jackson Announces Health Care Fraud Sentencing,2025-12-16,Attorney General Jeff Jackson Announces Health Care Fraud Sentencing,https://oig.hhs.gov/fraud/enforcement/attorney-general-jeff-jackson-announces-health-care-fraud-sentencing/
Former Direct Support Professional Sentenced for Abuse and Neglect of a Vulnerable Adult,2025-12-16,Former Direct Support Professional Sentenced for Abuse and Neglect of a Vulnerable Adult,https://oig.hhs.gov/fraud/enforcement/former-direct-support-professional-sentenced-for-abuse-and-neglect-of-a-vulnerable-adult/
Carr: Owners of Behavioral Health Facility Indicted in DeKalb County for Medicaid Fraud Totaling Over $1.4 Million,2025-12-16,Carr: Owners of Behavioral Health Facility Indicted in DeKalb County for Medicaid Fraud Totaling Over $1.4 Million,https://oig.hhs.gov/fraud/enforcement/carr-owners-of-behavioral-health-facility-indicted-in-dekalb-county-for-medicaid-fraud-totaling-over-14-million/
"Ignite Medical Resort Carondelet Agreed to Pay $118,000 for Allegedly Violating the Civil Monetary Penalties Law by Submitting Claims for Services Provided by an Unlicensed Individual",2025-12-16,"Ignite Medical Resort Carondelet Agreed to Pay $118,000 for Allegedly Violating the Civil Monetary Penalties Law by Submitting Claims for Services Provided by an Unlicensed Individual",https://oig.hhs.gov/fraud/enforcement/ignite-medical-resort-carondelet-agreed-to-pay-118000-for-allegedly-violating-the-civil-monetary-penalties-law-by-submitting-claims-for-services-provided-by-an-unlicensed-individual/
Dana-Farber Cancer Institute Agrees to Pay $15 Million to Settle Fraud Allegations Related to Scientific Research Grants,2025-12-16,Dana-Farber Cancer Institute Agrees to Pay $15 Million to Settle Fraud Allegations Related to Scientific Research Grants,https://oig.hhs.gov/fraud/enforcement/dana-farber-cancer-institute-agrees-to-pay-15m-to-settle-fraud-allegations-related-to-scientific-research-grants/
"RST-Sanexas, Inc. and Its Owners Agree to Pay $1.5 Million to Resolve Allegations That They Caused False Claims and Accepted and Paid Illegal Kickbacks",2025-12-16,"RST-Sanexas, Inc. and Its Owners Agree to Pay $1.5 Million to Resolve Allegations That They Caused False Claims and Accepted and Paid Illegal Kickbacks",https://oig.hhs.gov/fraud/enforcement/rst-sanexas-inc-and-its-owners-agree-to-pay-15-million-to-resolve-allegations-that-they-caused-false-claims-and-accepted-and-paid-illegal-kickbacks/
"Center at Northridge Agreed to Pay $227,000 for Allegedly Violating the Civil Monetary Penalties Law by Employing an Excluded Individual",2025-12-17,"Center at Northridge Agreed to Pay $227,000 for Allegedly Violating the Civil Monetary Penalties Law by Employing an Excluded Individual",https://oig.hhs.gov/fraud/enforcement/center-at-northridge-agreed-to-pay-227000-for-allegedly-violating-the-civil-monetary-penalties-law-by-employing-an-excluded-individual/
"Center at Lowry Agreed to Pay $292,000 for Allegedly Violating the Civil Monetary Penalties Law by Employing an Excluded Individual",2025-12-17,"Center at Lowry Agreed to Pay $292,000 for Allegedly Violating the Civil Monetary Penalties Law by Employing an Excluded Individual",https://oig.hhs.gov/fraud/enforcement/center-at-lowry-agreed-to-pay-292000-for-allegedly-violating-the-civil-monetary-penalties-law-by-employing-an-excluded-individual/
"Attorney General Tong Announces $455,598 False Claims Settlement with Branford Nurse",2025-12-17,"Attorney General Tong Announces $455,598 False Claims Settlement with Branford Nurse",https://oig.hhs.gov/fraud/enforcement/attorney-general-tong-announces-455598-false-claims-settlement-with-branford-nurse/
Digital Health Company and Medical Practice Indicted in $100 Million Adderall Distribution Scheme,2025-12-17,Digital Health Company and Medical Practice Indicted in $100 Million Adderall Distribution Scheme,https://oig.hhs.gov/fraud/enforcement/digital-health-company-and-medical-practice-indicted-in-100m-adderall-distribution-scheme/
"Attorney General James Secures Conviction of Nursing Home Worker for Stealing Over $60,000 from Resident",2025-12-18,"Attorney General James Secures Conviction of Nursing Home Worker for Stealing Over $60,000 from Resident",https://oig.hhs.gov/fraud/enforcement/attorney-general-james-secures-conviction-of-nursing-home-worker-for-stealing-over-60000-from-resident/
"Six Additional Defendants Charged, One Defendant Pleads Guilty in Ongoing Fraud Schemes",2025-12-18,"Six Additional Defendants Charged, One Defendant Pleads Guilty in Ongoing Fraud Schemes",https://oig.hhs.gov/fraud/enforcement/six-additional-defendants-charged-one-defendant-pleads-guilty-in-ongoing-fraud-schemes/
Connecticut Man Sentenced to 30 Months’ Imprisonment for Role in $7.8 Million Health Care Fraud and Kickback Scheme,2025-12-18,Connecticut Man Sentenced to 30 Months’ Imprisonment for Role in $7.8 Million Health Care Fraud and Kickback Scheme,https://oig.hhs.gov/fraud/enforcement/connecticut-man-sentenced-to-30-months-imprisonment-for-role-in-78-million-health-care-fraud-and-kickback-scheme/
Florida Man Pleads Guilty to Health Care Fraud and Kickback Conspiracy,2025-12-18,Florida Man Pleads Guilty to Health Care Fraud and Kickback Conspiracy,https://oig.hhs.gov/fraud/enforcement/florida-man-pleads-guilty-to-health-care-fraud-and-kickback-conspiracy/
Two Pharmacists Sentenced to Years in Prison for Illegal Distribution of Oxycodone,2025-12-18,Two Pharmacists Sentenced to Years in Prison for Illegal Distribution of Oxycodone,https://oig.hhs.gov/fraud/enforcement/two-pharmacists-sentenced-to-years-in-prison-for-illegal-distribution-of-oxycodone/
Local Physician Pleads Guilty to Adulterating and Misbranding Medical Devices with the Intent to Defraud,2025-12-18,Local Physician Pleads Guilty to Adulterating and Misbranding Medical Devices with the Intent to Defraud,https://oig.hhs.gov/fraud/enforcement/local-physician-pleads-guilty-to-adulterating-and-misbranding-medical-devices-with-the-intent-to-defraud/
"Dr. Min Wu and Affiliated Urgent Care Centers Agreed to Pay $883,000 for Allegedly Violating the Civil Monetary Penalties Law by Submitting Claims for Telehealth Services Not Provided as Claimed and Services that Failed to Meet Coverage Criteria",2025-12-18,"Dr. Min Wu and Affiliated Urgent Care Centers Agreed to Pay $883,000 for Allegedly Violating the Civil Monetary Penalties Law by Submitting Claims for Telehealth Services Not Provided as Claimed and Services that Failed to Meet Coverage Criteria",https://oig.hhs.gov/fraud/enforcement/dr-min-wu-and-affiliated-urgent-care-centers-agreed-to-pay-883000-for-allegedly-violating-the-civil-monetary-penalties-law-by-submitting-claims-for-telehealth-services-not-provided-as-claimed-and-services-that-failed-to-meet-coverage-criteria/
Doctor Indicted for Orchestrating $45 Million Botox Fraud Scheme Targeting Medicare,2025-12-18,Doctor Indicted for Orchestrating $45 Million Botox Fraud Scheme Targeting Medicare,https://oig.hhs.gov/fraud/enforcement/doctor-indicted-for-orchestrating-45m-botox-fraud-scheme-targeting-medicare/
"Austin Pain Management Doctor and Pain Medicine Practice to Pay $13,625,000 to Settle Civil False Claims Act Allegations",2025-12-18,"Austin Pain Management Doctor and Pain Medicine Practice to Pay $13,625,000 to Settle Civil False Claims Act Allegations",https://oig.hhs.gov/fraud/enforcement/austin-pain-management-doctor-and-pain-medicine-practice-to-pay-13625000-to-settle-civil-false-claims-act-allegations/
Attorney General James Secures $45 Million for Underpaid Home Health Aides,2025-12-18,Attorney General James Secures $45 Million for Underpaid Home Health Aides,https://oig.hhs.gov/fraud/enforcement/attorney-general-james-secures-45-million-for-underpaid-home-health-aides/
"Attorney General Alan Wilson announces Spartanburg woman charged with stealing more than $10,000 from vulnerable adult",2025-12-18,"Attorney General Alan Wilson announces Spartanburg woman charged with stealing more than $10,000 from vulnerable adult",https://oig.hhs.gov/fraud/enforcement/attorney-general-alan-wilson-announces-spartanburg-woman-charged-with-stealing-more-than-10000-from-vulnerable-adult/
"AG's Office Secures Indictments Against Two Norfolk County Residents for Elder Neglect, Larceny, and Medicaid Fraud",2025-12-18,"AG's Office Secures Indictments Against Two Norfolk County Residents for Elder Neglect, Larceny, and Medicaid Fraud",https://oig.hhs.gov/fraud/enforcement/ags-office-secures-indictments-against-two-norfolk-county-residents-for-elder-neglect-larceny-and-medicaid-fraud/
"Optima Medical Agreed to Pay $106,000 for Allegedly Violating the Civil Monetary Penalties Law by Employing an Excluded Individual",2025-12-18,"Optima Medical Agreed to Pay $106,000 for Allegedly Violating the Civil Monetary Penalties Law by Employing an Excluded Individual",https://oig.hhs.gov/fraud/enforcement/optima-medical-agreed-to-pay-106000-for-allegedly-violating-the-civil-monetary-penalties-law-by-employing-an-excluded-individual/
Attorney General Ellison partners with federal law enforcement on indictments of Housing Stabilization Services and Early Intensive Developmental and Behavioral Intervention providers,2025-12-18,Attorney General Ellison partners with federal law enforcement on indictments of Housing Stabilization Services and Early Intensive Developmental and Behavioral Intervention providers,https://oig.hhs.gov/fraud/enforcement/attorney-general-ellison-partners-with-federal-law-enforcement-on-indictments-of-housing-stabilization-services-and-early-intensive-developmental-and-behavioral-intervention-providers/
Baltimore County Dentist Sentenced for Illegal Opioid Distribution,2025-12-19,Baltimore County Dentist Sentenced for Illegal Opioid Distribution,https://oig.hhs.gov/fraud/enforcement/baltimore-county-dentist-sentenced-for-illegal-opioid-distribution/
New Jersey Business Owner Sentenced to 87 Months for $172 Million Fraud and Money Laundering Scheme,2025-12-19,New Jersey Business Owner Sentenced to 87 Months for $172 Million Fraud and Money Laundering Scheme,https://oig.hhs.gov/fraud/enforcement/new-jersey-business-owner-sentenced-to-87-months-for-172-million-fraud-and-money-laundering-scheme/
Former New York Doctor Sentenced for Receiving Kickbacks,2025-12-19,Former New York Doctor Sentenced for Receiving Kickbacks,https://oig.hhs.gov/fraud/enforcement/former-new-york-doctor-sentenced-for-receiving-kickbacks-1/
"Dr. Sergio Sokol and Affiliated Practices Agreed to Pay $398,000 for Allegedly Violating the Civil Monetary Penalties Law by Submitting Claims for Medically Unnecessary Services",2025-12-19,"Dr. Sergio Sokol and Affiliated Practices Agreed to Pay $398,000 for Allegedly Violating the Civil Monetary Penalties Law by Submitting Claims for Medically Unnecessary Services",https://oig.hhs.gov/fraud/enforcement/dr-sergio-sokol-and-affiliated-practices-agreed-to-pay-398000-for-allegedly-violating-the-civil-monetary-penalties-law-by-submitting-claims-for-medically-unnecessary-services/
Labtech Diagnostics and Joseph Labash Agreed to Be Excluded for Allegedly Paying Improper Remuneration,2025-12-19,Labtech Diagnostics and Joseph Labash Agreed to Be Excluded for Allegedly Paying Improper Remuneration,https://oig.hhs.gov/fraud/enforcement/labtech-diagnostics-and-joseph-labash-agreed-to-be-excluded-for-allegedly-paying-improper-remuneration/
CEO of Health Care Software Company Sentenced for $1 Billion Fraud Conspiracy,2025-12-22,CEO of Health Care Software Company Sentenced for $1 Billion Fraud Conspiracy,https://oig.hhs.gov/fraud/enforcement/ceo-of-health-care-software-company-sentenced-for-1-billion-fraud-conspiracy/
U.S. Attorney Announces $6.8 Million Settlement With New York-Presbyterian Hudson Valley Hospital For Paying Kickbacks To A Westchester Oncology Practice In Order To Obtain Referrals,2025-12-22,U.S. Attorney Announces $6.8 Million Settlement With New York-Presbyterian Hudson Valley Hospital For Paying Kickbacks To A Westchester Oncology Practice In Order To Obtain Referrals,https://oig.hhs.gov/fraud/enforcement/us-attorney-announces-68-million-settlement-with-new-york-presbyterian-hudson-valley-hospital-for-paying-kickbacks-to-a-westchester-oncology-practice-in-order-to-obtain-referrals/
Attorney General Alan Wilson Announces Upstate Woman Charged With Unlicensed Nursing And Stealing Patient’s Medication,2025-12-23,Attorney General Alan Wilson Announces Upstate Woman Charged With Unlicensed Nursing And Stealing Patient’s Medication,https://oig.hhs.gov/fraud/enforcement/attorney-general-alan-wilson-announces-upstate-woman-charged-with-unlicensed-nursing-and-stealing-patients-medication/
Attorney General Alan Wilson Announces Arrest Of Woman Accused Of Stealing From Upstate Nursing Home Resident,2025-12-23,Attorney General Alan Wilson Announces Arrest Of Woman Accused Of Stealing From Upstate Nursing Home Resident,https://oig.hhs.gov/fraud/enforcement/attorney-general-alan-wilson-announces-arrest-of-woman-accused-of-stealing-from-upstate-nursing-home-resident/
"Attorney General James Secures Over $616,000 from New York-Presbyterian Hudson Valley Hospital for Illegal Kickback Scheme",2025-12-23,"Attorney General James Secures Over $616,000 from New York-Presbyterian Hudson Valley Hospital for Illegal Kickback Scheme",https://oig.hhs.gov/fraud/enforcement/attorney-general-james-secures-over-616000-from-new-york-presbyterian-hudson-valley-hospital-for-illegal-kickback-scheme/
"Veracyte Agreed to Pay $100,000 for Allegedly Violating the Civil Monetary Penalties Law by Paying Improper Remuneration in the Form of Uncompensated Services",2025-12-23,"Veracyte Agreed to Pay $100,000 for Allegedly Violating the Civil Monetary Penalties Law by Paying Improper Remuneration in the Form of Uncompensated Services",https://oig.hhs.gov/fraud/enforcement/veracyte-agreed-to-pay-100000-for-allegedly-violating-the-civil-monetary-penalties-law-by-paying-improper-remuneration-in-the-form-of-uncompensated-services/
Attorney General Ford Announces Sentencing of Brothers Behavioral Health and Its Owner,2025-12-29,Attorney General Ford Announces Sentencing of Brothers Behavioral Health and Its Owner,https://oig.hhs.gov/fraud/enforcement/attorney-general-ford-announces-sentencing-of-brothers-behavioral-health-and-its-owner/
"Hospice of San Antonio Agreed to Pay $256,000 for Allegedly Violating the Civil Monetary Penalties Law by Submitting Claims for Services Provided by an Unlicensed Individual",2025-12-31,"Hospice of San Antonio Agreed to Pay $256,000 for Allegedly Violating the Civil Monetary Penalties Law by Submitting Claims for Services Provided by an Unlicensed Individual",https://oig.hhs.gov/fraud/enforcement/hospice-of-san-antonio-agreed-to-pay-256000-for-allegedly-violating-the-civil-monetary-penalties-law-by-submitting-claims-for-services-provided-by-an-unlicensed-individual/
"Attorney General Alan Wilson Announces Upstate Woman Charged With Stealing Almost $21,000 From Nursing Home Resident",2026-01-02,"Attorney General Alan Wilson Announces Upstate Woman Charged With Stealing Almost $21,000 From Nursing Home Resident",https://oig.hhs.gov/fraud/enforcement/attorney-general-alan-wilson-announces-upstate-woman-charged-with-stealing-almost-21000-from-nursing-home-resident/
Former Doctor Sentenced for Stealing Identity to Apply for Medical Jobs,2026-01-05,Former Doctor Sentenced for Stealing Identity to Apply for Medical Jobs,https://oig.hhs.gov/fraud/enforcement/former-doctor-sentenced-for-stealing-identity-to-apply-for-medical-jobs/
"Boyer Family Practice and Medical Spa Agreed to Pay $272,000 for Allegedly Violating the Civil Monetary Penalties Law by Submitting Claims for Services that Were Not Performed or Failed to Meet Coverage Criteria",2026-01-06,"Boyer Family Practice and Medical Spa Agreed to Pay $272,000 for Allegedly Violating the Civil Monetary Penalties Law by Submitting Claims for Services that Were Not Performed or Failed to Meet Coverage Criteria",https://oig.hhs.gov/fraud/enforcement/boyer-family-practice-and-medical-spa-agreed-to-pay-272000-for-allegedly-violating-the-civil-monetary-penalties-law-by-submitting-claims-for-services-that-were-not-performed-or-failed-to-meet-coverage-criteria/
South Carolina Laboratory Pleads Guilty and Agrees to Pay At Least $6.8 Million to Settle Allegations of Kickbacks to Doctors,2026-01-07,South Carolina Laboratory Pleads Guilty and Agrees to Pay At Least $6.8 Million to Settle Allegations of Kickbacks to Doctors,https://oig.hhs.gov/fraud/enforcement/south-carolina-laboratory-pleads-guilty-and-agrees-to-pay-at-least-68-million-to-settle-allegations-of-kickbacks-to-doctors/
Two Health Care Executives Convicted for Exploiting Elderly Medicare Advantage Beneficiaries in $34 Million Fraud Scheme,2026-01-07,Two Health Care Executives Convicted for Exploiting Elderly Medicare Advantage Beneficiaries in $34 Million Fraud Scheme,https://oig.hhs.gov/fraud/enforcement/two-healthcare-executives-convicted-for-exploiting-elderly-medicare-advantage-beneficiaries-in-34-million-fraud-scheme/
New Jersey Doctor Charged in 58-Count Indictment with Distributing Opioids in Exchange for Sexual Favors and Defrauding New Jersey Medicaid,2026-01-07,New Jersey Doctor Charged in 58-Count Indictment with Distributing Opioids in Exchange for Sexual Favors and Defrauding New Jersey Medicaid,https://oig.hhs.gov/fraud/enforcement/new-jersey-doctor-charged-in-58-count-indictment-with-distributing-opioids-in-exchange-for-sexual-favors-and-defrauding-new-jersey-medicaid/
Federal Jury finds Memphis Physician Guilty of Adulterated and Misbranded Medical Devices and Health Care Fraud,2026-01-08,Federal Jury finds Memphis Physician Guilty of Adulterated and Misbranded Medical Devices and Health Care Fraud,https://oig.hhs.gov/fraud/enforcement/federal-jury-finds-memphis-physician-guilty-of-adulterated-and-misbranded-medical-devices-and-health-care-fraud/
Indiana Woman Sentenced to 84 Months in Prison,2026-01-08,Indiana Woman Sentenced to 84 Months in Prison,https://oig.hhs.gov/fraud/enforcement/indiana-woman-sentenced-to-84-months-in-prison/
Oklahoma Medical Supply Company Owner Indicted for $30 Million Health Care Fraud Scheme,2026-01-08,Oklahoma Medical Supply Company Owner Indicted for $30 Million Health Care Fraud Scheme,https://oig.hhs.gov/fraud/enforcement/oklahoma-medical-supply-company-owner-indicted-for-30-million-health-care-fraud-scheme/
"Pain Clinic Owner Sentenced, L5 Medical Holdings to Pay Nearly $5 Million in Restitution",2026-01-09,"Pain Clinic Owner Sentenced, L5 Medical Holdings to Pay Nearly $5 Million in Restitution",https://oig.hhs.gov/fraud/enforcement/pain-clinic-owner-sentenced-l5-medical-holdings-to-pay-nearly-5-million-in-restitution/
Portland Woman Pleads Guilty to Abusive Sexual Contact,2026-01-09,Portland Woman Pleads Guilty to Abusive Sexual Contact,https://oig.hhs.gov/fraud/enforcement/portland-woman-pleads-guilty-to-abusive-sexual-contact/
"Castle Biosciences Agreed to Pay $112,000 for Allegedly Violating the Civil Monetary Penalties Law by Employing an Excluded Individual",2026-01-09,"Castle Biosciences Agreed to Pay $112,000 for Allegedly Violating the Civil Monetary Penalties Law by Employing an Excluded Individual",https://oig.hhs.gov/fraud/enforcement/castle-biosciences-agreed-to-pay-112000-for-allegedly-violating-the-civil-monetary-penalties-law-by-employing-an-excluded-individual/
"Delnor Community Hospital Agreed to Pay $177,000 for Allegedly Violating the Civil Monetary Penalties Law by Submitting Claims for Services Provided by an Unlicensed Individual",2026-01-09,"Delnor Community Hospital Agreed to Pay $177,000 for Allegedly Violating the Civil Monetary Penalties Law by Submitting Claims for Services Provided by an Unlicensed Individual",https://oig.hhs.gov/fraud/enforcement/delnor-community-hospital-agreed-to-pay-177000-for-allegedly-violating-the-civil-monetary-penalties-law-by-submitting-claims-for-services-provided-by-an-unlicensed-individual/
"Avantara North Agreed to Pay $20,000 for Allegedly Violating the Civil Monetary Penalties Law by Submitting Claims for Services Provided by an Unlicensed Individual",2026-01-09,"Avantara North Agreed to Pay $20,000 for Allegedly Violating the Civil Monetary Penalties Law by Submitting Claims for Services Provided by an Unlicensed Individual",https://oig.hhs.gov/fraud/enforcement/avantara-north-agreed-to-pay-20000-for-allegedly-violating-the-civil-monetary-penalties-law-by-submitting-claims-for-services-provided-by-an-unlicensed-individual/
The Health Care Authority for Baptist Health Agreed to Pay $1.4 Million for Allegedly Violating the Civil Monetary Penalties Law by Submitting Claims for Upcoding Inpatient Hospital Services,2026-01-12,The Health Care Authority for Baptist Health Agreed to Pay $1.4 Million for Allegedly Violating the Civil Monetary Penalties Law by Submitting Claims for Upcoding Inpatient Hospital Services,https://oig.hhs.gov/fraud/enforcement/the-health-care-authority-for-baptist-health-agreed-to-pay-14-million-for-allegedly-violating-the-civil-monetary-penalties-law-by-submitting-claims-for-upcoding-inpatient-hospital-services/
"DOJ and Seattle-based FidaLab, LLC settle allegations it inflated bills to government health care programs",2026-01-12,"DOJ and Seattle-based FidaLab, LLC settle allegations it inflated bills to government health care programs",https://oig.hhs.gov/fraud/enforcement/doj-and-seattle-based-fidalab-llc-settle-allegations-it-inflated-bills-to-government-health-care-programs/
Non-Profit Executive Convicted of Theft of Federal Funds,2026-01-12,Non-Profit Executive Convicted of Theft of Federal Funds,https://oig.hhs.gov/fraud/enforcement/non-profit-executive-convicted-of-theft-of-federal-funds/
Attorney General Announces Home Care Aide Charged With Sexually Assaulting Minor And Vulnerable Adult,2026-01-12,Attorney General Announces Home Care Aide Charged With Sexually Assaulting Minor And Vulnerable Adult,https://oig.hhs.gov/fraud/enforcement/attorney-general-announces-home-care-aide-charged-with-sexually-assaulting-minor-and-vulnerable-adult/
AG Sunday’s Medicaid Fraud Control Section Secures Prison Sentence for Office Manager in Montgomery County-Based Company’s $1.76 Million Fraud Scheme,2026-01-13,AG Sunday’s Medicaid Fraud Control Section Secures Prison Sentence for Office Manager in Montgomery County-Based Company’s $1.76 Million Fraud Scheme,https://oig.hhs.gov/fraud/enforcement/ag-sundays-medicaid-fraud-control-section-secures-prison-sentence-for-office-manager-in-montgomery-county-based-companys-176-million-fraud-scheme/
Carr: Warner Robins Woman Convicted of Defrauding Georgia Medicaid of $5.4 Million,2026-01-13,Carr: Warner Robins Woman Convicted of Defrauding Georgia Medicaid of $5.4 Million,https://oig.hhs.gov/fraud/enforcement/carr-warner-robins-woman-convicted-of-defrauding-georgia-medicaid-of-54-million/
Atlantic Biologicals Corporation Enters into Deferred Prosecution Agreement in Opioid Distribution Scheme,2026-01-13,Atlantic Biologicals Corporation Enters into Deferred Prosecution Agreement in Opioid Distribution Scheme,https://oig.hhs.gov/fraud/enforcement/atlantic-biologicals-corporation-enters-into-deferred-prosecution-agreement-in-opioid-distribution-scheme/
Prison Time For Health Care Employees In Multimillion Dollar Adult Daycare Fraud Scheme,2026-01-13,Prison Time For Health Care Employees In Multimillion Dollar Adult Daycare Fraud Scheme,https://oig.hhs.gov/fraud/enforcement/prison-time-for-health-care-employees-in-multimillion-dollar-adult-daycare-fraud-scheme/
Prison Time For Healthcare Employees In Multimillion Dollar Adult Daycare Fraud Scheme,2026-01-13,Prison Time For Healthcare Employees In Multimillion Dollar Adult Daycare Fraud Scheme,https://oig.hhs.gov/fraud/enforcement/prison-time-for-healthcare-employees-in-multimillion-dollar-adult-daycare-fraud-scheme/
Kaiser Permanente Affiliates Pay $556 Million to Resolve False Claims Act Allegations,2026-01-14,Kaiser Permanente Affiliates Pay $556 Million to Resolve False Claims Act Allegations,https://oig.hhs.gov/fraud/enforcement/kaiser-permanente-affiliates-pay-556-million-to-resolve-false-claims-act-allegations/
Kinston Woman Sentenced To 6 Years In Federal Prison And Ordered To Repay Over $15 Million In Restitution For Health Care Fraud,2026-01-14,Kinston Woman Sentenced To 6 Years In Federal Prison And Ordered To Repay Over $15 Million In Restitution For Health Care Fraud,https://oig.hhs.gov/fraud/enforcement/kinston-woman-sentenced-to-6-years-in-federal-prison-and-ordered-to-repay-over-15-million-in-restitution-for-health-care-fraud/
Ohio Doctor Sentenced to Prison for $14 Million Health Care Fraud Scheme,2026-01-14,Ohio Doctor Sentenced to Prison for $14 Million Health Care Fraud Scheme,https://oig.hhs.gov/fraud/enforcement/ohio-doctor-sentenced-to-prison-for-14-million-health-care-fraud-scheme/
Attorney General Ellison Announces Over $3 Million In Fraud Charges Against Medicaid Provider,2026-01-14,Attorney General Ellison Announces Over $3 Million In Fraud Charges Against Medicaid Provider,https://oig.hhs.gov/fraud/enforcement/attorney-general-ellison-announces-over-3-million-in-fraud-charges-against-medicaid-provider/
"Attorney General Alan Wilson Announces Chesnee Man Charged With Stealing More Than $17,000 From Assisted Living Resident",2026-01-14,"Attorney General Alan Wilson Announces Chesnee Man Charged With Stealing More Than $17,000 From Assisted Living Resident",https://oig.hhs.gov/fraud/enforcement/attorney-general-alan-wilson-announces-chesnee-man-charged-with-stealing-more-than-17000-from-assisted-living-resident/
Attor­ney Gen­er­al Ken Pax­ton Arrests Over 120 Peo­ple and Col­lects Over $125 Mil­lion from Health­care Fraud­sters in 2025 Alone,2026-01-14,Attor­ney Gen­er­al Ken Pax­ton Arrests Over 120 Peo­ple and Col­lects Over $125 Mil­lion from Health­care Fraud­sters in 2025 Alone,https://oig.hhs.gov/fraud/enforcement/attorney-general-ken-paxton-arrests-over-120-people-and-collects-over-125-million-from-healthcare-fraudsters-in-2025-alone/
Attorney General James Announces Conviction and Sentencing of Suffolk County Transportation Company Owner for Stealing Over $1 Million from Medicaid,2026-01-14,Attorney General James Announces Conviction and Sentencing of Suffolk County Transportation Company Owner for Stealing Over $1 Million from Medicaid,https://oig.hhs.gov/fraud/enforcement/attorney-general-james-announces-conviction-and-sentencing-of-suffolk-county-transportation-company-owner-for-stealing-over-1-million-from-medicaid/
Attorney General Alan Wilson Announces Former Assisted Living Facility Employee Charged With Stealing From Resident,2026-01-14,Attorney General Alan Wilson Announces Former Assisted Living Facility Employee Charged With Stealing From Resident,https://oig.hhs.gov/fraud/enforcement/attorney-general-alan-wilson-announces-former-assisted-living-facility-employee-charged-with-stealing-from-resident/
"Former Memphis Caregiver Arrested, Charged with Abuse of Vulnerable Adult",2026-01-15,"Former Memphis Caregiver Arrested, Charged with Abuse of Vulnerable Adult",https://oig.hhs.gov/fraud/enforcement/former-memphis-caregiver-arrested-charged-with-abuse-of-vulnerable-adult/
Attorney General Jeff Jackson Announces $15.6 Million Health Care Conviction,2026-01-15,Attorney General Jeff Jackson Announces $15.6 Million Health Care Conviction,https://oig.hhs.gov/fraud/enforcement/attorney-general-jeff-jackson-announces-156-million-health-care-conviction/
Eye Care Clinics Agree To Pay Combined $520K Over Illegal Medicaid Billing,2026-01-15,Eye Care Clinics Agree To Pay Combined $520K Over Illegal Medicaid Billing,https://oig.hhs.gov/fraud/enforcement/eye-care-clinics-agree-to-pay-combined-520k-over-illegal-medicaid-billing/
Two Individuals Plead Guilty to $68 Million Adult Day Care Fraud Scheme,2026-01-15,Two Individuals Plead Guilty to $68 Million Adult Day Care Fraud Scheme,https://oig.hhs.gov/fraud/enforcement/two-individuals-plead-guilty-to-68-million-adult-day-care-fraud-scheme/
Honduran Man and Kansas Woman Indicted for Fraudulently Obtaining Custody of an Unaccompanied Alien Child,2026-01-15,Honduran Man and Kansas Woman Indicted for Fraudulently Obtaining Custody of an Unaccompanied Alien Child,https://oig.hhs.gov/fraud/enforcement/honduran-man-and-kansas-woman-indicted-for-fraudulently-obtaining-custody-of-an-unaccompanied-alien-child/
Five Ophthalmology Practices Agree to Pay Nearly $6M to Resolve Allegations of Fraudulent Claims to Medicare and Medicaid for Cranial Ultrasounds,2026-01-15,Five Ophthalmology Practices Agree to Pay Nearly $6M to Resolve Allegations of Fraudulent Claims to Medicare and Medicaid for Cranial Ultrasounds,https://oig.hhs.gov/fraud/enforcement/five-ophthalmology-practices-agree-to-pay-nearly-6m-to-resolve-allegations-of-fraudulent-claims-to-medicare-and-medicaid-for-cranial-ultrasounds/
AG Murrill's Medicaid Fraud Control Unit Secures Guilty Plea For Alexandria Man For Dragging A Victim Across A Hallway By His Wrist,2026-01-16,AG Murrill's Medicaid Fraud Control Unit Secures Guilty Plea For Alexandria Man For Dragging A Victim Across A Hallway By His Wrist,https://oig.hhs.gov/fraud/enforcement/ag-murrills-medicaid-fraud-control-unit-secures-guilty-plea-for-alexandria-man-for-dragging-a-victim-across-a-hallway-by-his-wrist/
Defense Contractor President Sentenced to 48 Months in Bribery Scheme,2026-01-16,Defense Contractor President Sentenced to 48 Months in Bribery Scheme,https://oig.hhs.gov/fraud/enforcement/defense-contractor-president-sentenced-to-48-months-in-bribery-scheme/
Four Hudson County Pharmacies Pay $4.3 Million To Resolve False Claims Act Allegations of Billing for Drugs Not Dispensed,2026-01-20,Four Hudson County Pharmacies Pay $4.3 Million To Resolve False Claims Act Allegations of Billing for Drugs Not Dispensed,https://oig.hhs.gov/fraud/enforcement/four-hudson-county-pharmacies-pay-43-million-to-resolve-false-claims-act-allegations-of-billing-for-drugs-not-dispensed/
Health Care Executive Pleads Guilty to Kickback Scheme in Vermont,2026-01-20,Health Care Executive Pleads Guilty to Kickback Scheme in Vermont,https://oig.hhs.gov/fraud/enforcement/health-care-executive-pleads-guilty-to-kickback-scheme-in-vermont/
"Lake Minnetonka Shores Agreed to Pay $113,000 for Allegedly Violating the Civil Monetary Penalties Law by Submitting Claims for Services Provided by an Unlicensed Individual",2026-01-20,"Lake Minnetonka Shores Agreed to Pay $113,000 for Allegedly Violating the Civil Monetary Penalties Law by Submitting Claims for Services Provided by an Unlicensed Individual",https://oig.hhs.gov/fraud/enforcement/lake-minnetonka-shores-agreed-to-pay-113000-for-allegedly-violating-the-civil-monetary-penalties-law-by-submitting-claims-for-services-provided-by-an-unlicensed-individual/
Attorney General Nessel Charges Former CEO of Oxford Recovery Center with Nine Counts of Health Care Fraud – False Claims,2026-01-20,Attorney General Nessel Charges Former CEO of Oxford Recovery Center with Nine Counts of Health Care Fraud – False Claims,https://oig.hhs.gov/fraud/enforcement/attorney-general-nessel-charges-former-ceo-of-oxford-recovery-center-with-nine-counts-of-health-care-fraud-false-claims/
"Former Zynex, Inc. Executives Charged with Health Care and Securities Fraud and Related Offenses",2026-01-21,"Former Zynex, Inc. Executives Charged with Health Care and Securities Fraud and Related Offenses",https://oig.hhs.gov/fraud/enforcement/former-zynex-inc-executives-charged-with-health-care-and-securities-fraud-and-related-offenses/
Justice Department Files False Claims Act Complaint Against Priority Hospital Group and Three Long Term Care Hospitals,2026-01-21,Justice Department Files False Claims Act Complaint Against Priority Hospital Group and Three Long Term Care Hospitals,https://oig.hhs.gov/fraud/enforcement/justice-department-files-false-claims-act-complaint-against-priority-hospital-group-and-three-long-term-care-hospitals/
Former Saginaw Physician to Stand Trial on 23 Counts of Medicaid Fraud,2026-01-22,Former Saginaw Physician to Stand Trial on 23 Counts of Medicaid Fraud,https://oig.hhs.gov/fraud/enforcement/former-saginaw-physician-to-stand-trial-on-23-counts-of-medicaid-fraud/
Traditions Health Agrees to Pay $34M to Resolve False Claims Act Liability Relating to Home Health Services Following Self Disclosure,2026-01-22,Traditions Health Agrees to Pay $34M to Resolve False Claims Act Liability Relating to Home Health Services Following Self Disclosure,https://oig.hhs.gov/fraud/enforcement/traditions-health-agrees-to-pay-34m-to-resolve-false-claims-act-liability-relating-to-home-health-services-following-self-disclosure/
Florida Nursing Assistant Convicted in $11.4M Health Care Fraud Scheme Targeting Medicare Beneficiaries,2026-01-22,Florida Nursing Assistant Convicted in $11.4M Health Care Fraud Scheme Targeting Medicare Beneficiaries,https://oig.hhs.gov/fraud/enforcement/florida-nursing-assistant-convicted-in-114m-health-care-fraud-scheme-targeting-medicare-beneficiaries/
"Chipley-Based Physical Therapy Practice Pays Over $750,000 To Resolve False Claims Act Litigation",2026-01-22,"Chipley-Based Physical Therapy Practice Pays Over $750,000 To Resolve False Claims Act Litigation",https://oig.hhs.gov/fraud/enforcement/chipley-based-physical-therapy-practice-pays-over-750000-to-resolve-false-claims-act-litigation/
"Memphis Woman Sentenced to 41 Months in Federal Prison for Defrauding COVID-19 Relief Programs of Over $560,000",2026-01-22,"Memphis Woman Sentenced to 41 Months in Federal Prison for Defrauding COVID-19 Relief Programs of Over $560,000",https://oig.hhs.gov/fraud/enforcement/memphis-woman-sentenced-to-41-months-in-federal-prison-for-defrauding-covid-19-relief-programs-of-over-560000/
Attorney General Hanaway Secures Medicaid Fraud Conviction in St. Louis,2026-01-23,Attorney General Hanaway Secures Medicaid Fraud Conviction in St. Louis,https://oig.hhs.gov/fraud/enforcement/attorney-general-hanaway-secures-medicaid-fraud-conviction-in-st-louis/
Cheshire Nurse Admits Illegally Distributing Controlled Substances,2026-01-23,Cheshire Nurse Admits Illegally Distributing Controlled Substances,https://oig.hhs.gov/fraud/enforcement/cheshire-nurse-admits-illegally-distributing-controlled-substances/
Georgia Chiropractor Convicted Of Health Care Fraud,2026-01-23,Georgia Chiropractor Convicted Of Health Care Fraud,https://oig.hhs.gov/fraud/enforcement/georgia-chiropractor-convicted-of-health-care-fraud/
"Two Home Health Providers Agree to Pay $702,541 to Resolve Self-Referral Allegations",2026-01-26,"Two Home Health Providers Agree to Pay $702,541 to Resolve Self-Referral Allegations",https://oig.hhs.gov/fraud/enforcement/two-home-health-providers-agree-to-pay-702541-to-resolve-self-referral-allegations/
Florida Laboratory Owner Pleads Guilty to $52M Medicare Fraud Scheme Involving Genetic Tests,2026-01-26,Florida Laboratory Owner Pleads Guilty to $52M Medicare Fraud Scheme Involving Genetic Tests,https://oig.hhs.gov/fraud/enforcement/florida-laboratory-owner-pleads-guilty-to-52m-medicare-fraud-scheme-involving-genetic-tests/
"National Providers in Healthcare and Medstream Anesthesia Hawaii Agreed to Pay $254,000 for Allegedly Violating the Civil Monetary Penalties Law by Submitting Claims for Services that Failed to Meet Coverage Criteria",2026-01-26,"National Providers in Healthcare and Medstream Anesthesia Hawaii Agreed to Pay $254,000 for Allegedly Violating the Civil Monetary Penalties Law by Submitting Claims for Services that Failed to Meet Coverage Criteria",https://oig.hhs.gov/fraud/enforcement/national-providers-in-healthcare-and-medstream-anesthesia-hawaii-agreed-to-pay-254000-for-allegedly-violating-the-civil-monetary-penalties-law-by-submitting-claims-for-services-that-failed-to-meet-coverage-criteria/
Two Women Charged with Health Care Fraud for Allegedly Illegally Providing Medical Services,2026-01-26,Two Women Charged with Health Care Fraud for Allegedly Illegally Providing Medical Services,https://oig.hhs.gov/fraud/enforcement/two-women-charged-with-health-care-fraud-for-allegedly-illegally-providing-medical-services/
TennCare Fraud Investigation Leads to Arrests of Three Former Memphis Caregivers,2026-01-26,TennCare Fraud Investigation Leads to Arrests of Three Former Memphis Caregivers,https://oig.hhs.gov/fraud/enforcement/tenncare-fraud-investigation-leads-to-arrests-of-three-former-memphis-caregivers/
"Brickyard Healthcare - Willow Springs Care Center Agreed to Pay $99,000 for Allegedly Violating the Civil Monetary Penalties Law by Submitting Claims for Services Provided by an Unlicensed Individual",2026-01-26,"Brickyard Healthcare - Willow Springs Care Center Agreed to Pay $99,000 for Allegedly Violating the Civil Monetary Penalties Law by Submitting Claims for Services Provided by an Unlicensed Individual",https://oig.hhs.gov/fraud/enforcement/brickyard-healthcare-willow-springs-care-center-agreed-to-pay-99000-for-allegedly-violating-the-civil-monetary-penalties-law-by-submitting-claims-for-services-provided-by-an-unlicensed-individual/
Attorney General Alan Wilson Announces Nurse Aide Charged With Assaulting Assisted Living Patient,2026-01-27,Attorney General Alan Wilson Announces Nurse Aide Charged With Assaulting Assisted Living Patient,https://oig.hhs.gov/fraud/enforcement/attorney-general-alan-wilson-announces-nurse-aide-charged-with-assaulting-assisted-living-patient/
Attorney General Jeff Jackson Announces $8.8 Million Health Care Fraud Settlement,2026-01-27,Attorney General Jeff Jackson Announces $8.8 Million Health Care Fraud Settlement,https://oig.hhs.gov/fraud/enforcement/attorney-general-jeff-jackson-announces-88-million-health-care-fraud-settlement/
Syracuse Area Man Pleads Guilty to Operating Kickback Scheme Involving Medicare and Medicaid,2026-01-27,Syracuse Area Man Pleads Guilty to Operating Kickback Scheme Involving Medicare and Medicaid,https://oig.hhs.gov/fraud/enforcement/syracuse-area-man-pleads-guilty-to-operating-kickback-scheme-involving-medicare-and-medicaid/
"Cordell Memorial Hospital Agreed to Pay $40,000 for Allegedly Violating Patient Dumping Statute by Failing to Provide an Appropriate Medical Screening Examination",2026-01-27,"Cordell Memorial Hospital Agreed to Pay $40,000 for Allegedly Violating Patient Dumping Statute by Failing to Provide an Appropriate Medical Screening Examination",https://oig.hhs.gov/fraud/enforcement/cordell-memorial-hospital-agreed-to-pay-40000-for-allegedly-violating-patient-dumping-statute-by-failing-to-provide-an-appropriate-medical-screening-examination/
Attorney General James Uthmeier Announces Arrests in Central Florida Medicaid Fraud Scheme,2026-01-28,Attorney General James Uthmeier Announces Arrests in Central Florida Medicaid Fraud Scheme,https://oig.hhs.gov/fraud/enforcement/attorney-general-james-uthmeier-announces-arrests-in-central-florida-medicaid-fraud-scheme/
Rheumatologist Agrees To Resolve False Claims Act Allegations Related To Unapproved Drugs,2026-01-28,Rheumatologist Agrees To Resolve False Claims Act Allegations Related To Unapproved Drugs,https://oig.hhs.gov/fraud/enforcement/rheumatologist-agrees-to-resolve-false-claims-act-allegations-related-to-unapproved-drugs/
"Scranton Heart Institute Agrees To Pay $48,709.20 To Settle False Claims Act Allegations",2026-01-28,"Scranton Heart Institute Agrees To Pay $48,709.20 To Settle False Claims Act Allegations",https://oig.hhs.gov/fraud/enforcement/scranton-heart-institute-agrees-to-pay-4870920-to-settle-false-claims-act-allegations/
Repeat Health Care Fraud Offender Sentenced for Defrauding New Hampshire Medicaid,2026-01-28,Repeat Health Care Fraud Offender Sentenced for Defrauding New Hampshire Medicaid,https://oig.hhs.gov/fraud/enforcement/repeat-health-care-fraud-offender-sentenced-for-defrauding-new-hampshire-medicaid/
Slidell Chiropractor Sentenced for Health Care Fraud,2026-01-28,Slidell Chiropractor Sentenced for Health Care Fraud,https://oig.hhs.gov/fraud/enforcement/slidell-chiropractor-sentenced-for-health-care-fraud/
"Holmes Regional Medical Center Agreed to Pay $113,000 for Allegedly Violating Patient Dumping Statute by Failing to Provide an Appropriate Medical Screening Examination",2026-01-28,"Holmes Regional Medical Center Agreed to Pay $113,000 for Allegedly Violating Patient Dumping Statute by Failing to Provide an Appropriate Medical Screening Examination",https://oig.hhs.gov/fraud/enforcement/holmes-regional-medical-center-agreed-to-pay-113000-for-allegedly-violating-patient-dumping-statute-by-failing-to-provide-an-appropriate-medical-screening-examination/
Yadkinville Woman Sentenced in Connection with Multi-Million Dollar Medicaid Fraud Scheme,2026-01-29,Yadkinville Woman Sentenced in Connection with Multi-Million Dollar Medicaid Fraud Scheme,https://oig.hhs.gov/fraud/enforcement/yadkinville-woman-sentenced-in-connection-with-multi-million-dollar-medicaid-fraud-scheme/
Attorney General Hanaway Obtains Medicaid Fraud Conviction For Services Not Provided,2026-01-29,Attorney General Hanaway Obtains Medicaid Fraud Conviction For Services Not Provided,https://oig.hhs.gov/fraud/enforcement/attorney-general-hanaway-obtains-medicaid-fraud-conviction-for-services-not-provided/
Attorney General Labrador Announces Sentencing of Kootenai County Woman for Public Assistance Provider Fraud,2026-01-29,Attorney General Labrador Announces Sentencing of Kootenai County Woman for Public Assistance Provider Fraud,https://oig.hhs.gov/fraud/enforcement/attorney-general-labrador-announces-sentencing-of-kootenai-county-woman-for-public-assistance-provider-fraud/
Attorney General Jeff Jackson Announces Health Care Fraud Conviction and Settlement,2026-01-30,Attorney General Jeff Jackson Announces Health Care Fraud Conviction and Settlement,https://oig.hhs.gov/fraud/enforcement/attorney-general-jeff-jackson-announces-health-care-fraud-conviction-and-settlement/
Forefront Living Hospice Agreed to Pay $1.9 Million for Allegedly Violating the Civil Monetary Penalties Law by Submitting Claims for Services that Identified the Incorrect Provider or Were Performed by Non-enrolled or Incorrect Providers,2026-01-30,Forefront Living Hospice Agreed to Pay $1.9 Million for Allegedly Violating the Civil Monetary Penalties Law by Submitting Claims for Services that Identified the Incorrect Provider or Were Performed by Non-enrolled or Incorrect Providers,https://oig.hhs.gov/fraud/enforcement/forefront-living-hospice-agreed-to-pay-19-million-for-allegedly-violating-the-civil-monetary-penalties-law-by-submitting-claims-for-services-that-identified-the-incorrect-provider-or-were-performed-by-non-enrolled-or-incorrect-providers/
Florida Man Pleads Guilty to Conspiracy to Violate the Anti-Kickback Statute,2026-01-30,Florida Man Pleads Guilty to Conspiracy to Violate the Anti-Kickback Statute,https://oig.hhs.gov/fraud/enforcement/florida-man-pleads-guilty-to-conspiracy-to-violate-the-anti-kickback-statute/
"AG's Office Secures Indictments Against Peabody Alcohol and Drug Counselor and Her Businesses for More Than $850,000 in MassHealth Fraud",2026-02-02,"AG's Office Secures Indictments Against Peabody Alcohol and Drug Counselor and Her Businesses for More Than $850,000 in MassHealth Fraud",https://oig.hhs.gov/fraud/enforcement/ags-office-secures-indictments-against-peabody-alcohol-and-drug-counselor-and-her-businesses-for-more-than-850000-in-masshealth-fraud/
Attorney General Hanaway Obtains Medicaid Fraud Conviction Against Couple Lying About Marital Status To Steal Funds,2026-02-03,Attorney General Hanaway Obtains Medicaid Fraud Conviction Against Couple Lying About Marital Status To Steal Funds,https://oig.hhs.gov/fraud/enforcement/attorney-general-hanaway-obtains-medicaid-fraud-conviction-against-couple-lying-about-marital-status-to-steal-funds/
Former NFL Player Convicted for $197M Medicare Fraud,2026-02-03,Former NFL Player Convicted for $197M Medicare Fraud,https://oig.hhs.gov/fraud/enforcement/former-nfl-player-convicted-for-197m-medicare-fraud/
Delafield Man Sentenced to 18 Months’ Imprisonment for Conspiracy to Pay Health Care Kickbacks,2026-02-03,Delafield Man Sentenced to 18 Months’ Imprisonment for Conspiracy to Pay Health Care Kickbacks,https://oig.hhs.gov/fraud/enforcement/delafield-man-sentenced-to-18-months-imprisonment-for-conspiracy-to-pay-health-care-kickbacks/
Brooklyn Banker Pleads Guilty to Laundering Proceeds of Medicare Fraud for Transnational Criminal Organization,2026-02-03,Brooklyn Banker Pleads Guilty to Laundering Proceeds of Medicare Fraud for Transnational Criminal Organization,https://oig.hhs.gov/fraud/enforcement/brooklyn-banker-pleads-guilty-to-laundering-proceeds-of-medicare-fraud-for-transnational-criminal-organization/
MultiCare Health System to Pay Millions to Settle Fraud Case,2026-02-04,MultiCare Health System to Pay Millions to Settle Fraud Case,https://oig.hhs.gov/fraud/enforcement/multicare-health-system-to-pay-millions-to-settle-fraud-case/
Houston Transplant Doctor Indicted For Making False Statements In Patients’ Medical Records,2026-02-05,Houston Transplant Doctor Indicted For Making False Statements In Patients’ Medical Records,https://oig.hhs.gov/fraud/enforcement/houston-transplant-doctor-indicted-for-making-false-statements-in-patients-medical-records/
